HOTEL,ANIO,MES,ESCENARIO,RN,HABITACIONES,ROOMS_REV_ALOJAMIENTO,ROOMS_REV_UPGRADES,ROOMS_REV_OTROS,ROOMS_REVENUE,FOOD_REVENUE,BEVERAGE_REVENUE,BANQUETS_REVENUE,FB_PENSION,DAY_PASS,FB_REVENUE,OTHER_DEPT_REVENUE,MISC_INCOME,OPERATING_REVENUE,AR,ROOMS_PERSONNEL,ROOMS_OTHER_EXPENSES,ROOMS_OPEX,FOOD_COST,BEVERAGE_COST,FB_COST,FB_PERSONNEL,FB_OTHER_EXPENSES,FB_OPEX,OPERATING_EXPENSES,ROOMS_PROFIT,FB_PROFIT,TOTAL_DEPT_PROFIT,UNDISTRIB_OPEX,GOP
Hotel Alhambra,2025,1,BUDGET,18428,20882,5327177.62,120876.32,1759.76,5449813.70,28334.13,6528.31,0.00,1765922.53,25433.21,1826218.18,48861.00,10186.24,7335079.12,398.04,-220886.50,-550134.80,-771021.30,-671761.67,-256859.32,-928620.99,-441504.22,-89754.22,-1459879.43,-2230900.73,4678792.40,366338.75,5104178.39,-1776453.67,3327724.72
Hotel Alhambra,2025,1,REAL,17763,19260,4606182.16,110647.76,28182.95,4745012.87,160605.13,729.83,0.00,1633482.52,23673.42,1818490.90,66640.00,8341.30,6638485.07,373.72,-203515.19,-557470.98,-760986.18,-527721.59,-210872.04,-738593.63,-392120.05,-71984.60,-1202698.28,-1963684.46,3984026.69,615792.62,4674800.61,-1375963.32,3298837.29
Hotel Alhambra,2025,2,BUDGET,16465,22707,4058131.90,107370.64,870.36,4166372.90,15113.65,4108.60,0.00,1741427.46,8774.02,1769423.74,52999.59,12263.05,6001059.27,364.48,-247146.86,-518478.65,-765625.51,-591088.31,-227409.10,-818497.41,-483422.38,-89145.55,-1391065.33,-2156690.84,3400747.39,378358.41,3844368.43,-1861579.51,1982788.92
Hotel Alhambra,2025,2,REAL,15389,19411,3480297.31,56990.29,16894.97,3554182.56,19274.59,291.03,0.00,1503585.07,10573.00,1533723.70,61718.61,9189.99,5158814.86,335.23,-201573.91,-546445.60,-748019.52,-543720.87,-201419.53,-745140.40,-448643.17,-80014.63,-1273798.19,-2021817.71,2806163.05,259925.51,3136997.15,-1324902.73,1812094.41
Hotel Alhambra,2025,3,BUDGET,16626,23112,2968584.16,90735.73,1405.08,3060724.97,15648.69,3140.80,0.00,1555300.64,10298.82,1584388.95,154256.29,11274.09,4810644.30,289.35,-227736.05,-413276.25,-641012.30,-543671.24,-210278.84,-753950.07,-445228.80,-71085.87,-1270264.74,-1911277.04,2419712.67,314124.20,2899367.26,-1683670.69,1215696.57
Hotel Alhambra,2025,3,REAL,14074,18044,2561052.14,37370.79,3889.29,2602312.22,15200.65,348.79,0.00,1219328.50,20774.72,1255652.65,129566.15,8454.35,3995985.37,283.92,-164792.09,-353900.55,-518692.64,-399973.27,-162179.76,-562153.03,-334265.93,-59212.87,-955631.84,-1474324.48,2083619.58,300020.81,2521660.89,-1295930.38,1225730.51
Hotel Alhambra,2025,4,BUDGET,14490,20012,2771981.50,70667.34,1022.44,2843671.28,10154.78,2427.66,0.00,1149219.80,7251.30,1169053.54,91467.57,10087.34,4114279.73,283.93,-203298.22,-323209.55,-526507.77,-485222.33,-187338.63,-672560.96,-397653.89,-63004.62,-1133219.47,-1659727.24,2317163.51,35834.06,2454552.49,-1406084.81,1048467.68
Hotel Alhambra,2025,4,REAL,12994,18050,2302381.15,19832.78,1992.34,2324206.27,-6701.06,578.12,0.00,1188787.90,14932.43,1197597.39,139566.91,8754.43,3670125.00,282.45,-189889.55,-311681.06,-501570.60,-407970.40,-142084.86,-550055.26,-363362.48,-49689.35,-963107.09,-1464677.69,1822635.66,234490.30,2205447.30,-1192348.54,1013098.77
Hotel Alhambra,2025,5,BUDGET,10933,15814,1874044.53,65145.08,1572.56,1940762.17,10829.23,3076.30,0.00,849692.07,5822.22,869419.82,53901.74,7713.85,2871797.58,262.66,-165388.98,-230049.95,-395438.93,-356082.36,-137658.55,-493740.91,-324495.00,-48215.45,-866451.36,-1261890.28,1545323.24,2968.46,1609907.29,-1075219.60,534687.70
Hotel Alhambra,2025,5,REAL,12651,20477,2022323.64,37448.57,908.03,2060680.24,12889.54,352.16,0.00,1025608.10,11164.42,1050014.21,80807.04,9663.38,3201164.87,253.03,-190498.41,-300793.28,-491291.69,-423868.41,-135835.96,-559704.37,-378861.95,-79760.35,-1018326.66,-1509618.36,1569388.55,31687.55,1691546.52,-1384553.87,306992.64
Hotel Alhambra,2025,6,BUDGET,11607,18443,2043223.69,67046.56,949.39,2111219.64,15363.72,3906.09,0.00,875712.25,5770.00,900752.05,37409.86,9296.18,3058677.73,263.51,-193308.49,-274493.50,-467801.99,-392802.17,-153974.09,-546776.26,-376282.84,-53808.70,-976867.80,-1444669.79,1643417.64,-76115.75,1614007.94,-1265591.54,348416.40
Hotel Alhambra,2025,6,REAL,13343,20993,2326134.89,70158.85,1169.40,2397463.15,12374.06,944.55,0.00,1006656.26,6571.08,1026545.96,57019.83,10127.25,3491156.19,261.65,-207094.96,-262185.48,-469280.44,-424328.38,-156225.85,-580554.23,-413685.78,-65447.63,-1059687.64,-1528968.08,1928182.71,-33141.68,1962188.11,-1425543.27,536644.84
Hotel Alhambra,2025,7,BUDGET,17578,24126,4140481.54,142000.22,3200.46,4285682.22,20084.63,6841.01,0.00,1648975.56,21532.84,1697434.05,66386.18,11768.57,6061271.01,344.83,-252324.21,-496183.76,-748507.98,-666455.01,-257766.15,-924221.16,-495062.88,-94414.42,-1513698.47,-2262206.44,3537174.24,183735.58,3799064.57,-1760681.70,2038382.87
Hotel Alhambra,2025,7,REAL,15100,21085,3405991.81,98420.49,16098.71,3520511.02,27632.50,742.47,-495.40,1451439.05,13770.05,1493088.66,61702.73,14855.74,5090158.15,337.10,-185465.30,-405449.55,-590914.85,-532197.27,-190867.50,-723064.76,-359288.05,-87347.01,-1169699.82,-1760614.68,2929596.16,323388.83,3329543.47,-1531270.03,1798273.44
Hotel Alhambra,2025,8,BUDGET,15875,22910,2664866.89,120110.18,3039.61,2788016.68,20033.53,4603.24,0.00,1310021.11,19028.21,1353686.08,112851.35,11175.20,4265729.31,268.71,-240117.81,-342766.67,-582884.48,-516884.06,-204270.64,-721154.71,-470886.88,-70081.60,-1262123.19,-1845007.67,2205132.20,91562.89,2420721.64,-1553894.47,866827.17
Hotel Alhambra,2025,8,REAL,16318,23518,2813662.63,85894.81,6975.32,2906532.77,53337.04,713.63,-243.79,1482899.81,13537.19,1550243.89,124721.08,13787.46,4595285.19,281.61,-331311.66,-382897.44,-714209.10,-541036.50,-197373.41,-738409.91,-525835.86,-73169.27,-1337415.05,-2051624.15,2192323.67,212828.84,2543661.04,-1844784.70,698876.34
Hotel Alhambra,2025,9,BUDGET,14516,20405,2770884.87,105561.41,1435.62,2877881.91,19184.16,4606.25,0.00,1207245.13,11560.00,1242595.53,145568.34,10285.14,4276330.92,294.59,-223216.32,-364115.42,-587331.74,-498272.91,-190735.20,-689008.11,-439498.15,-72561.24,-1201067.50,-1788399.24,2290550.17,41528.03,2487931.69,-1448832.87,1039098.82
Hotel Alhambra,2025,9,REAL,15493,20993,3078694.05,73651.64,1886.47,3154232.17,-4053.10,719.54,1085.34,1288444.24,12617.83,1298813.86,84794.42,12859.96,4550700.40,293.74,-247901.83,-267542.79,-515444.62,-525173.10,-184625.41,-709798.51,-451048.47,-66472.65,-1227319.63,-1742764.24,2638787.55,71494.23,2807936.16,-1511927.18,1296008.97
Hotel Alhambra,2025,10,BUDGET,12721,18247,2341359.39,85580.89,945.89,2427886.17,20469.65,8228.05,0.00,1068065.52,14403.51,1111166.73,128452.40,8900.60,3676405.90,289.01,-186880.30,-326175.00,-513055.30,-439729.64,-169149.38,-608879.02,-366379.43,-62090.62,-1037349.06,-1550404.36,1914830.87,73817.67,2126001.54,-1257876.83,868124.70
Hotel Alhambra,2025,10,REAL,13788,19463,2950015.10,63645.70,751.67,3014412.47,50394.02,1576.04,-885.86,1157623.24,18360.97,1227068.41,157498.76,10729.49,4409709.13,319.83,-227936.28,-365332.09,-593268.37,-430908.39,-165268.17,-596176.56,-401208.21,-70910.20,-1068294.97,-1661563.34,2421144.09,158773.44,2748145.79,-1474378.43,1273767.36
Hotel Alhambra,2025,11,BUDGET,13091,19031,2397682.51,83552.56,987.41,2482222.48,17889.56,7433.68,0.00,1129266.59,10512.81,1165102.63,124461.91,9592.87,3781379.89,288.86,-201858.22,-336402.56,-538260.78,-439176.77,-169294.78,-608471.55,-395549.58,-76908.55,-1080929.68,-1619190.47,1943961.70,84172.95,2162189.43,-1367345.14,794844.29
Hotel Alhambra,2025,11,REAL,14155,19816,2830104.84,75231.24,888.93,2906225.02,113935.67,951.69,-203.55,1221098.12,22571.52,1358353.45,174921.67,11381.45,4450881.58,314.44,-257439.16,-479371.47,-736810.63,-455387.34,-181099.46,-636486.80,-426792.30,-71645.35,-1134924.45,-1871735.08,2169414.38,223429.01,2579146.50,-1800941.14,778205.36
Hotel Alhambra,2025,12,BUDGET,19470,25545,5039092.79,148215.03,1884.39,5189192.22,26013.97,6572.60,0.00,1588179.61,48590.54,1669356.72,92070.44,12460.84,6963080.22,357.64,-270848.89,-608083.63,-878932.52,-754676.51,-285320.24,-1039996.75,-545729.66,-146458.16,-1732184.58,-2611117.09,4310259.70,-62827.86,4351963.12,-2122268.79,2229694.33
Hotel Alhambra,2025,12,REAL,18934,24329,5324113.39,168917.96,695.70,5493727.05,-84849.46,2808.42,1411.79,1544447.22,80556.26,1544374.24,148016.99,14143.56,7200261.84,380.29,-284007.38,390728.68,106721.29,-724531.68,-298885.54,-1023417.22,-505474.08,-196872.48,-1725763.78,-1619042.48,5600448.35,-181389.54,5581219.36,-2261498.02,3319721.34
Hotel Alhambra,2026,1,BUDGET,19597,21896,6143674.37,121640.04,7813.07,6273127.47,36444.84,3376.96,0.00,1890838.76,35234.42,1965894.98,82808.69,11900.12,8333731.26,425.26,-265654.06,-600229.11,-865883.17,-736724.07,-274202.98,-1010927.05,-482244.51,-101488.28,-1594659.84,-2460543.00,5407244.31,371235.15,5873188.26,-1872737.13,4000451.13
Hotel Alhambra,2026,1,REAL,21631,24532,6994363.56,129785.25,2524.10,7126672.91,102210.38,1761.38,220.63,2110602.90,56000.60,2270795.90,121282.66,15140.96,9533892.43,440.75,-332320.22,-792528.52,-1124848.74,-779921.51,-283646.18,-1063567.69,-684015.57,-99871.40,-1847454.66,-2972303.40,6001824.17,423341.24,6561589.03,-2090088.10,4471500.93
Hotel Alhambra,2026,2,BUDGET,12028,14283,3051250.02,70155.46,6543.22,3127948.70,17652.04,4419.74,0.00,1266318.55,10073.46,1298463.79,43164.12,8594.53,4478171.13,372.30,-187311.34,-360341.41,-547652.74,-423710.92,-155831.30,-579542.23,-338406.93,-65490.57,-983439.73,-1531092.47,2580295.95,315024.06,2947078.66,-1241259.52,1705819.14
Hotel Alhambra,2026,2,REAL,18551,20876,5146885.63,102964.50,607.48,5250457.62,33082.96,769.90,-642.53,1744843.39,27627.99,1805681.72,99964.83,14156.44,7170260.61,386.51,-316822.30,-693787.12,-1010609.42,-653411.61,-211655.01,-865066.62,-506496.09,-63221.12,-1434783.83,-2445393.25,4239848.20,370897.88,4724867.36,-1856094.08,2868773.28
Hotel Alhambra,2026,3,BUDGET,13027,15611,2414136.18,43474.07,8226.67,2465836.91,15672.41,3295.94,0.00,1201529.43,16643.65,1237141.43,96372.53,8484.34,3807835.21,292.31,-181963.60,-303956.37,-485919.97,-402199.01,-147211.46,-549410.48,-329043.38,-58922.25,-937376.11,-1423296.08,1979916.94,299765.32,2384539.13,-1226278.47,1158260.66
Hotel Alhambra,2026,3,REAL,23185,26153,4822401.13,88792.26,947.60,4912140.99,42335.83,2963.44,2341.57,2058725.91,20391.96,2126758.71,244151.81,15015.43,7298066.94,314.77,-310006.18,-670562.34,-980568.53,-790590.66,-253165.48,-1043756.14,-553755.02,-109828.77,-1707339.94,-2687908.46,3931572.46,419418.77,4610158.48,-2264129.63,2346028.84
Hotel Alhambra,2026,4,BUDGET,13280,16677,2620410.67,40481.02,7521.63,2668413.32,17227.38,1423.06,0.00,1275731.54,17883.02,1312265.01,81711.84,9365.83,4071756.00,306.60,-211909.30,-318292.25,-530201.55,-413693.07,-152257.07,-565950.13,-372194.29,-63572.18,-1001716.61,-1531918.15,2138211.77,310548.41,2539837.85,-1312563.37,1227274.48
Hotel Alhambra,2026,4,REAL,0,0,2376625.86,66073.78,1652.47,2444352.10,20687.67,600.90,947.72,810492.78,11267.75,843996.83,107894.00,469.15,3396712.07,,-15573.51,-122591.50,-138165.01,-347936.22,-131699.01,-479635.23,-27321.44,-38956.02,-545912.69,-684077.70,2306187.09,298084.14,2712634.37,-426020.75,2286613.62
Hotel Alhambra,2026,5,BUDGET,14236,21693,2454385.96,73273.94,6886.84,2534546.74,20066.06,1834.39,0.00,1211813.02,11855.85,1245569.33,70337.77,11789.93,3862243.76,271.29,-258222.67,-323230.83,-581453.49,-457505.95,-168664.19,-626170.14,-445911.58,-78150.45,-1150232.17,-1731685.66,1953093.25,95337.16,2130558.11,-1550593.37,579964.73
Hotel Alhambra,2026,5,REAL,0,0,0.00,0.00,0.00,0.00,0.00,0.00,0.00,0.00,0.00,0.00,0.00,0.00,0.00,,0.00,0.00,0.00,0.00,0.00,0.00,0.00,0.00,0.00,0.00,0.00,0.00,0.00,0.00,0.00
Hotel Alhambra,2026,6,BUDGET,12051,18443,2255225.99,83582.88,3904.36,2342713.24,12769.20,2696.44,0.00,819909.46,7692.64,843067.73,42044.05,10357.51,3238182.53,268.71,-225630.30,-271639.02,-497269.32,-411028.20,-152152.78,-563180.98,-385184.33,-64891.69,-1013256.99,-1510526.31,1845443.91,-170189.26,1727656.22,-1338487.46,389168.75
Hotel Alhambra,2026,6,REAL,0,0,0.00,0.00,0.00,0.00,0.00,0.00,0.00,0.00,0.00,0.00,0.00,0.00,0.00,,0.00,0.00,0.00,0.00,0.00,0.00,0.00,0.00,0.00,0.00,0.00,0.00,0.00,0.00,0.00
Hotel Alhambra,2026,7,BUDGET,20170,25951,4565213.58,159854.45,16696.95,4741764.99,31012.58,11096.58,0.00,2314172.77,17287.15,2373569.08,87547.37,14103.84,7216985.28,357.80,-311835.18,-559045.51,-870880.69,-743545.74,-271140.18,-1014685.92,-547850.86,-109553.43,-1672090.21,-2542970.90,3870884.29,701478.87,4674014.38,-2034190.84,2639823.55
Hotel Alhambra,2026,7,REAL,0,0,0.00,0.00,0.00,0.00,0.00,0.00,0.00,0.00,0.00,0.00,0.00,0.00,0.00,,0.00,0.00,0.00,0.00,0.00,0.00,0.00,0.00,0.00,0.00,0.00,0.00,0.00,0.00,0.00
Hotel Alhambra,2026,8,BUDGET,14752,19869,2587436.71,90486.51,8733.39,2686656.60,20807.97,6696.54,0.00,1407637.31,12818.00,1447959.82,117488.91,10798.26,4262903.60,288.97,-242860.92,-339645.17,-582506.09,-479572.81,-177761.72,-657334.53,-428214.32,-72349.68,-1157898.53,-1740404.62,2104150.51,290061.29,2522498.97,-1479585.31,1042913.66
Hotel Alhambra,2026,8,REAL,0,0,0.00,0.00,0.00,0.00,0.00,0.00,0.00,0.00,0.00,0.00,0.00,0.00,0.00,,0.00,0.00,0.00,0.00,0.00,0.00,0.00,0.00,0.00,0.00,0.00,0.00,0.00,0.00,0.00
Hotel Alhambra,2026,9,BUDGET,12553,16285,2555517.15,76184.73,7515.03,2639216.91,14477.75,4635.59,0.00,1095951.13,12764.51,1127828.97,92500.92,9145.46,3868692.27,308.19,-202289.68,-301002.62,-503292.31,-428718.18,-160066.01,-588784.20,-355818.79,-60152.54,-1004755.52,-1508047.83,2135924.61,123073.45,2360644.44,-1261527.44,1099117.00
Hotel Alhambra,2026,9,REAL,0,0,0.00,0.00,0.00,0.00,0.00,0.00,0.00,0.00,0.00,0.00,0.00,0.00,0.00,,0.00,0.00,0.00,0.00,0.00,0.00,0.00,0.00,0.00,0.00,0.00,0.00,0.00,0.00,0.00
Hotel Alhambra,2026,10,BUDGET,13085,17638,2755535.82,70529.94,7100.71,2833166.47,21891.95,6776.94,0.00,1130279.75,15956.10,1174904.74,101532.85,9586.21,4119190.26,314.81,-211537.73,-316825.35,-528363.09,-461194.55,-176921.20,-638115.75,-372006.42,-68951.12,-1079073.29,-1607436.38,2304803.38,95831.45,2511753.88,-1341535.70,1170218.18
Hotel Alhambra,2026,10,REAL,0,0,0.00,0.00,0.00,0.00,0.00,0.00,0.00,0.00,0.00,0.00,0.00,0.00,0.00,,0.00,0.00,0.00,0.00,0.00,0.00,0.00,0.00,0.00,0.00,0.00,0.00,0.00,0.00,0.00
Hotel Alhambra,2026,11,BUDGET,14719,20012,2986300.41,90286.88,8956.21,3085543.51,27625.54,8838.22,0.00,1294847.61,17968.85,1349280.23,92595.69,11239.00,4538658.42,308.36,-248009.76,-356425.86,-604435.61,-532272.94,-192337.53,-724610.47,-436145.46,-81339.21,-1242095.14,-1846530.76,2481107.89,107185.08,2692127.67,-1527256.12,1164871.55
Hotel Alhambra,2026,11,REAL,0,0,0.00,0.00,0.00,0.00,0.00,0.00,0.00,0.00,0.00,0.00,0.00,0.00,0.00,,0.00,0.00,0.00,0.00,0.00,0.00,0.00,0.00,0.00,0.00,0.00,0.00,0.00,0.00,0.00
Hotel Alhambra,2026,12,BUDGET,16982,22099,4956247.54,92064.63,9420.38,5057732.56,39347.94,10287.40,0.00,1456405.02,33944.73,1539985.08,64182.80,12010.30,6673910.74,392.99,-266223.98,-491518.70,-757742.67,-709495.70,-227331.18,-936826.88,-482916.05,-133028.03,-1552770.96,-2310513.64,4299989.88,-12785.88,4363397.11,-1973981.05,2389416.06
Hotel Alhambra,2026,12,REAL,0,0,0.00,0.00,0.00,0.00,0.00,0.00,0.00,0.00,0.00,0.00,0.00,0.00,0.00,,0.00,0.00,0.00,0.00,0.00,0.00,0.00,0.00,0.00,0.00,0.00,0.00,0.00,0.00,0.00
Hotel Aurora,2025,1,BUDGET,0,0,0.00,0.00,0.00,0.00,0.00,0.00,0.00,0.00,0.00,0.00,0.00,0.00,0.00,,0.00,-5160.87,-5160.87,0.00,0.00,0.00,-6656.27,-6850.69,-13506.96,-18667.83,-5160.87,-13506.96,-18667.83,-109823.69,-128491.52
Hotel Aurora,2025,1,REAL,0,0,0.00,0.00,0.00,0.00,0.00,0.00,0.00,0.00,0.00,0.00,0.00,349.52,349.52,,0.00,-6008.01,-6008.01,-101.30,-180.42,-281.72,-6449.70,-6735.40,-13466.82,-19474.83,-6008.01,-13466.82,-19125.31,-77653.91,-96779.22
Hotel Aurora,2025,2,BUDGET,0,0,0.00,0.00,0.00,0.00,0.00,0.00,0.00,0.00,0.00,0.00,0.00,0.00,0.00,,120.52,-4795.96,-4675.44,0.00,0.00,0.00,-6185.62,-6366.30,-12551.92,-17227.36,-4675.44,-12551.92,-17227.36,-125725.71,-142953.07
Hotel Aurora,2025,2,REAL,0,0,0.00,0.00,0.00,0.00,0.00,0.00,0.00,0.00,0.00,0.00,0.00,0.00,0.00,,0.00,-7264.26,-7264.26,3292.74,0.00,3292.74,-8444.46,-8484.21,-13635.93,-20900.19,-7264.26,-13635.93,-20900.19,-163273.75,-184173.94
Hotel Aurora,2025,3,BUDGET,0,0,0.00,0.00,0.00,0.00,0.00,0.00,0.00,0.00,0.00,0.00,0.00,0.00,0.00,,-8688.08,-7603.51,-16291.59,0.00,0.00,0.00,-16056.98,-10067.13,-26124.11,-42415.70,-16291.59,-26124.11,-42415.70,-206816.31,-249232.02
Hotel Aurora,2025,3,REAL,0,0,0.00,0.00,0.00,0.00,0.00,0.00,0.00,0.00,0.00,0.00,99.17,0.00,99.17,,-7765.52,-940.37,-8705.89,0.00,1059.38,1059.38,-9283.46,-5361.32,-13585.41,-22291.30,-8705.89,-13585.41,-22192.13,-101219.77,-123411.89
Hotel Aurora,2025,4,BUDGET,694,1733,176211.21,948.90,0.00,177160.11,34930.13,21715.86,2563.57,18030.39,0.00,77239.95,12923.29,0.00,267323.35,385.35,-95724.01,-38714.80,-134438.81,-20859.47,-10202.70,-31062.16,-80807.02,-24664.82,-136534.01,-270972.82,42721.30,-59294.05,-3649.46,-216347.55,-219997.01
Hotel Aurora,2025,4,REAL,1609,2452,416944.21,4667.41,0.00,421611.62,49167.86,40468.20,0.00,55238.81,0.00,144874.87,22227.61,2988.30,591702.39,367.76,-141661.20,-81326.57,-222987.76,-35436.07,-24237.49,-59673.57,-100434.02,-14643.21,-174750.80,-397738.56,198623.85,-29875.93,193963.83,-289088.92,-95125.09
Hotel Aurora,2025,5,BUDGET,4710,6038,1634280.89,33448.31,0.00,1667729.20,254077.95,187556.82,45666.21,131890.36,0.00,619191.35,103562.97,3483.39,2393966.91,508.30,-283436.48,-255444.18,-538880.67,-100001.92,-58435.40,-158437.31,-387304.20,-21154.75,-566896.26,-1105776.93,1128848.53,52295.09,1288189.98,-430195.03,857994.96
Hotel Aurora,2025,5,REAL,3218,4213,1011767.89,9995.09,0.00,1021762.97,90332.69,104843.78,105683.06,98160.92,0.00,399020.45,55741.63,3261.60,1479786.64,459.92,-187151.55,-147383.43,-334534.99,-66145.74,-31430.67,-97576.42,-245447.87,-9291.30,-352315.59,-686850.58,687227.99,46704.85,792936.06,-307515.18,485420.89
Hotel Aurora,2025,6,BUDGET,3045,3760,1630759.51,28625.54,0.00,1659385.05,191205.39,157335.73,28733.43,89818.04,0.00,467092.58,70138.13,0.00,2196615.76,721.32,-213237.60,-258923.31,-472160.91,-70861.73,-43949.17,-114810.90,-265914.39,-13577.33,-394302.61,-866463.53,1187224.13,72789.97,1330152.23,-295724.24,1034427.99
Hotel Aurora,2025,6,REAL,3217,3805,1393978.76,17075.71,0.00,1411054.47,127701.40,134795.21,37517.47,96440.19,0.00,396454.27,62328.59,188.16,1870025.49,581.26,-214720.14,-239217.58,-453937.71,-69630.99,-34541.50,-104172.49,-249865.36,-14637.39,-368675.24,-822612.95,957116.76,27779.04,1047412.54,-306372.94,741039.60
Hotel Aurora,2025,7,BUDGET,4778,5524,3130668.49,33831.00,0.00,3164499.48,370809.75,297139.40,32279.07,142138.21,0.00,842366.44,103263.13,1163.01,4111292.06,860.50,-320440.97,-454538.59,-774979.56,-126127.93,-83100.25,-209228.18,-391154.71,-18757.48,-619140.37,-1394119.93,2389519.92,223226.06,2717172.12,-449983.07,2267189.05
Hotel Aurora,2025,7,REAL,3072,3604,1731993.93,16163.61,0.00,1748157.54,170546.50,137327.86,9499.00,92107.51,0.00,409480.87,58496.78,1297.08,2217432.27,721.93,-216109.29,-280038.82,-496148.11,-73184.40,-31574.36,-104758.76,-245725.50,-19635.64,-370119.90,-866268.01,1252009.44,39360.97,1351164.26,-292626.54,1058537.72
Hotel Aurora,2025,8,BUDGET,3828,4400,2504158.69,36075.25,0.00,2540233.94,278541.37,223450.30,0.00,117802.11,0.00,619793.78,85977.28,0.00,3246005.00,848.03,-256488.54,-360823.70,-617312.23,-93987.29,-60228.79,-154216.08,-311597.82,-14449.53,-480263.43,-1097575.66,1922921.71,139530.35,2148429.34,-359887.13,1788542.20
Hotel Aurora,2025,8,REAL,3272,3792,1825138.36,11429.42,0.00,1836567.77,178221.68,146192.93,3055.91,109072.79,0.00,436543.32,70128.43,4152.38,2347391.91,717.33,-231881.95,-257101.71,-488983.66,-73937.91,-33927.51,-107865.42,-266778.22,-12922.71,-387566.35,-876550.01,1347584.11,48976.97,1470841.89,-298637.13,1172204.77
Hotel Aurora,2025,9,BUDGET,2790,3488,1313634.51,25190.34,0.00,1338824.84,180645.82,136440.66,20060.44,81605.49,0.00,418752.41,70761.85,6389.08,1834728.19,657.50,-185947.20,-201243.31,-387190.51,-68076.22,-38415.62,-106491.84,-233310.49,-8971.54,-348773.87,-735964.39,951634.33,69978.54,1098763.80,-294352.27,804411.53
Hotel Aurora,2025,9,REAL,2578,3398,1047124.55,9167.99,0.00,1056292.53,98293.76,88730.92,42799.08,75577.52,0.00,305401.27,54938.00,168.00,1416799.80,549.63,-181304.30,-181546.65,-362850.95,-53050.26,-22071.32,-75121.58,-206119.44,-9466.03,-290707.04,-653557.99,693441.59,14694.23,763241.81,-225712.34,537529.48
Hotel Aurora,2025,10,BUDGET,1961,3017,579603.20,15435.18,0.00,595038.38,74749.85,51258.42,26026.47,57842.05,0.00,209876.79,57830.09,916.86,863662.12,440.34,-211464.91,-96800.09,-308265.00,-36362.13,-21141.58,-57503.71,-242826.27,-9638.16,-309968.14,-618233.14,286773.38,-100091.35,245428.98,-294992.76,-49563.77
Hotel Aurora,2025,10,REAL,1866,2490,513765.49,7313.48,0.00,521078.97,65582.13,58749.29,8280.27,50071.38,0.00,182683.07,35450.86,133.18,739346.08,396.16,-135335.72,-111432.72,-246768.44,-39354.06,-16958.75,-56312.82,-152924.94,-17898.14,-227135.90,-473904.33,274310.53,-44452.83,265441.74,-224360.62,41081.12
Hotel Aurora,2025,11,BUDGET,0,0,0.00,0.00,0.00,0.00,0.00,0.00,0.00,0.00,0.00,0.00,0.00,0.00,0.00,,-3473.94,-4639.57,-8113.51,0.00,0.00,0.00,-5879.54,-7493.70,-13373.24,-21486.75,-8113.51,-13373.24,-21486.75,-105642.39,-127129.15
Hotel Aurora,2025,11,REAL,0,0,-1706.22,0.00,0.00,-1706.22,0.00,0.00,0.00,0.00,0.00,0.00,774.64,5137.90,4206.32,,-2491.26,-29084.02,-31575.28,3782.99,-101.82,3681.17,-12802.39,-9803.88,-18925.10,-50500.38,-33281.50,-18925.10,-46294.06,-160587.17,-206881.23
Hotel Aurora,2025,12,BUDGET,0,0,0.00,0.00,0.00,0.00,0.00,0.00,0.00,0.00,0.00,0.00,0.00,0.00,0.00,,0.00,-5838.56,-5838.56,0.00,0.00,0.00,-7545.70,-7750.28,-15295.97,-21134.53,-5838.56,-15295.97,-21134.53,-120295.85,-141430.38
Hotel Aurora,2025,12,REAL,0,0,3135.52,0.00,0.00,3135.52,0.00,0.00,0.00,0.00,0.00,0.00,0.00,46012.45,49147.97,,3394.80,-16463.06,-13068.26,-247.08,-1969.10,-2216.18,-8522.22,-10670.89,-21409.30,-34477.56,-9932.75,-21409.30,14670.41,-91913.28,-77242.87
Hotel Aurora,2026,1,BUDGET,0,0,0.00,0.00,0.00,0.00,0.00,0.00,0.00,0.00,0.00,0.00,0.00,0.00,0.00,,0.00,-4230.38,-4230.38,0.00,0.00,0.00,-8103.53,-6442.59,-14546.12,-18776.51,-4230.38,-14546.12,-18776.51,-102537.72,-121314.22
Hotel Aurora,2026,1,REAL,0,0,0.00,0.00,0.00,0.00,0.00,0.00,0.00,0.00,0.00,0.00,0.00,0.00,0.00,,0.00,-6009.90,-6009.90,621.14,0.00,621.14,-6279.32,-8136.44,-13794.62,-19804.52,-6009.90,-13794.62,-19804.52,-100489.65,-120294.17
Hotel Aurora,2026,2,BUDGET,0,0,0.00,0.00,0.00,0.00,0.00,0.00,0.00,0.00,0.00,0.00,0.00,0.00,0.00,,151.96,-4747.30,-4595.34,0.00,0.00,0.00,-13041.30,-7232.37,-20273.68,-24869.01,-4595.34,-20273.68,-24869.01,-154637.00,-179506.01
Hotel Aurora,2026,2,REAL,0,0,0.00,0.00,0.00,0.00,0.00,0.00,0.00,0.00,0.00,0.00,0.00,0.00,0.00,,0.00,-5037.29,-5037.29,0.00,0.00,0.00,-3914.41,-7501.38,-11415.79,-16453.08,-5037.29,-11415.79,-16453.08,-99102.91,-115555.99
Hotel Aurora,2026,3,BUDGET,0,0,0.00,0.00,0.00,0.00,0.00,0.00,0.00,0.00,0.00,0.00,0.00,0.00,0.00,,-8326.68,-3913.38,-12240.06,0.00,0.00,0.00,-21202.75,-5903.70,-27106.45,-39346.51,-12240.06,-27106.45,-39346.51,-170987.82,-210334.33
Hotel Aurora,2026,3,REAL,0,0,2406.31,0.00,0.00,2406.31,0.00,0.00,0.00,0.00,0.00,0.00,0.00,0.00,2406.31,,-10347.68,-10844.40,-21192.07,-276.63,-69.94,-346.57,-28756.94,-10046.96,-39150.47,-60342.54,-18785.76,-39150.47,-57936.23,-211048.71,-268984.94
Hotel Aurora,2026,4,BUDGET,592,1184,161606.67,2747.42,0.00,164354.09,23421.13,19717.68,10245.45,18943.63,0.00,72327.89,6351.08,11566.11,254599.17,430.12,-117979.04,-38917.20,-156896.24,-19510.43,-10068.89,-29579.32,-103730.88,-22964.07,-156274.27,-313170.52,7457.84,-83946.39,-58571.35,-284588.20,-343159.55
Hotel Aurora,2026,4,REAL,0,0,0.00,0.00,0.00,0.00,0.00,0.00,0.00,0.00,0.00,0.00,0.00,0.00,0.00,,0.00,-30114.94,-30114.94,-14844.82,-5205.24,-20050.06,0.00,-9919.40,-29969.46,-60084.40,-30114.94,-29969.46,-60084.40,-51821.38,-111905.77
Hotel Aurora,2026,5,BUDGET,4469,6038,1440306.54,22210.36,0.00,1462516.89,165517.84,193184.88,113702.95,135578.10,0.00,607983.77,32715.78,15224.77,2118441.21,474.08,-327801.97,-268116.88,-595918.85,-107194.26,-52401.24,-159595.49,-405413.72,-22221.04,-587230.26,-1183149.11,866598.04,20753.52,935292.10,-467891.58,467400.53
Hotel Aurora,2026,5,REAL,0,0,0.00,0.00,0.00,0.00,0.00,0.00,0.00,0.00,0.00,0.00,0.00,0.00,0.00,,0.00,0.00,0.00,0.00,0.00,0.00,0.00,-124.92,-124.92,-124.92,0.00,-124.92,-124.92,-18255.17,-18380.08
Hotel Aurora,2026,6,BUDGET,4240,5436,2145252.06,36003.58,0.00,2181255.64,216680.17,235171.91,213113.45,121036.74,0.00,786002.27,48617.56,14162.58,3030038.05,714.70,-342608.50,-350936.40,-693544.90,-134903.56,-62144.71,-197048.28,-403958.03,-19672.90,-620679.20,-1314224.10,1487710.74,165323.07,1715813.95,-432635.78,1283178.17
Hotel Aurora,2026,6,REAL,0,0,0.00,0.00,0.00,0.00,0.00,0.00,0.00,0.00,0.00,0.00,0.00,0.00,0.00,,0.00,0.00,0.00,0.00,0.00,0.00,0.00,-92.15,-92.15,-92.15,0.00,-92.15,-92.15,-1832.94,-1925.09
Hotel Aurora,2026,7,BUDGET,4557,5524,2993034.97,38370.53,0.00,3031405.50,326161.65,265703.86,37223.64,132296.51,0.00,761385.65,39250.82,13926.54,3845968.52,843.94,-360737.22,-436182.38,-796919.60,-133848.53,-62379.96,-196228.48,-402741.48,-21038.93,-620008.90,-1416928.49,2234485.91,141376.76,2429040.02,-467735.61,1961304.42
Hotel Aurora,2026,7,REAL,0,0,0.00,0.00,0.00,0.00,0.00,0.00,0.00,0.00,0.00,0.00,0.00,0.00,0.00,,0.00,0.00,0.00,0.00,0.00,0.00,0.00,-105.46,-105.46,-105.46,0.00,-105.46,-105.46,-2097.70,-2203.16
Hotel Aurora,2026,8,BUDGET,3514,4260,2307230.79,19639.54,0.00,2326870.33,245980.91,206155.80,30975.57,103184.49,0.00,586296.78,37450.84,10739.96,2961357.90,842.63,-278150.15,-339757.01,-617907.16,-100415.26,-48867.49,-149282.76,-311104.74,-15631.49,-476018.98,-1093926.14,1708963.17,110277.79,1867431.76,-351032.62,1516399.14
Hotel Aurora,2026,8,REAL,0,0,0.00,0.00,0.00,0.00,0.00,0.00,0.00,0.00,0.00,0.00,0.00,0.00,0.00,,0.00,0.00,0.00,0.00,0.00,0.00,0.00,-81.91,-81.91,-81.91,0.00,-81.91,-81.91,-1629.28,-1711.19
Hotel Aurora,2026,9,BUDGET,4476,5889,1938751.72,25494.73,0.00,1964246.45,222168.74,199725.00,133929.55,138094.48,0.00,693917.76,50532.56,15342.79,2724039.57,608.60,-369787.66,-320359.42,-690147.09,-116517.97,-57316.47,-173834.44,-415515.65,-16133.55,-605483.64,-1295630.73,1274099.36,88434.12,1428408.84,-445806.06,982602.78
Hotel Aurora,2026,9,REAL,0,0,0.00,0.00,0.00,0.00,0.00,0.00,0.00,0.00,0.00,0.00,0.00,0.00,0.00,,0.00,0.00,0.00,0.00,0.00,0.00,0.00,-128.00,-128.00,-128.00,0.00,-128.00,-128.00,-1425.98,-1553.98
Hotel Aurora,2026,10,BUDGET,1752,2695,513496.67,10991.37,0.00,524488.04,80006.50,72909.84,14318.18,54341.23,0.00,221575.75,17619.99,1892.26,765576.04,436.86,-184739.80,-104746.38,-289486.18,-46851.56,-17897.74,-64749.30,-233307.71,-9849.27,-307906.27,-597392.45,235001.86,-86330.52,168183.58,-292570.20,-124386.62
Hotel Aurora,2026,10,REAL,0,0,0.00,0.00,0.00,0.00,0.00,0.00,0.00,0.00,0.00,0.00,0.00,0.00,0.00,,0.00,0.00,0.00,0.00,0.00,0.00,0.00,0.00,0.00,0.00,0.00,0.00,0.00,-789.17,-789.17
Hotel Aurora,2026,11,BUDGET,0,0,0.00,0.00,0.00,0.00,0.00,0.00,0.00,0.00,0.00,0.00,0.00,0.00,0.00,,236.32,-16611.56,-16375.24,0.00,0.00,0.00,-12172.51,-6765.66,-18938.17,-35313.40,-16375.24,-18938.17,-35313.40,-98482.48,-133795.88
Hotel Aurora,2026,11,REAL,0,0,0.00,0.00,0.00,0.00,0.00,0.00,0.00,0.00,0.00,0.00,0.00,0.00,0.00,,0.00,0.00,0.00,0.00,0.00,0.00,0.00,0.00,0.00,0.00,0.00,0.00,0.00,-126.30,-126.30
Hotel Aurora,2026,12,BUDGET,0,0,0.00,0.00,0.00,0.00,0.00,0.00,0.00,0.00,0.00,0.00,0.00,0.00,0.00,,0.00,-16425.24,-16425.24,0.00,0.00,0.00,-5925.27,-5499.63,-11424.90,-27850.13,-16425.24,-11424.90,-27850.13,-88349.18,-116199.32
Hotel Aurora,2026,12,REAL,0,0,0.00,0.00,0.00,0.00,0.00,0.00,0.00,0.00,0.00,0.00,0.00,0.00,0.00,,0.00,0.00,0.00,0.00,0.00,0.00,0.00,0.00,0.00,0.00,0.00,0.00,0.00,0.00,0.00
Hotel Boreal,2025,1,BUDGET,0,0,0.00,0.00,0.00,0.00,0.00,0.00,0.00,0.00,0.00,0.00,0.00,1394.26,1394.26,,0.00,-16.60,-16.60,0.00,0.00,0.00,-6429.43,0.00,-6429.43,-6446.03,-16.60,-6429.43,-5051.77,-95410.30,-100462.07
Hotel Boreal,2025,1,REAL,0,0,0.00,0.00,0.00,0.00,0.00,0.00,0.00,0.00,0.00,0.00,0.00,37023.45,37023.45,,-33.20,24.78,-8.42,0.61,0.00,0.61,-599.74,70.67,-528.46,-536.89,-8.42,-528.46,36486.57,-94348.58,-57862.01
Hotel Boreal,2025,2,BUDGET,0,0,0.00,0.00,0.00,0.00,0.00,0.00,0.00,0.00,0.00,0.00,0.00,1831.01,1831.01,,0.00,-21.80,-21.80,0.00,0.00,0.00,-16997.20,0.00,-16997.20,-17019.00,-21.80,-16997.20,-15187.99,-162238.21,-177426.20
Hotel Boreal,2025,2,REAL,0,0,0.00,0.00,0.00,0.00,0.00,0.00,0.00,0.00,0.00,0.00,0.00,1579.04,1579.04,,0.00,-2976.29,-2976.29,-34.61,-55.38,-90.00,-13753.64,0.00,-13843.63,-16819.93,-2976.29,-13843.63,-15240.89,-154021.43,-169262.32
Hotel Boreal,2025,3,BUDGET,0,0,0.00,0.00,0.00,0.00,0.00,0.00,0.00,0.00,0.00,0.00,0.00,1528.65,1528.65,,-5008.77,-20458.26,-25467.02,0.00,0.00,0.00,-21331.52,-17637.53,-38969.05,-64436.07,-25467.02,-38969.05,-62907.43,-200087.88,-262995.31
Hotel Boreal,2025,3,REAL,0,0,-387.13,0.00,0.00,-387.13,0.00,0.00,0.00,-0.01,0.00,-0.01,0.00,-902.19,-1289.33,,-6325.37,-27650.96,-33976.34,198.98,-11.65,187.33,-26420.88,-26156.34,-52389.89,-86366.23,-34363.47,-52389.90,-87655.56,-238168.65,-325824.20
Hotel Boreal,2025,4,BUDGET,1282,2658,190945.17,4857.61,0.00,195802.78,15165.56,10407.15,12195.75,104567.00,0.00,142335.46,9205.14,1696.63,349040.01,272.33,-150901.17,-91917.70,-242818.87,-26598.45,-16625.29,-43223.74,-209751.05,-36382.77,-289357.57,-532176.44,-47016.09,-147022.11,-183136.43,-357845.86,-540982.29
Hotel Boreal,2025,4,REAL,1118,2434,119776.41,1526.47,0.00,121302.88,5466.06,4334.46,0.00,133458.75,276.00,143535.27,6244.57,5409.44,276492.17,247.35,-135919.94,-80360.15,-216280.10,-27477.73,-17975.25,-45452.98,-166030.62,-35470.20,-246953.81,-463233.90,-94977.21,-103418.53,-186741.73,-287323.59,-474065.32
Hotel Boreal,2025,5,BUDGET,8307,11073,1698218.67,36549.92,0.00,1734768.59,68975.18,45620.75,32775.00,875794.74,5934.08,1029099.75,54115.80,1595.84,2819579.98,339.43,-332750.40,-342742.07,-675492.47,-190828.74,-97715.79,-288544.53,-645835.13,-81455.77,-1015835.43,-1691327.90,1059276.12,13264.32,1128252.08,-493696.40,634555.68
Hotel Boreal,2025,5,REAL,9658,12705,1721728.84,18579.60,0.00,1740308.43,46851.76,32523.29,77318.19,1139766.86,9775.36,1306235.46,61427.48,1831.01,3109802.39,321.98,-388293.36,-283522.07,-671815.43,-246319.79,-120823.63,-367143.42,-727589.69,-57969.55,-1152702.66,-1824518.09,1068493.00,153532.80,1285284.30,-483661.32,801622.98
Hotel Boreal,2025,6,BUDGET,11813,13874,3920155.93,67333.64,0.00,3987489.57,110201.46,73618.60,28290.00,1228835.98,13042.92,1453988.95,76412.52,2066.19,5519957.23,467.28,-480508.32,-590096.97,-1070605.29,-265419.35,-135922.85,-401342.20,-899448.20,-114780.47,-1415570.88,-2486176.16,2916884.29,38418.07,3033781.07,-666821.53,2366959.54
Hotel Boreal,2025,6,REAL,10658,12408,3105762.63,29166.69,0.00,3134929.31,78311.82,49050.83,42191.27,1182296.19,7782.03,1359632.13,60039.87,1847.81,4556449.13,427.52,-443809.16,-472180.21,-915989.37,-257852.11,-120643.44,-378495.55,-784094.03,-69279.32,-1231868.89,-2147858.26,2218939.94,127763.24,2408590.87,-531222.91,1877367.95
Hotel Boreal,2025,7,BUDGET,8810,10374,3600631.81,57265.72,0.00,3657897.53,89169.38,60059.95,10235.00,879818.68,11462.13,1050745.14,54195.66,1495.05,4764333.38,540.78,-358260.92,-485406.31,-843667.23,-186286.90,-96702.61,-282989.50,-654238.30,-84741.97,-1021969.77,-1865637.00,2814230.30,28775.37,2898696.37,-527192.85,2371503.53
Hotel Boreal,2025,7,REAL,8376,10024,2857935.54,34737.06,0.00,2892672.60,93933.50,46740.48,-5884.04,946429.58,8847.06,1090066.58,44737.54,1360.48,4028837.20,480.97,-358833.06,-410416.84,-769249.89,-195472.72,-95859.97,-291332.69,-645772.61,-54864.99,-991970.29,-1761220.18,2123422.71,98096.30,2267617.02,-442917.16,1824699.87
Hotel Boreal,2025,8,BUDGET,9454,11073,3846573.52,61453.60,0.00,3908027.12,98761.12,66592.10,8003.75,957739.97,12295.28,1143392.23,58151.40,1595.84,5111166.59,540.61,-383218.56,-523490.11,-906708.67,-202722.44,-104995.18,-307717.62,-698843.92,-91542.76,-1098104.30,-2004812.97,3001318.45,45287.93,3106353.62,-555586.79,2550766.84
Hotel Boreal,2025,8,REAL,7962,8975,2846214.93,36376.27,0.00,2882591.20,80726.48,50457.28,684.83,936117.16,7738.51,1075724.27,47958.96,1218.12,4007492.55,503.34,-340059.98,-412731.22,-752791.20,-186794.93,-101053.65,-287848.58,-594055.66,-58297.14,-940201.38,-1692992.58,2129800.00,135522.89,2314499.97,-411424.99,1903074.98
Hotel Boreal,2025,9,BUDGET,8333,9588,2755148.36,48333.72,0.00,2803482.08,71781.91,47588.60,26775.00,885412.35,9183.40,1040741.26,55908.75,1427.86,3901559.95,468.18,-341252.90,-412020.40,-753273.30,-191407.52,-98243.62,-289651.14,-623173.46,-80694.60,-993519.19,-1746792.49,2050208.78,47222.07,2154767.46,-468512.28,1686255.18
Hotel Boreal,2025,9,REAL,9120,10603,2550748.33,33946.61,0.00,2584694.93,59174.60,36998.06,25213.88,1104733.06,8458.01,1234577.61,52901.21,6393.85,3878567.61,425.29,-394281.63,-362958.56,-757240.19,-219669.56,-115821.09,-335490.65,-695911.22,-45911.47,-1077313.35,-1834553.54,1827454.74,157264.27,2044014.07,-426098.91,1617915.16
Hotel Boreal,2025,10,BUDGET,8712,11280,1556898.93,38332.80,0.00,1595231.73,76067.41,50587.11,20400.00,900352.83,5227.20,1052634.56,57672.00,2015.80,2707554.08,310.78,-422022.85,-331688.24,-753711.09,-190718.91,-99368.48,-290087.39,-778461.11,-70741.23,-1139289.73,-1893000.81,841520.64,-86655.17,814553.27,-524277.90,290275.37
Hotel Boreal,2025,10,REAL,8869,10998,1320971.29,12176.56,0.00,1333147.85,40675.94,22549.11,103120.66,1068182.26,16421.49,1250949.46,73271.51,1850.90,2659219.72,299.85,-409893.87,-317051.55,-726945.42,-210181.18,-120671.33,-330852.51,-649456.34,-56403.28,-1036712.13,-1763657.54,606202.44,214237.33,895562.18,-452837.08,442725.10
Hotel Boreal,2025,11,BUDGET,0,0,0.00,0.00,0.00,0.00,0.00,0.00,0.00,0.00,0.00,0.00,0.00,1579.04,1579.04,,-39731.92,-17828.96,-57560.88,0.00,0.00,0.00,-23014.92,-4325.29,-27340.21,-84901.09,-57560.88,-27340.21,-83322.05,-170761.73,-254083.78
Hotel Boreal,2025,11,REAL,0,0,-4054.23,0.00,0.00,-4054.23,0.00,0.00,0.00,-0.05,0.00,-0.05,1800.06,5144.48,2890.26,,-1338.32,-27100.21,-28438.53,-143.26,-939.58,-1082.84,-14022.66,-23696.97,-38802.47,-67241.00,-32492.76,-38802.52,-64350.74,-147520.21,-211870.95
Hotel Boreal,2025,12,BUDGET,0,0,0.00,0.00,0.00,0.00,0.00,0.00,0.00,0.00,0.00,0.00,0.00,1847.81,1847.81,,0.00,-22.00,-22.00,0.00,0.00,0.00,-8520.92,0.00,-8520.92,-8542.92,-22.00,-8520.92,-6695.11,-166377.77,-173072.89
Hotel Boreal,2025,12,REAL,0,0,1232.06,0.00,0.00,1232.06,0.00,0.00,0.00,0.00,437.98,437.98,3881.12,99373.13,104924.29,,-81.21,-6525.62,-6606.83,1479.81,0.00,1479.81,-8477.46,-241.78,-7239.44,-13846.27,-5374.77,-6801.46,91078.02,122000.87,213078.89
Hotel Boreal,2026,1,BUDGET,0,0,0.00,0.00,0.00,0.00,0.00,0.00,0.00,0.00,0.00,0.00,0.00,89399.17,89399.17,,0.00,-2939.95,-2939.95,0.00,0.00,0.00,-10584.12,-8234.85,-18818.97,-21758.92,-2939.95,-18818.97,67640.25,-157474.45,-89834.20
Hotel Boreal,2026,1,REAL,0,0,0.00,0.00,0.00,0.00,0.00,0.00,0.00,0.00,0.00,0.00,0.00,69456.70,69456.70,,0.00,9624.05,9624.05,0.00,426.00,426.00,-5165.88,-5395.00,-10134.88,-510.83,9624.05,-10134.88,68945.87,-112306.36,-43360.49
Hotel Boreal,2026,2,BUDGET,0,0,0.00,0.00,0.00,0.00,0.00,0.00,0.00,0.00,0.00,0.00,0.00,1411.06,1411.06,,0.00,-2239.80,-2239.80,0.00,0.00,0.00,-18721.90,-6279.55,-25001.45,-27241.25,-2239.80,-25001.45,-25830.19,-148089.11,-173919.30
Hotel Boreal,2026,2,REAL,0,0,0.00,0.00,0.00,0.00,0.00,0.00,0.00,0.00,0.00,0.00,0.00,14270.31,14270.31,,0.00,-2502.31,-2502.31,0.00,0.00,0.00,-17634.19,-7258.94,-24893.13,-27395.43,-2502.31,-24893.13,-13125.12,-171522.65,-184647.77
Hotel Boreal,2026,3,BUDGET,0,0,0.00,0.00,0.00,0.00,0.00,0.00,0.00,0.00,0.00,0.00,0.00,1259.87,1259.87,,-3888.14,-35581.95,-39470.09,0.00,0.00,0.00,-22892.34,-28447.53,-51339.87,-90809.95,-39470.09,-51339.87,-89550.08,-171770.56,-261320.64
Hotel Boreal,2026,3,REAL,0,0,3130.05,0.00,0.00,3130.05,0.00,0.00,0.00,0.00,0.00,0.00,0.00,0.00,3130.05,,-7141.56,-15743.88,-22885.44,0.00,0.00,0.00,-34517.16,-44362.04,-78879.20,-101764.64,-19755.39,-78879.20,-98634.59,-278619.57,-377254.16
Hotel Boreal,2026,4,BUDGET,1353,2858,204390.77,2196.11,0.00,206586.88,8557.54,5489.74,6460.00,149040.32,317.21,169864.81,9523.76,1595.84,387571.29,286.50,-154094.01,-107654.49,-261748.50,-34672.47,-16418.64,-51091.12,-238164.32,-59016.39,-348271.83,-610020.33,-55161.62,-178407.02,-222449.04,-341343.27,-563792.31
Hotel Boreal,2026,4,REAL,0,0,0.00,0.00,0.00,0.00,0.00,0.00,0.00,0.00,0.00,0.00,402.71,1475.65,1878.35,,0.00,-19507.95,-19507.95,-17395.90,3986.33,-13409.58,0.00,-36982.01,-50391.59,-69899.54,-19507.95,-50391.59,-68021.18,-72025.94,-140047.12
Hotel Boreal,2026,5,BUDGET,8056,10490,1757566.64,17994.50,0.00,1775561.13,43175.54,30485.63,35640.00,917474.73,8983.47,1035759.37,54530.90,3311.85,2869163.24,356.16,-345643.55,-311743.48,-657387.03,-200957.35,-95082.69,-296040.04,-695987.26,-74283.25,-1066310.55,-1723697.58,1118174.11,-30551.18,1145465.67,-414256.76,731208.91
Hotel Boreal,2026,5,REAL,0,0,0.00,0.00,0.00,0.00,0.00,0.00,0.00,0.00,0.00,0.00,0.00,0.00,0.00,,0.00,0.00,0.00,0.00,0.00,0.00,0.00,0.00,0.00,0.00,0.00,0.00,0.00,0.00,0.00
Hotel Boreal,2026,6,BUDGET,9165,10603,2996361.09,29017.89,0.00,3025378.98,67988.73,47256.40,35720.00,1018830.96,7405.62,1177201.71,58822.96,3459.04,4264862.69,465.34,-407921.27,-440381.44,-848302.71,-225190.29,-108743.46,-333933.74,-748395.02,-90422.36,-1172751.12,-2021053.83,2177076.28,4450.59,2243808.87,-482982.81,1760826.06
Hotel Boreal,2026,6,REAL,0,0,0.00,0.00,0.00,0.00,0.00,0.00,0.00,0.00,0.00,0.00,0.00,0.00,0.00,,0.00,0.00,0.00,0.00,0.00,0.00,0.00,0.00,0.00,0.00,0.00,0.00,0.00,0.00,0.00
Hotel Boreal,2026,7,BUDGET,9627,11073,3708286.14,44930.10,0.00,3753216.24,114911.62,58536.93,14725.00,1060884.86,10882.14,1259940.55,58965.40,3495.84,5075618.03,527.21,-413628.33,-502348.37,-915976.70,-227443.06,-106366.06,-333809.12,-758375.13,-101669.90,-1193854.15,-2109830.86,2837239.54,66086.40,2965787.17,-550070.72,2415716.45
Hotel Boreal,2026,7,REAL,0,0,0.00,0.00,0.00,0.00,0.00,0.00,0.00,0.00,0.00,0.00,0.00,0.00,0.00,,0.00,0.00,0.00,0.00,0.00,0.00,0.00,0.00,0.00,0.00,0.00,0.00,0.00,0.00,0.00
Hotel Boreal,2026,8,BUDGET,8988,10024,3608679.62,46546.02,0.00,3655225.64,93977.76,63253.19,4128.00,1008044.31,9623.99,1179027.26,62314.90,3164.65,4899732.45,545.15,-375171.42,-477560.29,-852731.71,-212337.60,-102753.91,-315091.51,-686981.40,-88028.75,-1090101.67,-1942833.38,2802493.93,88925.59,2956899.07,-473472.69,2483426.38
Hotel Boreal,2026,8,REAL,0,0,0.00,0.00,0.00,0.00,0.00,0.00,0.00,0.00,0.00,0.00,0.00,0.00,0.00,,0.00,0.00,0.00,0.00,0.00,0.00,0.00,0.00,0.00,0.00,0.00,0.00,0.00,0.00,0.00
Hotel Boreal,2026,9,BUDGET,9411,10942,2999690.61,45834.33,0.00,3045524.94,67806.91,42214.08,35890.00,1079340.16,8413.62,1233664.78,70502.96,3569.44,4353262.11,462.57,-421301.93,-433565.58,-854867.50,-239017.24,-113915.71,-352932.95,-768771.91,-81740.39,-1203445.26,-2058312.76,2190657.44,30219.52,2294949.35,-488532.83,1806416.52
Hotel Boreal,2026,9,REAL,0,0,0.00,0.00,0.00,0.00,0.00,0.00,0.00,0.00,0.00,0.00,0.00,0.00,0.00,,0.00,0.00,0.00,0.00,0.00,0.00,0.00,0.00,0.00,0.00,0.00,0.00,0.00,0.00,0.00
Hotel Boreal,2026,10,BUDGET,9489,11731,1701552.27,25969.94,0.00,1727522.22,50948.89,30546.06,47060.00,1110447.00,10128.30,1249130.25,73277.03,4783.78,3054713.28,321.93,-534830.65,-342211.19,-877041.84,-245182.99,-114559.92,-359742.91,-977837.99,-80457.76,-1418038.67,-2295080.51,850480.38,-168908.42,759632.77,-556635.75,202997.02
Hotel Boreal,2026,10,REAL,0,0,0.00,0.00,0.00,0.00,0.00,0.00,0.00,0.00,0.00,0.00,0.00,0.00,0.00,,0.00,0.00,0.00,0.00,0.00,0.00,0.00,0.00,0.00,0.00,0.00,0.00,0.00,0.00,0.00
Hotel Boreal,2026,11,BUDGET,0,0,0.00,0.00,0.00,0.00,0.00,0.00,0.00,0.00,0.00,0.00,0.00,1898.21,1898.21,,-51356.99,-15022.42,-66379.42,0.00,0.00,0.00,-43135.27,-44081.97,-87217.25,-153596.66,-66379.42,-87217.25,-151698.45,-229140.23,-380838.69
Hotel Boreal,2026,11,REAL,0,0,0.00,0.00,0.00,0.00,0.00,0.00,0.00,0.00,0.00,0.00,0.00,0.00,0.00,,0.00,0.00,0.00,0.00,0.00,0.00,0.00,0.00,0.00,0.00,0.00,0.00,0.00,0.00,0.00
Hotel Boreal,2026,12,BUDGET,0,0,0.00,0.00,0.00,0.00,0.00,0.00,0.00,0.00,0.00,0.00,0.00,1965.40,1965.40,,0.00,-2796.53,-2796.53,0.00,0.00,0.00,-17250.69,-7833.15,-25083.84,-27880.38,-2796.53,-25083.84,-25914.98,-181783.53,-207698.51
Hotel Boreal,2026,12,REAL,0,0,0.00,0.00,0.00,0.00,0.00,0.00,0.00,0.00,0.00,0.00,0.00,0.00,0.00,,0.00,0.00,0.00,0.00,0.00,0.00,0.00,0.00,0.00,0.00,0.00,0.00,0.00,0.00,0.00
Hotel Borealis,2025,1,BUDGET,2712,3615,528773.70,0.00,0.00,528773.70,19095.78,0.00,0.00,28743.60,0.00,47839.38,17261.35,21118.43,614992.86,226.80,-108048.28,-87829.85,-195878.13,-17422.42,0.00,-17422.42,-53449.13,0.00,-70871.54,-266749.67,332895.57,-23032.17,348243.19,-175235.51,173007.68
Hotel Borealis,2025,1,REAL,3712,4353,647910.59,2267.69,0.00,650178.28,20158.05,1124.41,617.28,18563.44,0.00,40463.18,14910.57,21563.23,727115.26,195.87,-112189.50,-202360.21,-314549.71,-16079.66,-4929.12,-21008.78,-59403.36,-2635.35,-83047.49,-397597.20,335628.57,-42584.31,329518.06,-192597.55,136920.51
Hotel Borealis,2025,2,BUDGET,2274,3032,466188.45,0.00,0.00,466188.45,16014.37,0.00,0.00,24105.35,0.00,40119.72,14477.26,17712.23,538497.67,236.80,-100330.55,-80682.87,-181013.42,-14611.03,0.00,-14611.03,-49631.33,0.00,-64242.36,-245255.78,285175.03,-24122.64,293241.89,-152871.49,140370.40
Hotel Borealis,2025,2,REAL,2690,3265,534796.59,3429.64,0.00,538226.23,16069.61,792.64,342.12,15084.85,0.00,32289.22,4651.13,18714.26,593880.83,220.77,-89154.29,-90429.24,-179583.53,-12512.74,-1395.20,-13907.93,-39131.43,-1742.10,-54781.46,-234364.99,358642.70,-22492.24,359515.84,-168936.42,190579.42
Hotel Borealis,2025,3,BUDGET,2614,3394,653430.00,0.00,0.00,653430.00,18406.08,0.00,0.00,27705.43,0.00,46111.51,16204.54,19825.46,735571.51,281.43,-101433.08,-112110.82,-213543.91,-16793.15,0.00,-16793.15,-50176.73,0.00,-66969.88,-280513.79,439886.09,-20858.37,455057.72,-150003.39,305054.33
Hotel Borealis,2025,3,REAL,2515,3136,612848.64,3556.83,0.00,616405.47,14658.17,798.20,0.00,14258.21,0.00,29714.57,4036.23,15182.51,665338.78,264.53,-76908.47,-122073.44,-198981.91,-9817.74,-2614.74,-12432.48,-30666.49,-1594.10,-44693.07,-243674.97,417423.56,-14978.50,421663.81,-155782.64,265881.17
Hotel Borealis,2025,4,BUDGET,3074,3891,876033.00,0.00,0.00,876033.00,21646.01,0.00,0.00,32582.28,0.00,54228.29,18579.53,22731.16,971571.98,316.08,-120176.15,-154152.07,-274328.22,-19749.17,0.00,-19749.17,-59448.52,0.00,-79197.69,-353525.91,601704.78,-24969.40,618046.07,-166550.10,451495.97
Hotel Borealis,2025,4,REAL,4372,4641,1072819.41,1192.50,0.00,1074011.91,18893.98,1547.70,1063.84,27612.00,0.00,49117.52,12053.61,17039.18,1152222.23,263.55,-121394.51,-271350.08,-392744.59,-14487.82,-3123.60,-17611.43,-47078.94,-2112.05,-66802.41,-459547.00,681267.33,-17684.89,692675.23,-209110.15,483565.08
Hotel Borealis,2025,5,BUDGET,2862,3578,844428.65,0.00,0.00,844428.65,20157.80,0.00,0.00,30342.18,0.00,50499.98,17085.22,20902.93,932916.78,325.91,-106945.75,-146920.05,-253865.79,-18391.37,0.00,-18391.37,-52903.73,0.00,-71295.10,-325160.89,590562.86,-20795.12,607755.89,-148755.40,459000.49
Hotel Borealis,2025,5,REAL,3071,3431,944217.61,4469.90,0.00,948687.50,15196.29,690.10,135.32,20263.08,0.00,36284.79,6214.12,17759.45,1008945.86,328.55,-95955.59,-146664.50,-242620.08,-12573.00,-3160.10,-15733.11,-38049.81,-1233.37,-55016.28,-297636.36,706067.42,-18731.49,711309.50,-168056.96,543252.53
Hotel Borealis,2025,6,BUDGET,2599,3249,753698.40,0.00,0.00,753698.40,18302.14,0.00,0.00,27548.98,0.00,45851.11,15511.35,18977.39,834038.26,320.91,-100330.55,-134051.69,-234382.23,-16698.32,0.00,-16698.32,-49631.33,0.00,-66329.65,-300711.88,519316.17,-20478.54,533326.37,-137181.93,396144.44
Hotel Borealis,2025,6,REAL,3786,4427,1188931.39,9863.28,0.00,1198794.68,20794.85,1543.55,531.41,22643.52,0.00,45513.33,10295.74,27597.17,1282200.92,338.69,-126518.01,-191969.97,-318487.97,-13373.77,-4612.75,-17986.52,-45503.73,-1754.07,-65244.32,-383732.30,880306.70,-19730.99,898468.62,-215106.73,683361.89
Hotel Borealis,2025,7,BUDGET,2774,3468,748963.80,0.00,0.00,748963.80,19534.36,0.00,0.00,29403.76,0.00,48938.13,16556.81,20256.45,834715.19,300.91,-103638.15,-131101.64,-234739.79,-17822.56,0.00,-17822.56,-51267.53,0.00,-69090.10,-303829.89,514224.01,-20151.97,530885.30,-143116.75,387768.55
Hotel Borealis,2025,7,REAL,4033,4501,1028522.81,5757.07,24.40,1034304.28,14486.01,512.07,2193.95,23002.22,0.00,40194.25,11500.05,25806.70,1111805.28,275.66,-127831.61,-187214.34,-315045.96,-15896.39,-4093.61,-19990.01,-107573.30,-2514.44,-130077.75,-445123.71,719258.32,-89883.50,666681.57,-255133.27,411548.30
Hotel Borealis,2025,8,BUDGET,2972,3763,743070.00,0.00,0.00,743070.00,20931.09,0.00,0.00,31506.17,0.00,52437.26,17965.90,21980.40,835453.57,281.08,-112458.42,-130136.24,-242594.65,-19096.90,0.00,-19096.90,-55630.73,0.00,-74727.62,-317322.28,500475.35,-22290.36,518131.29,-155796.88,362334.41
Hotel Borealis,2025,8,REAL,2584,2988,619679.65,5478.22,0.00,625157.86,4383.67,409.32,0.00,14565.38,0.00,19358.37,6062.58,17615.08,668193.89,258.60,-85591.11,-115247.30,-200838.41,-5875.04,-1788.64,-7663.68,-20442.03,-778.49,-28884.20,-229722.61,424319.45,-9525.83,438471.28,-143169.90,295301.38
Hotel Borealis,2025,9,BUDGET,2341,2963,667071.00,0.00,0.00,667071.00,16482.74,0.00,0.00,24810.36,0.00,41293.10,14147.72,17309.05,739820.87,316.08,-91510.28,-116526.36,-208036.64,-15038.36,0.00,-15038.36,-45268.14,0.00,-60306.49,-268343.14,459034.36,-19013.39,471477.73,-126496.99,344980.74
Hotel Borealis,2025,9,REAL,3089,3677,903863.12,7516.67,460.33,911840.12,8816.77,124.45,561.87,17038.42,0.00,26541.51,8716.07,20968.97,968066.67,313.39,-117665.37,-130368.73,-248034.09,-8378.86,-1634.87,-10013.73,-28165.33,-902.88,-39081.94,-287116.03,663806.03,-12540.43,680950.63,-182235.10,498715.54
Hotel Borealis,2025,10,BUDGET,2361,2951,708240.00,0.00,0.00,708240.00,16624.99,0.00,0.00,25024.48,0.00,41649.47,14090.90,17239.53,781219.90,330.91,-88202.68,-123183.63,-211386.31,-15168.14,0.00,-15168.14,-43631.94,0.00,-58800.08,-270186.39,496853.69,-17150.61,511033.52,-122656.68,388376.84
Hotel Borealis,2025,10,REAL,3058,3357,837589.02,6445.97,163.34,844198.32,5831.37,85.87,0.00,17805.42,0.00,23722.66,5524.50,18098.70,891544.18,291.58,-99662.28,-138745.79,-238408.07,-6674.95,-1914.46,-8589.41,-22762.92,-1024.28,-32376.61,-270784.68,605790.25,-8653.95,620759.50,-154433.31,466326.20
Hotel Borealis,2025,11,BUDGET,3695,4106,705405.40,4025.00,0.00,709430.40,3450.00,57.50,0.00,18400.00,0.00,21907.50,6210.00,13800.00,751347.90,203.34,-135412.89,-129962.58,-265375.47,-7944.14,0.00,-7944.14,-30966.34,-1035.00,-39945.48,-305320.96,444054.93,-18037.98,446026.94,-198642.05,247384.89
Hotel Borealis,2025,11,REAL,3274,3606,642420.97,6748.49,212.05,649381.51,5617.02,124.69,0.00,14880.33,0.00,20622.05,4667.89,12535.90,687207.34,209.87,-112427.39,-110357.95,-222785.35,-7418.54,-1748.44,-9166.98,-25917.63,-901.19,-35985.81,-258771.15,426596.16,-15363.76,428436.19,-101378.90,327057.29
Hotel Borealis,2025,12,BUDGET,3541,4722,545339.20,3584.00,0.00,548923.20,2688.00,89.60,0.00,16640.00,0.00,19417.60,8704.00,15360.00,592404.80,167.28,-141539.61,-110044.75,-251584.36,-7791.17,0.00,-7791.17,-34466.88,-1152.00,-43410.05,-294994.41,297338.84,-23992.45,297410.39,-182372.97,115037.42
Hotel Borealis,2025,12,REAL,3534,4648,557257.77,6355.52,237.48,563850.77,7148.79,191.86,0.00,15909.91,0.00,23250.55,6491.49,15476.93,609069.75,172.33,-163345.18,-72612.26,-235957.44,-7808.95,-1931.11,-9740.06,-39157.05,-1422.67,-50319.78,-286277.22,327893.33,-27069.22,322792.53,-140490.78,182301.75
Hotel Borealis,2026,1,BUDGET,0,0,0.00,0.00,0.00,0.00,0.00,0.00,0.00,0.00,0.00,0.00,0.00,0.00,0.00,,0.00,0.00,0.00,0.00,0.00,0.00,0.00,0.00,0.00,0.00,0.00,0.00,0.00,0.00,0.00
Hotel Borealis,2026,1,REAL,320,3062,50523.70,298.04,0.00,50821.75,890.34,0.00,0.00,1591.10,0.00,2481.44,53674.99,2260.02,109238.19,341.85,-63806.89,-16196.07,-80002.96,-1417.52,-396.72,-1814.24,-18047.84,-334.56,-20196.65,-100199.61,-29181.21,-17715.20,9038.58,-60033.64,-50995.06
Hotel Borealis,2026,2,BUDGET,0,0,0.00,0.00,0.00,0.00,0.00,0.00,0.00,0.00,0.00,0.00,0.00,0.00,0.00,,0.00,0.00,0.00,0.00,0.00,0.00,0.00,0.00,0.00,0.00,0.00,0.00,0.00,0.00,0.00
Hotel Borealis,2026,2,REAL,0,0,0.00,0.00,0.00,0.00,0.00,0.00,0.00,0.00,0.00,0.00,0.00,0.00,0.00,,0.00,-2927.24,-2927.24,0.00,0.00,0.00,-6.02,0.01,-6.01,-2933.25,-2927.24,-6.01,-2933.25,-57.68,-2990.93
Hotel Borealis,2026,3,BUDGET,0,0,0.00,0.00,0.00,0.00,0.00,0.00,0.00,0.00,0.00,0.00,0.00,0.00,0.00,,0.00,0.00,0.00,0.00,0.00,0.00,0.00,0.00,0.00,0.00,0.00,0.00,0.00,0.00,0.00
Hotel Borealis,2026,3,REAL,0,0,0.00,0.00,0.00,0.00,0.00,0.00,0.00,0.00,0.00,0.00,34.43,0.00,34.43,,0.00,-892.50,-892.50,0.00,0.00,0.00,0.00,0.00,0.00,-892.50,-892.50,0.00,-858.07,-1586.92,-2445.00
Hotel Borealis,2026,4,BUDGET,0,0,0.00,0.00,0.00,0.00,0.00,0.00,0.00,0.00,0.00,0.00,0.00,0.00,0.00,,0.00,0.00,0.00,0.00,0.00,0.00,0.00,0.00,0.00,0.00,0.00,0.00,0.00,0.00,0.00
Hotel Borealis,2026,4,REAL,0,0,0.00,0.00,0.00,0.00,0.00,0.00,0.00,0.00,0.00,0.00,0.00,-3514.05,-3514.05,,0.00,0.00,0.00,0.00,0.00,0.00,0.00,0.00,0.00,0.00,0.00,0.00,-3514.05,1196.78,-2317.28
Hotel Borealis,2026,5,BUDGET,0,0,0.00,0.00,0.00,0.00,0.00,0.00,0.00,0.00,0.00,0.00,0.00,0.00,0.00,,0.00,0.00,0.00,0.00,0.00,0.00,0.00,0.00,0.00,0.00,0.00,0.00,0.00,0.00,0.00
Hotel Borealis,2026,5,REAL,0,0,0.00,0.00,0.00,0.00,0.00,0.00,0.00,0.00,0.00,0.00,0.00,0.00,0.00,,0.00,0.00,0.00,0.00,0.00,0.00,0.00,0.00,0.00,0.00,0.00,0.00,0.00,0.00,0.00
Hotel Borealis,2026,6,BUDGET,0,0,0.00,0.00,0.00,0.00,0.00,0.00,0.00,0.00,0.00,0.00,0.00,0.00,0.00,,0.00,0.00,0.00,0.00,0.00,0.00,0.00,0.00,0.00,0.00,0.00,0.00,0.00,0.00,0.00
Hotel Borealis,2026,6,REAL,0,0,0.00,0.00,0.00,0.00,0.00,0.00,0.00,0.00,0.00,0.00,0.00,0.00,0.00,,0.00,0.00,0.00,0.00,0.00,0.00,0.00,0.00,0.00,0.00,0.00,0.00,0.00,0.00,0.00
Hotel Borealis,2026,7,BUDGET,1336,2094,578328.24,3850.00,0.00,582178.24,20790.00,41525.00,0.00,14300.00,0.00,76615.00,4730.00,0.00,663523.24,496.75,-169744.81,-122371.02,-292115.83,-13294.60,-9108.00,-22402.60,-168015.45,-3773.00,-194191.05,-486306.88,290062.41,-117576.05,177216.36,-233652.32,-56435.96
Hotel Borealis,2026,7,REAL,0,0,0.00,0.00,0.00,0.00,0.00,0.00,0.00,0.00,0.00,0.00,0.00,0.00,0.00,,0.00,0.00,0.00,0.00,0.00,0.00,0.00,0.00,0.00,0.00,0.00,0.00,0.00,-740.38,-740.38
Hotel Borealis,2026,8,BUDGET,2608,3726,946779.55,7070.00,0.00,953849.55,46561.00,80093.00,0.00,29290.00,0.00,155944.00,9494.00,0.00,1119287.55,429.15,-169738.46,-200788.60,-370527.07,-28670.87,-17283.12,-45953.99,-159568.89,-7080.10,-212602.98,-583130.05,583322.49,-56658.98,536157.51,-233836.19,302321.31
Hotel Borealis,2026,8,REAL,0,0,0.00,0.00,0.00,0.00,0.00,0.00,0.00,0.00,0.00,0.00,0.00,0.00,0.00,,0.00,0.00,0.00,0.00,0.00,0.00,0.00,0.00,0.00,0.00,0.00,0.00,0.00,-747.85,-747.85
Hotel Borealis,2026,9,BUDGET,2222,2963,1045735.87,8300.00,0.00,1054035.87,64740.00,93790.00,0.00,31955.00,0.00,190485.00,10541.00,0.00,1255061.87,564.75,-141563.05,-203540.55,-345103.59,-34528.00,-19920.00,-54448.00,-135440.36,-6938.80,-196827.16,-541930.75,708932.28,-6342.16,713131.12,-206397.77,506733.35
Hotel Borealis,2026,9,REAL,0,0,0.00,0.00,0.00,0.00,0.00,0.00,0.00,0.00,0.00,0.00,0.00,0.00,0.00,,0.00,0.00,0.00,0.00,0.00,0.00,0.00,0.00,0.00,0.00,0.00,0.00,0.00,-732.91,-732.91
Hotel Borealis,2026,10,BUDGET,3486,4648,1553696.86,13230.00,0.00,1566926.86,102942.00,148050.00,0.00,49140.00,0.00,300132.00,21294.00,0.00,1888352.86,541.68,-214902.94,-307225.63,-522128.56,-53843.58,-31752.00,-85595.58,-208758.26,-11062.80,-305416.64,-827545.20,1044798.29,-5284.64,1060807.65,-305757.27,755050.38
Hotel Borealis,2026,10,REAL,0,0,0.00,0.00,0.00,0.00,0.00,0.00,0.00,0.00,0.00,0.00,0.00,0.00,0.00,,0.00,0.00,0.00,0.00,0.00,0.00,0.00,0.00,0.00,0.00,0.00,0.00,0.00,-273.10,-273.10
Hotel Borealis,2026,11,BUDGET,2042,3142,821868.16,9680.00,0.00,831548.16,70752.00,80080.00,0.00,31680.00,0.00,182512.00,15752.00,0.00,1029812.16,504.31,-150090.94,-169015.08,-319106.02,-36625.60,-16684.80,-53310.40,-136999.42,-6424.00,-196733.82,-515839.84,512442.13,-14221.82,513972.31,-203911.70,310060.61
Hotel Borealis,2026,11,REAL,0,0,0.00,0.00,0.00,0.00,0.00,0.00,0.00,0.00,0.00,0.00,0.00,0.00,0.00,,0.00,0.00,0.00,0.00,0.00,0.00,0.00,0.00,0.00,0.00,0.00,0.00,0.00,-421.75,-421.75
Hotel Borealis,2026,12,BUDGET,1826,3652,681750.14,9900.00,0.00,691650.14,90090.00,85140.00,0.00,34650.00,0.00,209880.00,20988.00,0.00,922518.14,505.20,-168852.31,-147306.98,-316159.29,-44243.10,-17820.00,-62063.10,-157262.65,-7444.80,-226770.55,-542929.84,375490.85,-16890.55,379588.30,-221627.54,157960.76
Hotel Borealis,2026,12,REAL,0,0,0.00,0.00,0.00,0.00,0.00,0.00,0.00,0.00,0.00,0.00,0.00,0.00,0.00,,0.00,0.00,0.00,0.00,0.00,0.00,0.00,0.00,0.00,0.00,0.00,0.00,0.00,-335.33,-335.33
Hotel Celeste,2025,1,BUDGET,3240,4439,1377815.77,18830.96,0.00,1396646.73,106519.84,157631.15,5418.00,57443.73,0.00,327012.72,32665.64,83979.00,1840304.08,567.91,-245325.95,-201789.96,-447115.91,-47085.19,-39554.68,-86639.87,-219288.16,-30484.14,-336412.18,-783528.09,949530.82,-9399.46,1056776.00,-404626.63,652149.36
Hotel Celeste,2025,1,REAL,3314,4404,1358235.97,7575.18,0.00,1365811.15,144484.51,162668.51,8802.87,54470.31,0.00,370426.19,29554.94,110383.51,1876175.80,566.15,-252205.41,-207669.00,-459874.42,-80100.66,-39790.77,-119891.43,-293567.72,-25216.84,-438675.99,-898550.41,905936.73,-68249.80,977625.38,-412577.72,565047.67
Hotel Celeste,2025,2,BUDGET,2093,2828,814740.28,14087.72,0.00,828828.00,65296.17,102035.40,6370.00,34473.62,0.00,208175.19,24646.90,59241.00,1120891.09,535.54,-168851.85,-128892.52,-297744.37,-30179.75,-26078.25,-56258.00,-155448.37,-21599.65,-233306.02,-531050.39,531083.63,-25130.84,589840.70,-278074.91,311765.79
Hotel Celeste,2025,2,REAL,2543,3326,915748.29,10135.80,0.00,925884.09,104874.37,107679.80,7382.11,37439.33,0.00,257375.62,18828.45,68266.00,1270354.15,499.47,-192801.62,-162016.49,-354818.11,-50504.55,-32219.63,-82724.17,-188752.68,-18174.76,-289651.61,-644469.72,571065.98,-32275.99,625884.43,-342444.70,283439.73
Hotel Celeste,2025,3,BUDGET,2280,3166,1025182.05,14388.51,0.00,1039570.56,75203.38,112409.02,11960.00,41003.02,0.00,240575.42,52176.83,59892.00,1392214.81,610.68,-168058.48,-151774.80,-319833.28,-34085.91,-29481.23,-63567.13,-156428.74,-21721.77,-241717.64,-561550.92,719737.28,-1142.22,830663.90,-291027.57,539636.33
Hotel Celeste,2025,3,REAL,3007,3992,1271266.93,14884.83,0.00,1286151.76,106000.21,121368.53,8975.99,51039.40,0.00,287384.12,40808.42,73660.00,1688004.30,561.41,-206837.12,-196127.82,-402964.94,-55838.10,-33202.49,-89040.59,-216130.34,-19859.36,-325030.29,-727995.24,883186.82,-37646.18,960009.06,-366373.45,593635.61
Hotel Celeste,2025,4,BUDGET,2573,3430,1480840.11,16610.97,0.00,1497451.08,86792.88,131753.49,24720.00,47540.27,0.00,290806.64,68334.26,67053.00,1923644.97,747.64,-203164.80,-197487.49,-400652.29,-40767.92,-36261.85,-77029.77,-188025.43,-25087.91,-290143.11,-690795.40,1096798.79,663.53,1232849.57,-336833.05,896016.53
Hotel Celeste,2025,4,REAL,2400,2997,1232220.61,7960.85,0.00,1240181.46,62132.89,85262.34,6234.03,43885.00,0.00,197514.25,76586.90,57600.00,1571882.62,654.87,-173616.21,-139191.80,-312808.01,-40228.94,-21915.30,-62144.24,-157922.46,-12346.17,-232412.87,-545220.87,927373.46,-34898.62,1026661.74,-272952.83,753708.92
Hotel Celeste,2025,5,BUDGET,3266,4473,2086458.75,19853.25,0.00,2106312.00,114606.73,185085.65,107900.00,57281.84,0.00,464874.22,84284.98,84630.00,2740101.20,839.08,-249147.79,-274872.77,-524020.56,-58241.78,-62224.79,-120466.58,-253141.40,-31481.84,-405089.82,-929110.39,1582291.44,59784.39,1810990.81,-436063.39,1374927.42
Hotel Celeste,2025,5,REAL,2556,2890,1350289.76,15171.36,0.00,1365461.12,70996.55,114536.92,28484.15,42886.65,0.00,256904.26,53375.49,53760.00,1729500.87,676.61,-159597.56,-153557.43,-313154.98,-42996.33,-32496.73,-75493.06,-149395.10,-17463.28,-242351.44,-555506.42,1052306.14,14552.82,1173994.45,-273976.93,900017.52
Hotel Celeste,2025,6,BUDGET,3026,3929,1870170.41,20779.59,0.00,1890950.00,109460.51,172917.66,103840.00,53450.05,0.00,439668.21,90427.86,76818.00,2497864.07,825.60,-234783.33,-244767.01,-479550.34,-57504.00,-58993.46,-116497.45,-244102.57,-29426.17,-390026.19,-869576.53,1411399.66,49642.02,1628287.54,-396373.97,1231913.57
Hotel Celeste,2025,6,REAL,2349,2631,1256918.93,9511.54,0.00,1266430.47,75981.09,115791.24,86950.08,40551.51,0.00,319273.92,83355.36,50560.00,1719619.75,731.92,-156601.91,-145117.34,-301719.24,-41754.30,-34254.57,-76008.86,-140935.92,-20381.79,-237326.58,-539045.82,964711.23,81947.34,1180573.93,-266361.56,914212.37
Hotel Celeste,2025,7,BUDGET,3484,4301,1847422.40,23839.08,0.00,1871261.48,131457.74,208820.38,95625.00,68315.31,0.00,504218.43,70369.45,81375.00,2527224.35,725.43,-254505.14,-253589.94,-508095.09,-63477.02,-66025.51,-129502.53,-258583.23,-27666.59,-415752.34,-923847.43,1363166.39,88466.08,1603376.92,-414907.02,1188469.90
Hotel Celeste,2025,7,REAL,2630,2959,1182744.08,18815.19,0.00,1201559.27,88923.72,124900.69,50781.66,51353.87,0.00,315959.94,30147.09,82905.18,1630571.48,620.02,-171979.74,-165668.06,-337647.80,-49962.20,-32424.97,-82387.17,-162448.79,-22569.63,-267405.59,-605053.39,863911.47,48554.35,1025518.09,-306869.46,718648.64
Hotel Celeste,2025,8,BUDGET,2683,3888,1047961.63,18379.82,0.00,1066341.45,91057.94,146494.08,0.00,52383.78,0.00,289935.81,38424.37,73563.00,1468264.63,547.32,-207534.33,-164726.93,-372261.27,-38388.64,-35525.92,-73914.56,-233717.79,-22369.23,-330001.58,-702262.85,694080.18,-40065.78,766001.78,-341511.84,424489.94
Hotel Celeste,2025,8,REAL,2651,4060,1097217.34,16788.49,0.00,1114005.82,91320.80,124796.73,36681.68,51345.69,0.00,304144.91,35533.72,40513.31,1494197.75,563.54,-219843.64,-174149.98,-393993.62,-55102.17,-31991.44,-87093.61,-221802.85,-20388.41,-329284.86,-723278.49,720012.20,-25139.96,770919.26,-372949.24,397970.02
Hotel Celeste,2025,9,BUDGET,2151,2831,1328450.48,11840.57,0.00,1340291.05,81917.36,128998.13,76500.00,38527.21,0.00,325942.70,54044.13,55335.00,1775612.88,825.35,-166813.31,-174820.53,-341633.85,-42496.18,-43854.71,-86350.89,-175834.37,-20248.28,-282433.53,-624067.38,998657.20,43509.17,1151545.50,-281995.57,869549.93
Hotel Celeste,2025,9,REAL,2981,3863,1771335.45,24619.32,0.00,1795954.77,100685.84,147150.32,36923.31,56962.35,0.00,341721.81,83001.27,68826.66,2289504.52,767.98,-228351.08,-252248.94,-480600.02,-66289.09,-39894.04,-106183.13,-210079.40,-30867.98,-347130.51,-827730.53,1315354.75,-5408.70,1461773.99,-400654.17,1061119.81
Hotel Celeste,2025,10,BUDGET,3316,4198,2093479.69,15470.87,0.00,2108950.56,109236.27,166779.99,56120.00,59806.45,0.00,391942.71,85977.02,79422.00,2666292.30,804.08,-234838.33,-267795.53,-502633.86,-57664.50,-50660.24,-108324.73,-229203.93,-29814.95,-367343.60,-869977.46,1606316.70,24599.11,1796314.84,-408620.48,1387694.36
Hotel Celeste,2025,10,REAL,3510,4301,2189271.95,20249.95,0.00,2209521.90,102729.00,137627.56,30983.53,59964.98,0.00,331305.06,110148.04,74166.66,2725141.66,776.39,-237668.84,-294329.23,-531998.06,-62455.94,-38757.78,-101213.71,-218103.83,-22307.00,-341624.54,-873622.60,1677523.84,-10319.48,1851519.06,-401696.13,1449822.94
Hotel Celeste,2025,11,BUDGET,2473,3130,1211616.89,12587.41,0.00,1224204.30,82078.12,122852.79,20680.00,45899.97,0.00,271510.89,64865.44,62839.00,1623419.63,656.42,-181854.28,-166830.35,-348684.62,-39717.20,-33748.13,-73465.33,-166607.38,-22704.06,-262776.78,-611461.40,875519.68,8734.11,1011958.23,-301639.56,710318.68
Hotel Celeste,2025,11,REAL,3548,4296,1836991.53,21986.57,0.00,1858978.09,115536.94,137728.80,29461.06,60656.92,0.00,343383.72,136979.32,78797.50,2418138.63,681.65,-252558.04,-255394.82,-507952.86,-77064.72,-37352.03,-114416.74,-221577.43,-20129.64,-356123.81,-864076.68,1351025.23,-12740.09,1554061.96,-392492.24,1161569.72
Hotel Celeste,2025,12,BUDGET,2385,3613,1132594.60,19143.05,0.00,1151737.65,101248.68,175407.98,40950.00,45750.27,0.00,363356.93,74179.63,70192.46,1659466.67,695.92,-187371.21,-191474.75,-378845.96,-45783.63,-48888.64,-94672.27,-185675.74,-24231.64,-304579.65,-683425.61,772891.69,58777.28,976041.07,-335755.61,640285.45
Hotel Celeste,2025,12,REAL,2207,3613,1079538.24,13979.33,0.00,1093517.58,153402.38,122322.48,30122.30,44290.50,0.00,350137.65,103061.28,83649.68,1630366.19,738.69,-209147.06,-171360.13,-380507.19,-57041.82,-36832.71,-93874.53,-213505.99,-23370.04,-330750.56,-711257.75,713010.39,19387.10,919108.44,-365139.46,553968.98
Hotel Celeste,2026,1,BUDGET,2040,2684,880246.00,4983.79,0.00,885229.80,94145.47,101067.20,3900.00,34545.62,0.00,233658.28,51701.31,51178.79,1221768.18,598.99,-153472.43,-132300.50,-285772.93,-33126.47,-32207.07,-65333.54,-138732.71,-15744.40,-219810.65,-505583.59,599456.86,13847.63,716184.59,-263898.31,452286.28
Hotel Celeste,2026,1,REAL,1962,2581,884645.96,12012.28,0.00,896658.23,85191.86,87220.40,9823.70,36086.07,0.00,218322.03,68662.91,48347.87,1231991.05,627.93,-149967.17,-132428.09,-282395.26,-50067.31,-24865.43,-74932.73,-134670.20,-11220.08,-220823.01,-503218.27,614262.98,-2500.98,728772.78,-242099.61,486673.17
Hotel Celeste,2026,2,BUDGET,2192,2828,831920.17,9880.79,0.00,841800.96,81692.48,108722.45,6552.00,33356.72,0.00,230323.66,64477.13,59708.59,1196310.33,545.71,-175205.99,-130826.53,-306032.52,-34042.35,-30876.70,-64919.06,-161463.53,-17598.95,-243981.53,-550014.05,535768.44,-13657.87,646296.28,-298307.48,347988.80
Hotel Celeste,2026,2,REAL,2996,3978,1164849.32,28441.88,0.00,1193291.20,122790.96,127673.46,22768.22,46999.26,0.00,320231.90,66789.86,75011.62,1655324.58,552.42,-253549.59,-189305.46,-442855.05,-53300.33,-30377.86,-83678.18,-221838.32,-19625.96,-325142.46,-767997.52,750436.15,-4910.57,887327.07,-380804.68,506522.38
Hotel Celeste,2026,3,BUDGET,2267,2925,1008133.41,11994.10,0.00,1020127.50,77809.53,101202.84,8500.00,39565.02,0.00,227077.39,65640.94,55771.76,1368617.59,603.73,-171221.12,-150207.89,-321429.01,-35543.82,-29383.40,-64927.23,-150452.08,-17674.50,-233053.81,-554482.82,698698.49,-5976.42,814134.77,-289801.95,524332.81
Hotel Celeste,2026,3,REAL,3274,4232,1478698.14,16547.87,0.00,1495246.01,108491.40,130854.83,18702.67,55169.65,0.00,313218.54,132762.98,75686.00,2016913.52,615.99,-247865.75,-202300.93,-450166.68,-50775.61,-28041.88,-78817.49,-207881.40,-23350.21,-310049.10,-760215.78,1045079.33,3169.44,1256697.74,-425579.26,831118.48
Hotel Celeste,2026,4,BUDGET,2025,2531,1109775.36,7825.92,0.00,1117601.28,51871.26,79739.17,7600.00,38348.91,0.00,177559.34,59131.74,49866.51,1404158.87,693.54,-151726.11,-149200.55,-300926.66,-29032.26,-22967.04,-51999.30,-134749.86,-16475.56,-203224.72,-504151.38,816674.62,-25665.38,900007.49,-264215.77,635791.72
Hotel Celeste,2026,4,REAL,0,0,1170513.22,28447.81,0.00,1198961.03,66808.76,103649.58,25219.42,28892.27,0.00,224570.02,58865.92,1841.50,1484238.47,,0.00,-18803.72,-18803.72,-43026.18,-22376.97,-65403.15,-16992.85,-4586.58,-86982.58,-105786.30,1180157.30,137587.44,1378452.17,-88483.26,1289968.91
Hotel Celeste,2026,5,BUDGET,2572,3062,1509714.34,16827.01,0.00,1526541.35,75721.97,125329.37,55180.00,46976.43,0.00,303207.77,71470.23,58396.31,1959615.66,761.87,-186920.21,-192041.63,-378961.84,-42976.67,-41806.50,-84783.17,-179222.79,-24746.87,-288752.84,-667714.68,1147579.50,14454.94,1291900.98,-321277.29,970623.69
Hotel Celeste,2026,5,REAL,0,0,0.00,0.00,0.00,0.00,0.00,0.00,0.00,0.00,0.00,0.00,0.00,0.00,0.00,,0.00,-596.76,-596.76,0.00,0.00,0.00,0.00,-184.04,-184.04,-780.80,-596.76,-184.04,-780.80,-5149.42,-5930.22
Hotel Celeste,2026,6,BUDGET,3468,4129,2079228.56,15612.57,0.00,2094841.12,120731.09,204940.42,146940.00,67190.14,0.00,539801.65,115968.26,81361.15,2831972.18,816.54,-257264.92,-279881.39,-537146.31,-71498.63,-76753.81,-148252.45,-252431.67,-39596.98,-440281.10,-977427.41,1557694.81,99520.55,1854544.77,-451571.37,1402973.41
Hotel Celeste,2026,6,REAL,0,0,0.00,0.00,0.00,0.00,0.00,0.00,0.00,0.00,0.00,0.00,0.00,0.00,0.00,,0.00,-466.04,-466.04,0.00,0.00,0.00,0.00,-134.41,-134.41,-600.45,-466.04,-134.41,-600.45,-3552.27,-4152.72
Hotel Celeste,2026,7,BUDGET,2574,2994,1242805.29,18616.42,0.00,1261421.70,85972.74,146720.66,48285.00,52454.17,0.00,333432.57,54479.75,57084.03,1706418.06,662.86,-185007.86,-186071.53,-371079.38,-47387.12,-46055.54,-93442.66,-175348.79,-27648.05,-296439.50,-667518.89,890342.32,36993.07,1038899.17,-308211.30,730687.86
Hotel Celeste,2026,7,REAL,0,0,0.00,0.00,0.00,0.00,0.00,0.00,0.00,0.00,0.00,0.00,0.00,0.00,0.00,,0.00,-443.31,-443.31,0.00,0.00,0.00,0.00,-127.85,-127.85,-571.16,-443.31,-127.85,-571.16,-3026.12,-3597.27
Hotel Celeste,2026,8,BUDGET,2067,3166,848096.13,13942.95,0.00,862039.08,68956.18,109746.27,0.00,40278.12,0.00,218980.57,30173.09,60364.72,1171557.47,566.73,-170355.96,-133768.41,-304124.37,-33605.55,-28618.72,-62224.26,-178250.31,-15893.16,-256367.73,-560492.10,557914.71,-37387.16,611065.37,-290671.24,320394.13
Hotel Celeste,2026,8,REAL,0,0,0.00,0.00,0.00,0.00,0.00,0.00,0.00,0.00,0.00,0.00,0.00,0.00,0.00,,0.00,-710.43,-710.43,0.00,0.00,0.00,0.00,-204.89,-204.89,-915.31,-710.43,-204.89,-915.31,-4817.64,-5732.95
Hotel Celeste,2026,9,BUDGET,2342,2964,1703708.52,12676.95,0.00,1716385.47,77767.50,118560.67,65415.00,42247.10,0.00,303990.27,88533.62,58396.31,2167305.67,925.57,-175366.92,-214217.86,-389584.78,-43236.17,-41593.22,-84829.39,-182850.80,-25976.40,-293656.59,-683241.37,1326800.69,10333.68,1484064.29,-322578.10,1161486.20
Hotel Celeste,2026,9,REAL,0,0,0.00,0.00,0.00,0.00,0.00,0.00,0.00,0.00,0.00,0.00,0.00,0.00,0.00,,0.00,-574.02,-574.02,0.00,0.00,0.00,0.00,-165.55,-165.55,-739.57,-574.02,-165.55,-739.57,-3816.08,-4555.66
Hotel Celeste,2026,10,BUDGET,2214,2684,1455597.77,10348.27,0.00,1465946.04,67780.81,102652.13,37830.00,41020.32,0.00,249283.27,76594.11,51178.79,1843002.20,832.27,-159641.85,-191041.41,-350683.26,-37656.20,-33502.03,-71158.23,-142492.18,-18109.87,-231760.28,-582443.54,1115262.78,17522.98,1260558.66,-282494.54,978064.12
Hotel Celeste,2026,10,REAL,0,0,0.00,0.00,0.00,0.00,0.00,0.00,0.00,0.00,0.00,0.00,0.00,0.00,0.00,,0.00,-721.79,-721.79,0.00,0.00,0.00,0.00,-208.17,-208.17,-929.96,-721.79,-208.17,-929.96,-3225.11,-4155.07
Hotel Celeste,2026,11,BUDGET,3496,4262,1888263.73,16881.87,0.00,1905145.60,139611.38,155515.34,14080.00,71288.12,0.00,380494.84,136319.49,85908.36,2507868.29,717.42,-256890.76,-258013.86,-514904.63,-61297.56,-49572.24,-110869.79,-226275.13,-31655.72,-368800.64,-883705.27,1390240.97,11694.19,1624163.02,-445954.37,1178208.65
Hotel Celeste,2026,11,REAL,0,0,0.00,0.00,0.00,0.00,0.00,0.00,0.00,0.00,0.00,0.00,0.00,0.00,0.00,,0.00,-466.04,-466.04,0.00,0.00,0.00,0.00,-134.41,-134.41,-600.45,-466.04,-134.41,-600.45,-2037.06,-2637.51
Hotel Celeste,2026,12,BUDGET,2083,3062,1030756.57,10543.43,0.00,1041300.00,137979.56,149844.73,23763.00,43980.06,0.00,355567.34,93614.14,59733.16,1550214.65,744.37,-170819.18,-180831.92,-351651.10,-48607.74,-50734.66,-99342.40,-158555.68,-20861.28,-278759.36,-630410.45,689648.90,76807.99,919804.19,-309427.37,610376.82
Hotel Celeste,2026,12,REAL,0,0,0.00,0.00,0.00,0.00,0.00,0.00,0.00,0.00,0.00,0.00,0.00,0.00,0.00,,0.00,-471.76,-471.76,0.00,0.00,0.00,0.00,0.03,0.03,-471.73,-471.76,0.03,-471.73,-1266.49,-1738.22
Hotel Cosmos,2025,1,BUDGET,0,0,0.00,0.00,0.00,0.00,0.00,0.00,0.00,0.00,0.00,0.00,0.00,20790.91,20790.91,,-7346.38,-209.54,-7555.92,0.00,0.00,0.00,-12596.23,0.00,-12596.23,-20152.15,-7555.92,-12596.23,638.76,-193186.12,-192547.36
Hotel Cosmos,2025,1,REAL,0,0,0.00,0.00,0.00,0.00,-0.01,0.01,0.00,0.00,0.00,0.00,0.00,17316.05,17316.05,,-27137.87,-683.00,-27820.87,0.00,0.00,0.00,-10104.96,-7504.88,-17609.84,-45430.71,-27820.87,-17609.84,-28114.66,-175465.55,-203580.21
Hotel Cosmos,2025,2,BUDGET,0,0,0.00,0.00,0.00,0.00,0.00,0.00,0.00,0.00,0.00,0.00,0.00,13513.50,13513.50,,-27664.89,-875.15,-28540.04,0.00,0.00,0.00,-22169.66,-7227.00,-29396.66,-57936.70,-28540.04,-29396.66,-44423.20,-324872.44,-369295.65
Hotel Cosmos,2025,2,REAL,0,0,0.00,0.00,0.00,0.00,0.00,0.00,0.00,0.00,0.00,0.00,6.05,16372.50,16378.55,,-35641.13,-2793.32,-38434.45,0.00,0.00,0.00,-26026.09,-5318.51,-31344.60,-69779.05,-38434.45,-31344.60,-53400.50,-343687.64,-397088.14
Hotel Cosmos,2025,3,BUDGET,0,0,0.00,0.00,0.00,0.00,0.00,0.00,0.00,0.00,0.00,0.00,0.00,16912.50,16912.50,,-61485.78,-35669.98,-97155.75,0.00,0.00,0.00,-35408.36,-1346.85,-36755.21,-133910.96,-97155.75,-36755.21,-116998.46,-530823.67,-647822.13
Hotel Cosmos,2025,3,REAL,0,0,0.00,0.00,0.00,0.00,0.00,0.00,0.00,0.00,0.00,0.00,0.00,20590.23,20590.23,,-47154.72,-80977.94,-128132.66,-1428.59,-12.68,-1441.26,-35508.20,-12849.70,-49799.17,-177931.83,-128132.66,-49799.17,-157341.60,-490259.57,-647601.17
Hotel Cosmos,2025,4,BUDGET,2175,4174,946740.06,55646.82,0.00,1002386.88,137835.36,120963.44,22594.38,59827.88,0.00,341221.06,4328.69,42205.76,1390142.38,639.11,-344046.92,-219109.93,-563156.85,-57015.87,-31733.43,-88749.30,-393306.45,-87282.04,-569337.79,-1132494.64,439230.03,-228116.73,257647.74,-885967.35,-628319.61
Hotel Cosmos,2025,4,REAL,2175,5119,983506.49,39363.88,0.00,1022870.37,155288.76,169518.18,0.00,52385.91,0.00,377192.84,12018.27,54879.06,1466960.53,674.50,-386185.50,-240392.96,-626578.46,-77140.73,-40921.78,-118062.50,-370729.33,-81564.03,-570355.86,-1196934.32,396291.91,-193163.02,270026.21,-1004420.35,-734394.14
Hotel Cosmos,2025,5,BUDGET,6995,10549,2723898.14,201122.22,0.00,2925020.36,439401.10,565747.00,57223.70,175176.85,0.00,1237548.64,14989.17,40626.70,4218184.86,602.99,-467347.70,-518649.31,-985997.01,-172529.18,-104698.97,-277228.15,-607026.24,-94979.35,-979233.73,-1965230.74,1939023.35,258314.91,2252954.12,-823072.85,1429881.28
Hotel Cosmos,2025,5,REAL,10216,16210,4010229.66,285092.77,0.00,4295322.42,641570.98,795264.71,77302.40,239850.79,0.00,1753988.88,22591.45,69381.57,6141284.33,601.14,-749693.66,-695735.02,-1445428.68,-237207.01,-148003.61,-385210.61,-956013.40,-84863.87,-1426087.88,-2871516.56,2849893.74,327901.00,3269767.76,-1358380.17,1911387.59
Hotel Cosmos,2025,6,BUDGET,9328,11454,6283581.60,451978.52,0.00,6735560.12,1156271.42,1137968.31,42462.60,321804.85,0.00,2658507.18,27539.71,46351.55,9467958.57,1015.02,-620259.13,-1017476.72,-1637735.85,-337842.57,-221267.13,-559109.70,-878003.90,-155687.17,-1592800.76,-3230536.62,5097824.27,1065706.42,6237421.95,-1008001.70,5229420.24
Hotel Cosmos,2025,6,REAL,8437,11205,5519961.95,434830.57,0.00,5954792.52,819975.71,951022.63,41123.43,274658.87,0.00,2086780.64,27435.76,56855.97,8125864.88,963.17,-622030.80,-880177.10,-1502207.90,-257372.35,-169953.55,-427325.90,-840660.05,-191877.34,-1459863.29,-2962071.19,4452584.62,626917.35,5163793.70,-1200535.60,3963258.10
Hotel Cosmos,2025,7,BUDGET,11840,13766,9968826.20,804411.02,0.00,10773237.22,1784915.50,1804030.45,21594.74,315878.57,0.00,3926419.27,49476.05,58315.01,14807447.55,1250.68,-782254.57,-1545348.36,-2327602.93,-449035.34,-326003.55,-775038.89,-1050758.77,-196646.40,-2022444.05,-4350046.98,8445634.29,1903975.22,10457400.57,-1221155.22,9236245.35
Hotel Cosmos,2025,7,REAL,8234,9777,6655992.52,503063.81,0.00,7159056.34,1037629.12,965008.21,10860.19,222703.91,0.00,2236201.44,24720.86,35252.52,9455231.16,1148.34,-562578.42,-989558.73,-1552137.15,-274269.60,-199539.74,-473809.34,-721933.76,-108626.05,-1304369.14,-2856506.29,5606919.19,931832.29,6598724.87,-938047.99,5660676.88
Hotel Cosmos,2025,8,BUDGET,11161,12350,9485784.00,673398.72,3277.44,10162460.16,1621102.06,1643638.94,9302.40,306850.00,0.00,3580893.41,44092.76,59386.32,13846832.65,1240.65,-743414.43,-1459342.11,-2202756.54,-411750.86,-294253.77,-706004.63,-948774.24,-158745.91,-1813524.78,-4016281.32,7959703.62,1767368.63,9830551.33,-1063742.08,8766809.25
Hotel Cosmos,2025,8,REAL,8163,9649,6534946.55,507542.36,0.00,7042488.91,937368.55,1008605.17,15381.81,214937.72,0.00,2176293.24,36672.92,33582.52,9289037.58,1137.94,-571602.06,-982509.53,-1554111.59,-249496.85,-192744.35,-442241.20,-683424.15,-101723.70,-1227389.05,-2781500.63,5488377.32,948904.19,6507536.95,-778942.42,5728594.53
Hotel Cosmos,2025,9,BUDGET,10793,12575,6771999.50,374644.35,0.00,7146643.85,1113885.87,1140366.46,89518.11,353847.46,0.00,2697617.90,45553.98,108306.46,9998122.19,926.36,-760804.11,-1044795.52,-1805599.63,-343853.75,-225913.82,-569767.57,-919633.32,-99077.01,-1588477.89,-3394077.52,5341044.22,1109140.00,6604044.67,-1101575.80,5502468.87
Hotel Cosmos,2025,9,REAL,9770,12201,6102312.15,400647.70,0.00,6502959.84,787939.93,931919.03,169005.26,314806.67,0.00,2203670.90,34730.61,42082.13,8783443.49,899.06,-684840.91,-972160.54,-1657001.44,-235532.78,-196965.97,-432498.75,-771306.99,-99661.74,-1303467.47,-2960468.92,4845958.40,900203.43,5822974.57,-1026592.44,4796382.13
Hotel Cosmos,2025,10,BUDGET,3562,6747,2046089.66,94111.20,0.00,2140200.86,391030.30,364783.90,13500.00,77556.53,0.00,846870.72,17627.75,60765.93,3065465.26,860.64,-471290.56,-318726.19,-790016.75,-113233.62,-77974.47,-191208.08,-515363.06,-47495.75,-754066.90,-1544083.64,1350184.11,92803.83,1521381.62,-786519.87,734861.74
Hotel Cosmos,2025,10,REAL,2509,4593,1411089.61,48952.63,0.00,1460042.23,205025.35,198841.95,45242.36,52038.72,0.00,501148.37,25095.62,45397.25,2031683.48,809.79,-298880.57,-213018.26,-511898.83,-68555.87,-57645.77,-126201.64,-288246.78,-20866.51,-435314.94,-947213.77,948143.40,65833.43,1084469.71,-537315.04,547154.67
Hotel Cosmos,2025,11,BUDGET,0,0,0.00,0.00,0.00,0.00,0.00,0.00,0.00,0.00,0.00,0.00,0.00,148602.10,148602.10,,-5135.28,-4284.00,-9419.28,0.00,0.00,0.00,-27322.42,-2550.00,-29872.42,-39291.70,-9419.28,-29872.42,109310.40,-200806.16,-91495.76
Hotel Cosmos,2025,11,REAL,0,0,39508.65,-1018.18,0.00,38490.47,-122.18,-347.70,0.00,0.00,0.00,-469.88,1090.88,395527.19,434638.66,,-7989.79,-63541.44,-71531.23,184.46,0.00,184.46,-15869.83,832.99,-14852.38,-86383.61,-33040.76,-15322.26,348255.05,-308972.99,39282.06
Hotel Cosmos,2025,12,BUDGET,0,0,0.00,0.00,0.00,0.00,0.00,0.00,0.00,0.00,0.00,0.00,0.00,5475516.48,5475516.48,,3400.10,-50.40,3349.70,0.00,0.00,0.00,-1896.46,0.00,-1896.46,1453.24,3349.70,-1896.46,5476969.72,-320198.31,5156771.41
Hotel Cosmos,2025,12,REAL,0,0,44884.85,0.00,0.00,44884.85,0.00,0.26,0.00,0.00,0.00,0.26,3204.36,5424125.31,5472214.79,,12066.08,-3420.34,8645.74,729.79,77.13,806.91,8720.56,-12343.33,-2815.85,5829.89,53530.59,-2815.59,5478044.68,-251297.93,5226746.75
Hotel Cosmos,2026,1,BUDGET,0,0,0.00,0.00,0.00,0.00,0.00,0.00,0.00,0.00,0.00,0.00,0.00,21340.29,21340.29,,-7558.48,-183.05,-7741.52,0.00,0.00,0.00,-11605.40,-3166.67,-14772.07,-22513.59,-7741.52,-14772.07,-1173.30,-188974.32,-190147.62
Hotel Cosmos,2026,1,REAL,0,0,-15685.92,0.00,0.00,-15685.92,11.60,0.00,0.00,0.00,0.00,11.60,-0.93,34177.19,18501.94,,-8937.81,-499.18,-9436.99,-0.82,0.00,-0.82,-16146.76,-3323.38,-19470.97,-28907.95,-25122.91,-19459.37,-10406.02,-255529.08,-265935.10
Hotel Cosmos,2026,2,BUDGET,0,0,0.00,0.00,0.00,0.00,0.00,0.00,0.00,0.00,0.00,0.00,0.00,23361.80,23361.80,,-35051.89,-1087.31,-36139.20,0.00,0.00,0.00,-26416.56,-7585.00,-34001.56,-70140.76,-36139.20,-34001.56,-46778.96,-489647.15,-536426.12
Hotel Cosmos,2026,2,REAL,0,0,-190.26,0.00,0.00,-190.26,0.00,0.00,0.00,0.00,0.00,0.00,0.00,20649.13,20458.87,,-31477.38,215.11,-31262.27,0.00,0.00,0.00,-31609.42,-10875.37,-42484.79,-73747.06,-31452.53,-42484.79,-53288.18,-437595.28,-490883.46
Hotel Cosmos,2026,3,BUDGET,0,0,0.00,0.00,0.00,0.00,0.00,0.00,0.00,0.00,0.00,0.00,0.00,6235.20,6235.20,,-51335.14,-36189.08,-87524.23,0.00,0.00,0.00,-33234.95,-23568.90,-56803.85,-144328.08,-87524.23,-56803.85,-138092.88,-531531.01,-669623.89
Hotel Cosmos,2026,3,REAL,0,0,-694.02,0.00,0.00,-694.02,0.00,0.00,0.00,0.00,0.00,0.00,482.30,7143.93,6932.21,,-65856.58,-79174.34,-145030.93,0.00,0.00,0.00,-41851.67,-22276.79,-64128.45,-209159.38,-145724.94,-64128.45,-202227.17,-531880.40,-734107.57
Hotel Cosmos,2026,4,BUDGET,2215,4116,937389.60,44365.83,0.00,981755.43,194207.90,196414.29,0.00,59175.90,0.00,449798.09,6915.95,48646.77,1487116.25,671.36,-390286.77,-230094.13,-620380.91,-90789.04,-43012.18,-133801.22,-475300.87,-84873.44,-693975.52,-1314356.43,361374.53,-244177.43,172759.82,-1103223.28,-930463.46
Hotel Cosmos,2026,4,REAL,0,0,-1876893.61,0.00,0.00,-1876893.61,0.00,0.00,0.00,0.00,0.00,0.00,0.08,0.00,-1876893.53,,0.00,-126027.31,-126027.31,-17368.66,-1744.72,-19113.38,0.00,-59399.30,-78512.68,-204539.99,-2002920.93,-78512.68,-2081433.53,-194596.16,-2276029.69
Hotel Cosmos,2026,5,BUDGET,9776,14023,4077550.48,274850.40,0.00,4352400.88,767994.97,800398.89,87051.76,234675.91,0.00,1890121.53,20591.30,39549.04,6302662.75,644.69,-673104.47,-737221.03,-1410325.50,-264080.37,-140470.87,-404551.25,-916946.22,-135708.25,-1457205.71,-2867531.22,2942075.38,432915.82,3435131.53,-1164641.30,2270490.23
Hotel Cosmos,2026,5,REAL,0,0,0.00,0.00,0.00,0.00,0.00,0.00,0.00,0.00,0.00,0.00,0.00,0.00,0.00,,0.00,0.00,0.00,0.00,0.00,0.00,0.00,0.00,0.00,0.00,0.00,0.00,0.00,0.00,0.00
Hotel Cosmos,2026,6,BUDGET,11414,14816,7940448.74,613219.55,0.00,8553668.29,1536708.71,1542438.72,93639.91,379667.12,0.00,3552454.46,40223.99,41392.42,12187739.17,1067.74,-847205.91,-1287141.93,-2134347.84,-469400.49,-270440.00,-739840.49,-1341059.78,-244363.57,-2325263.84,-4459611.68,6419320.46,1227190.62,7728127.49,-1508970.44,6219157.05
Hotel Cosmos,2026,6,REAL,0,0,0.00,0.00,0.00,0.00,0.00,0.00,0.00,0.00,0.00,0.00,0.00,0.00,0.00,,0.00,0.00,0.00,0.00,0.00,0.00,0.00,0.00,0.00,0.00,0.00,0.00,0.00,0.00,0.00
Hotel Cosmos,2026,7,BUDGET,13328,15438,11672893.20,822275.60,0.00,12495168.80,2025972.19,1845342.00,15010.80,391212.00,0.00,4277536.99,42132.92,41740.26,16856578.98,1264.71,-926972.99,-1792046.78,-2719019.77,-527402.70,-360458.60,-887861.30,-1378854.51,-268846.22,-2535562.04,-5254581.81,9776149.03,1741974.95,11601997.17,-1580560.69,10021436.48
Hotel Cosmos,2026,7,REAL,0,0,0.00,0.00,0.00,0.00,0.00,0.00,0.00,0.00,0.00,0.00,0.00,0.00,0.00,,0.00,0.00,0.00,0.00,0.00,0.00,0.00,0.00,0.00,0.00,0.00,0.00,0.00,0.00,0.00
Hotel Cosmos,2026,8,BUDGET,13862,15953,12248176.88,875473.37,4233.36,13127883.61,1985188.50,1966038.60,20967.16,376219.72,0.00,4348413.98,58310.90,43131.60,17577740.09,1268.06,-985320.99,-1838769.36,-2824090.35,-538706.02,-365485.16,-904191.18,-1423855.69,-258463.41,-2586510.27,-5410600.63,10303793.26,1761903.71,12167139.47,-1543160.58,10623978.88
Hotel Cosmos,2026,8,REAL,0,0,0.00,0.00,0.00,0.00,0.00,0.00,0.00,0.00,0.00,0.00,0.00,0.00,0.00,,0.00,0.00,0.00,0.00,0.00,0.00,0.00,0.00,0.00,0.00,0.00,0.00,0.00,0.00,0.00
Hotel Cosmos,2026,9,BUDGET,10054,12201,6832947.10,420636.58,0.00,7253583.68,1085526.28,1131818.66,145507.46,333024.58,0.00,2695876.98,34054.12,34087.88,10017602.66,996.40,-755154.50,-1037388.58,-1792543.08,-321634.53,-222000.83,-543635.36,-1030540.67,-156199.71,-1730375.74,-3522918.82,5461040.60,965501.25,6494683.84,-1122279.85,5372404.00
Hotel Cosmos,2026,9,REAL,0,0,0.00,0.00,0.00,0.00,0.00,0.00,0.00,0.00,0.00,0.00,0.00,0.00,0.00,,0.00,0.00,0.00,0.00,0.00,0.00,0.00,0.00,0.00,0.00,0.00,0.00,0.00,0.00,0.00
Hotel Cosmos,2026,10,BUDGET,2868,4414,1778648.25,47907.01,0.00,1826555.26,386487.42,272984.39,38177.43,62419.74,0.00,760068.98,31131.98,32348.70,2650104.92,923.99,-398155.06,-270773.31,-668928.37,-107408.19,-58289.81,-165698.00,-460589.16,-63923.88,-690211.03,-1359139.40,1157626.88,69857.95,1290965.51,-688546.66,602418.86
Hotel Cosmos,2026,10,REAL,0,0,0.00,0.00,0.00,0.00,0.00,0.00,0.00,0.00,0.00,0.00,0.00,0.00,0.00,,0.00,0.00,0.00,0.00,0.00,0.00,0.00,0.00,0.00,0.00,0.00,0.00,0.00,0.00,0.00
Hotel Cosmos,2026,11,BUDGET,0,0,0.00,0.00,0.00,0.00,0.00,0.00,0.00,0.00,0.00,0.00,0.00,51385.60,51385.60,,-4521.23,-4233.60,-8754.83,0.00,0.00,0.00,-12567.45,-6020.00,-18587.46,-27342.28,-8754.83,-18587.46,24043.31,-203221.39,-179178.08
Hotel Cosmos,2026,11,REAL,0,0,0.00,0.00,0.00,0.00,0.00,0.00,0.00,0.00,0.00,0.00,0.00,0.00,0.00,,0.00,0.00,0.00,0.00,0.00,0.00,0.00,0.00,0.00,0.00,0.00,0.00,0.00,0.00,0.00
Hotel Cosmos,2026,12,BUDGET,0,0,0.00,0.00,0.00,0.00,0.00,0.00,0.00,0.00,0.00,0.00,0.00,5386914.06,5386914.06,,5642.00,-48.80,5593.20,0.00,0.00,0.00,-8.85,-5083.34,-5092.19,501.01,5593.20,-5092.19,5387415.07,-328553.88,5058861.20
Hotel Cosmos,2026,12,REAL,0,0,0.00,0.00,0.00,0.00,0.00,0.00,0.00,0.00,0.00,0.00,0.00,0.00,0.00,,0.00,0.00,0.00,0.00,0.00,0.00,0.00,0.00,0.00,0.00,0.00,0.00,0.00,0.00,0.00
Hotel Delfos,2025,1,BUDGET,0,0,0.00,0.00,0.00,0.00,0.00,0.00,0.00,0.00,0.00,0.00,0.00,43432.96,43432.96,,0.00,-25.60,-25.60,0.00,0.00,0.00,-17295.42,-929.28,-18224.70,-18250.30,-25.60,-18224.70,25182.66,-269910.57,-244727.92
Hotel Delfos,2025,1,REAL,0,0,688.90,0.00,0.00,688.90,-20.98,82.22,0.00,0.00,0.00,61.24,-95.12,38414.29,39069.31,,-15109.83,8009.13,-7100.70,0.00,0.00,0.00,-6917.11,-109.00,-7026.11,-14126.80,-6411.79,-6964.87,24942.50,-178211.45,-153268.94
Hotel Delfos,2025,2,BUDGET,0,0,0.00,0.00,0.00,0.00,0.00,0.00,0.00,0.00,0.00,0.00,0.00,1336.50,1336.50,,-2933.15,-16.20,-2949.35,0.00,0.00,0.00,-21379.61,-12198.60,-33578.21,-36527.56,-2949.35,-33578.21,-35191.06,-181474.53,-216665.58
Hotel Delfos,2025,2,REAL,0,0,-1248.72,0.00,0.00,-1248.72,0.00,0.00,0.00,0.00,0.00,0.00,0.00,1303.50,54.78,,-3785.18,-3382.92,-7168.10,0.00,17.03,17.03,-19138.55,-102.70,-19224.22,-26392.32,-8416.83,-19224.22,-26337.54,-202793.93,-229131.47
Hotel Delfos,2025,3,BUDGET,0,0,0.00,0.00,0.00,0.00,0.00,0.00,0.00,0.00,0.00,0.00,0.00,19868.20,19868.20,,-95185.57,-3432.00,-98617.57,0.00,0.00,0.00,-135218.72,-13037.20,-148255.92,-246873.49,-98617.57,-148255.92,-227005.29,-430832.49,-657837.78
Hotel Delfos,2025,3,REAL,0,0,10181.31,0.00,0.00,10181.31,0.00,0.00,0.00,60.11,0.00,60.11,0.00,6825.00,17066.42,,-73877.02,-12526.01,-86403.03,-692.49,-46.53,-739.02,-90451.26,-11625.67,-102815.95,-189218.98,-76221.72,-102755.83,-172152.56,-385071.37,-557223.93
Hotel Delfos,2025,4,BUDGET,5398,10116,1276390.05,27686.04,0.00,1304076.09,242347.63,198700.38,37043.51,69201.80,0.00,547293.32,145812.95,8702.00,2005884.36,371.58,-248541.08,-260341.32,-508882.40,-105716.18,-47030.43,-152746.61,-432972.93,-110802.05,-696521.59,-1205403.98,795193.69,-149228.27,800480.38,-677303.63,123176.74
Hotel Delfos,2025,4,REAL,6195,11314,1441603.68,33362.63,0.00,1474966.31,219061.50,185519.95,228408.63,129596.60,0.00,762586.68,167451.34,1854.01,2406858.34,388.53,-292013.63,-232392.98,-524406.62,-159021.87,-54143.69,-213165.56,-480873.37,-67477.15,-761516.08,-1285922.70,950559.69,1070.60,1120935.65,-621678.49,499257.16
Hotel Delfos,2025,5,BUDGET,10895,14366,3225957.39,78217.40,0.00,3304174.79,604456.69,603600.60,228191.66,131085.82,0.00,1567334.77,374972.21,7906.30,5254388.07,482.29,-450724.80,-563030.89,-1013755.69,-250829.28,-127257.64,-378086.92,-714814.99,-132128.12,-1225030.03,-2238785.72,2290419.10,342304.74,3015602.35,-976458.28,2039144.07
Hotel Delfos,2025,5,REAL,13924,19409,4043447.34,108514.02,0.00,4151961.36,726932.18,779640.80,337558.43,213872.00,0.00,2058003.40,496854.86,5498.40,6712318.02,482.06,-600526.74,-619649.69,-1220176.43,-344587.46,-173787.28,-518374.74,-955548.09,-164735.70,-1638658.53,-2858834.96,2931784.93,419344.87,3853483.06,-1298994.07,2554488.99
Hotel Delfos,2025,6,BUDGET,13939,16269,6432470.84,147488.00,0.00,6579958.84,1020662.34,1214420.68,124253.56,190523.30,0.00,2549859.87,565132.41,6856.59,9701807.71,696.01,-616410.10,-1046755.11,-1663165.20,-349258.41,-235877.25,-585135.66,-1007630.63,-261012.65,-1853778.94,-3516944.14,4916793.63,696080.93,6184863.57,-1262672.25,4922191.32
Hotel Delfos,2025,6,REAL,13319,15530,6010659.85,152184.83,0.00,6162844.67,879415.32,1183810.11,108820.60,201731.57,0.00,2373777.60,532095.04,33778.50,9102495.81,683.41,-607023.87,-992546.10,-1599569.97,-320269.71,-233073.19,-553342.90,-1020046.38,-319385.37,-1892774.65,-3492344.61,4563274.71,481002.95,5610151.20,-1233291.20,4376859.99
Hotel Delfos,2025,7,BUDGET,11388,12226,6470516.86,113837.60,0.00,6584354.46,1012186.23,1161307.15,30458.98,156088.80,0.00,2360041.17,498915.97,50326.40,9493637.99,833.65,-475370.95,-1006451.37,-1481822.32,-322602.05,-230768.65,-553370.70,-769270.16,-223191.26,-1545832.11,-3027654.43,5102532.14,814209.05,6465983.56,-1030367.06,5435616.50
Hotel Delfos,2025,7,REAL,16310,17881,8688359.42,169220.56,0.00,8857579.98,1287643.23,1552479.74,35793.28,266004.30,0.00,3141920.55,610162.37,31055.31,12640718.21,775.04,-730526.02,-1413981.96,-2144507.98,-430537.98,-304118.47,-734656.46,-1159871.59,-288125.85,-2182653.90,-4327161.87,6713072.00,959266.66,8313556.34,-1511604.47,6801951.87
Hotel Delfos,2025,8,BUDGET,11441,12226,6718277.12,82409.60,0.00,6800686.72,1108080.75,1343240.82,5642.14,196964.00,0.00,2653927.71,558969.31,5458.40,10019042.14,875.73,-481005.85,-1021673.95,-1502679.80,-355660.55,-272643.39,-628303.94,-783237.26,-240579.46,-1652120.67,-3154800.47,5298006.92,1001807.04,6864241.67,-1025691.89,5838549.78
Hotel Delfos,2025,8,REAL,15852,16811,8703391.11,136597.54,0.00,8839988.65,1362685.50,1614744.98,3289.33,286347.49,0.00,3267067.30,692925.48,5115.00,12805096.43,807.79,-723462.76,-1376026.94,-2099489.70,-455255.86,-333921.34,-789177.19,-1141462.59,-281338.49,-2211978.26,-4311467.96,6740498.95,1055089.04,8493628.46,-1403661.16,7089967.30
Hotel Delfos,2025,9,BUDGET,12490,13444,5046469.19,93763.35,0.00,5140232.54,684350.75,1009521.92,173984.79,179378.02,0.00,2047235.48,656357.83,21839.23,7865665.08,629.77,-551869.00,-820692.41,-1372561.41,-267659.42,-198384.27,-466043.70,-855840.50,-213422.58,-1535306.78,-2907868.19,3767671.13,511928.70,4957796.89,-1056614.63,3901182.26
Hotel Delfos,2025,9,REAL,11774,12438,4584265.47,56273.99,0.00,4640539.47,543981.02,736076.15,268411.95,193161.16,0.00,1741630.28,495080.44,2632.99,6879883.18,584.34,-502010.89,-808259.57,-1310270.46,-257416.50,-162998.75,-420415.25,-805289.99,-210514.74,-1436219.99,-2746490.45,3330269.01,305410.29,4133392.73,-897460.79,3235931.94
Hotel Delfos,2025,10,BUDGET,0,0,0.00,0.00,0.00,0.00,0.00,0.00,0.00,0.00,0.00,0.00,0.00,1827.50,1827.50,,-84041.80,-1076.95,-85118.75,0.00,0.00,0.00,-182853.44,-61351.30,-244204.74,-329323.50,-85118.75,-244204.74,-327496.00,-254673.89,-582169.89
Hotel Delfos,2025,10,REAL,1120,0,261510.97,479.82,0.00,261990.78,-4787.78,1661.34,21671.57,110117.94,0.00,128663.06,24389.30,1567.02,416610.17,371.90,-100720.51,-84334.48,-185054.99,-56137.97,-35982.75,-92120.72,-209412.89,-38074.05,-339607.65,-524662.64,76935.80,-210944.59,-108052.47,-416517.75,-524570.22
Hotel Delfos,2025,11,BUDGET,0,0,0.00,0.00,0.00,0.00,0.00,0.00,0.00,0.00,0.00,0.00,0.00,2464.50,2464.50,,0.00,-317.13,-317.13,0.00,0.00,0.00,-15488.39,-2487.75,-17976.14,-18293.27,-317.13,-17976.14,-15828.77,-168560.61,-184389.38
Hotel Delfos,2025,11,REAL,0,0,3420.88,0.00,0.00,3420.88,683.40,185.75,0.00,0.02,0.00,869.17,1438.55,89097.86,94826.46,,-9151.53,-32441.20,-41592.73,209.63,86.94,296.56,-22016.30,-264.04,-21983.78,-63576.51,-38171.85,-21114.61,31249.95,-161460.93,-130210.98
Hotel Delfos,2025,12,BUDGET,0,0,0.00,0.00,0.00,0.00,0.00,0.00,0.00,0.00,0.00,0.00,0.00,106534.96,106534.96,,0.00,-20.60,-20.60,0.00,0.00,0.00,-16623.91,-11.33,-16635.24,-16655.84,-20.60,-16635.24,89879.12,-220655.35,-130776.22
Hotel Delfos,2025,12,REAL,0,0,-6207.81,0.00,0.00,-6207.81,0.00,0.00,0.00,0.00,0.00,0.00,15085.40,176840.78,185718.37,,0.00,-75190.01,-75190.01,956.71,408.31,1365.02,-11958.01,-29301.41,-39894.40,-115084.42,-81397.83,-39894.40,70633.95,-46018.96,24614.99
Hotel Delfos,2026,1,BUDGET,0,0,0.00,0.00,0.00,0.00,0.00,0.00,0.00,0.00,0.00,0.00,0.00,26240.00,26240.00,,0.00,0.00,0.00,0.00,0.00,0.00,-23839.69,-350.57,-24190.26,-24190.26,0.00,-24190.26,2049.74,-206150.92,-204101.18
Hotel Delfos,2026,1,REAL,0,0,0.00,0.00,0.00,0.00,0.00,0.00,0.00,0.00,0.00,0.00,-0.01,15487.05,15487.04,,0.00,-1966.90,-1966.90,-175.50,0.00,-175.50,-25266.06,0.00,-25441.56,-27408.46,-1966.90,-25441.56,-11921.42,-142196.02,-154117.44
Hotel Delfos,2026,2,BUDGET,0,0,-123.76,0.00,0.00,-123.76,0.00,0.00,0.00,0.00,0.00,0.00,0.00,0.00,-123.76,,0.00,0.00,0.00,0.00,0.00,0.00,-34596.63,-59.50,-34656.13,-34656.13,-123.76,-34656.13,-34779.89,-332793.71,-367573.60
Hotel Delfos,2026,2,REAL,0,0,0.01,0.00,0.00,0.01,0.00,0.00,0.00,0.00,0.00,0.00,0.00,11954.29,11954.30,,1.20,7.45,8.64,0.00,0.00,0.00,-33833.13,-201.30,-34034.42,-34025.78,8.66,-34034.42,-22071.48,-186322.85,-208394.33
Hotel Delfos,2026,3,BUDGET,0,0,0.00,0.00,0.00,0.00,0.00,0.00,0.00,0.00,0.00,0.00,0.00,0.00,0.00,,-4607.28,0.00,-4607.28,0.00,0.00,0.00,-25434.57,-253.60,-25688.17,-30295.44,-4607.28,-25688.17,-30295.44,-244381.14,-274676.58
Hotel Delfos,2026,3,REAL,0,0,0.00,0.00,0.00,0.00,0.00,0.00,0.00,0.00,0.00,0.00,0.00,0.00,0.00,,-7373.30,-2476.13,-9849.43,0.00,0.00,0.00,-36920.75,-3823.77,-40744.52,-50593.95,-9849.43,-40744.52,-50593.95,-217599.86,-268193.81
Hotel Delfos,2026,4,BUDGET,0,0,0.00,0.00,0.00,0.00,0.00,0.00,0.00,0.00,0.00,0.00,0.00,0.00,0.00,,-6973.40,-1971.20,-8944.60,0.00,0.00,0.00,-56052.87,-3273.76,-59326.63,-68271.23,-8944.60,-59326.63,-68271.23,-487494.55,-555765.78
Hotel Delfos,2026,4,REAL,0,0,-170104.87,0.00,0.00,-170104.87,0.00,0.00,0.00,0.00,0.00,0.00,0.00,0.00,-170104.87,,0.00,-401.01,-401.01,0.00,0.00,0.00,0.00,0.00,0.00,-401.01,-170505.88,0.00,-170505.88,-21526.49,-192032.37
Hotel Delfos,2026,5,BUDGET,0,0,0.00,0.00,0.00,0.00,0.00,0.00,0.00,0.00,0.00,0.00,0.00,2095.50,2095.50,,-248463.94,-19551.65,-268015.59,-9652.00,-2730.50,-12382.50,-462923.84,-107615.99,-582922.33,-850937.92,-268015.59,-582922.33,-848842.42,-755828.73,-1604671.15
Hotel Delfos,2026,5,REAL,0,0,0.00,0.00,0.00,0.00,0.00,0.00,0.00,0.00,0.00,0.00,0.00,0.00,0.00,,0.00,0.00,0.00,0.00,0.00,0.00,0.00,0.00,0.00,0.00,0.00,0.00,0.00,-97.60,-97.60
Hotel Delfos,2026,6,BUDGET,6534,14143,3697344.47,73373.00,0.00,3770717.48,1339659.35,1479308.37,19890.38,120479.53,0.00,2959337.62,70308.27,90461.55,6890824.92,1054.67,-658544.75,-584694.28,-1243239.03,-473711.57,-303269.53,-776981.10,-1320937.49,-442621.92,-2540540.51,-3783779.54,2527478.44,418797.11,3107045.38,-1172154.49,1934890.88
Hotel Delfos,2026,6,REAL,0,0,0.00,0.00,0.00,0.00,0.00,0.00,0.00,0.00,0.00,0.00,0.00,0.00,0.00,,0.00,0.00,0.00,0.00,0.00,0.00,0.00,0.00,0.00,0.00,0.00,0.00,0.00,-80.80,-80.80
Hotel Delfos,2026,7,BUDGET,9039,16292,6768277.41,101495.84,0.00,6869773.25,1715675.47,1791960.81,23820.75,161035.51,0.00,3692492.54,98319.77,127484.49,10788070.05,1193.49,-660840.27,-1047286.02,-1708126.28,-585492.47,-374331.83,-959824.30,-1317150.04,-504993.25,-2781967.58,-4490093.87,5161646.97,910524.95,6297976.18,-1292505.33,5005470.85
Hotel Delfos,2026,7,REAL,0,0,0.00,0.00,0.00,0.00,0.00,0.00,0.00,0.00,0.00,0.00,0.00,0.00,0.00,,0.00,0.00,0.00,0.00,0.00,0.00,0.00,0.00,0.00,0.00,0.00,0.00,0.00,0.00,0.00
Hotel Delfos,2026,8,BUDGET,7968,13719,6108102.34,89491.42,0.00,6197593.76,1523599.09,1573187.14,3960.62,177648.48,0.00,3278395.33,89873.99,75627.36,9641490.43,1210.03,-556900.24,-944297.35,-1501197.58,-510171.68,-319910.33,-830082.01,-1109731.82,-419083.20,-2358897.03,-3860094.62,4696396.18,919498.29,5781395.82,-1078302.62,4703093.20
Hotel Delfos,2026,8,REAL,0,0,0.00,0.00,0.00,0.00,0.00,0.00,0.00,0.00,0.00,0.00,0.00,0.00,0.00,,0.00,0.00,0.00,0.00,0.00,0.00,0.00,0.00,0.00,0.00,0.00,0.00,0.00,0.00,0.00
Hotel Delfos,2026,9,BUDGET,8845,16319,4840442.53,99332.49,0.00,4939775.02,1289581.70,1502101.95,60941.15,163771.04,0.00,3016395.84,103207.08,123048.63,8182426.58,925.06,-679572.77,-770396.29,-1449969.06,-475948.33,-316100.22,-792048.55,-1359918.65,-415822.48,-2567789.68,-4017758.74,3489805.96,448606.16,4164667.83,-1209923.36,2954744.47
Hotel Delfos,2026,9,REAL,0,0,0.00,0.00,0.00,0.00,0.00,0.00,0.00,0.00,0.00,0.00,0.00,0.00,0.00,,0.00,0.00,0.00,0.00,0.00,0.00,0.00,0.00,0.00,0.00,0.00,0.00,0.00,0.00,0.00
Hotel Delfos,2026,10,BUDGET,6440,14051,2194923.86,72323.11,0.00,2267246.96,1021455.75,912895.78,94808.21,132801.54,0.00,2161961.29,94031.30,133047.52,4656287.08,723.01,-643431.75,-400931.80,-1044363.56,-355456.73,-225577.25,-581033.98,-1166729.58,-461632.74,-2209396.30,-3253759.86,1222883.41,-47435.01,1402527.22,-1153673.18,248854.04
Hotel Delfos,2026,10,REAL,0,0,0.00,0.00,0.00,0.00,0.00,0.00,0.00,0.00,0.00,0.00,0.00,0.00,0.00,,0.00,0.00,0.00,0.00,0.00,0.00,0.00,0.00,0.00,0.00,0.00,0.00,0.00,0.00,0.00
Hotel Delfos,2026,11,BUDGET,0,0,0.00,0.00,0.00,0.00,0.00,0.00,0.00,0.00,0.00,0.00,8460.49,56794.00,65254.49,,-75673.12,-6896.15,-82569.27,0.00,0.00,0.00,-217723.55,-10165.00,-227888.55,-310457.82,-82569.27,-227888.55,-245203.34,-363800.84,-609004.18
Hotel Delfos,2026,11,REAL,0,0,0.00,0.00,0.00,0.00,0.00,0.00,0.00,0.00,0.00,0.00,0.00,0.00,0.00,,0.00,0.00,0.00,0.00,0.00,0.00,0.00,0.00,0.00,0.00,0.00,0.00,0.00,0.00,0.00
Hotel Delfos,2026,12,BUDGET,0,0,0.00,0.00,0.00,0.00,0.00,0.00,0.00,0.00,0.00,0.00,0.00,140412.67,140412.67,,0.00,0.00,0.00,0.00,0.00,0.00,-48089.87,-5111.22,-53201.09,-53201.09,0.00,-53201.09,87211.58,-304234.70,-217023.12
Hotel Delfos,2026,12,REAL,0,0,0.00,0.00,0.00,0.00,0.00,0.00,0.00,0.00,0.00,0.00,0.00,0.00,0.00,,0.00,0.00,0.00,0.00,0.00,0.00,0.00,0.00,0.00,0.00,0.00,0.00,0.00,0.00,0.00
Hotel Eclipse,2025,1,BUDGET,3061,3779,658578.03,29124.61,0.00,687702.64,7847.50,933.14,0.00,303994.38,2819.72,315594.74,42770.55,6571.29,1052639.22,343.86,-42593.72,-111262.80,-153856.52,-128839.27,-49357.45,-178196.72,-73722.18,-7116.35,-259035.26,-412891.78,533846.12,56559.48,639747.44,-373059.37,266688.07
Hotel Eclipse,2025,1,REAL,2857,3458,635408.35,23623.41,579.51,659611.26,3288.90,87.91,-424.38,283087.42,3984.71,290024.56,26238.67,4703.38,980577.88,343.26,-41328.21,-77798.23,-119126.44,-112528.66,-40481.94,-153010.60,-72994.61,-5165.34,-231170.56,-350296.99,540484.82,58854.00,630280.89,-299359.63,330921.25
Hotel Eclipse,2025,2,BUDGET,3547,4122,861218.46,33744.54,0.00,894963.00,9092.32,1081.16,0.00,352215.93,3267.01,365656.42,49573.38,7151.56,1317344.35,371.41,-53467.34,-128063.92,-181531.26,-149276.59,-57186.85,-206463.44,-96862.89,-8347.84,-311674.17,-493205.43,713431.74,53982.25,824138.92,-439967.23,384171.68
Hotel Eclipse,2025,2,REAL,2818,3123,618291.05,21763.63,493.23,640547.90,2762.28,393.31,-685.82,281353.57,3939.42,287762.76,32502.46,4796.85,965609.97,342.68,-41778.36,-75594.67,-117373.03,-119900.94,-43763.53,-163664.47,-74047.93,-6650.58,-244362.98,-361736.01,523174.87,43399.78,603873.97,-305804.33,298069.63
Hotel Eclipse,2025,3,BUDGET,3516,4314,905650.24,33453.22,0.00,939103.46,9013.83,1071.83,0.00,349175.27,3238.80,362499.73,49128.33,6980.88,1357712.40,386.12,-51100.50,-121397.09,-172497.59,-147987.89,-56693.16,-204681.05,-89041.59,-8145.55,-301868.19,-474365.79,766605.87,60631.53,883346.61,-430206.01,453140.60
Hotel Eclipse,2025,3,REAL,2825,3922,644211.81,20219.03,335.60,664766.44,1387.95,322.23,-111.72,281212.59,2920.60,285731.66,32460.47,5156.17,988114.74,349.80,-49053.80,-69670.91,-118724.71,-103689.01,-33328.63,-137017.64,-82037.69,-7737.69,-226793.02,-345517.72,546041.74,58938.64,642597.02,-331042.89,311554.13
Hotel Eclipse,2025,4,BUDGET,2771,3381,604445.24,26367.11,0.00,630812.35,7104.50,844.79,0.00,275212.39,2552.75,285714.44,40686.84,5042.56,962256.19,347.20,-41387.18,-97073.11,-138460.29,-117195.14,-44684.32,-161879.46,-72116.33,-6488.00,-240483.80,-378944.09,492352.06,45230.64,583312.10,-349149.43,234162.67
Hotel Eclipse,2025,4,REAL,1233,3830,270884.75,3911.38,159.90,274956.03,475.22,97.14,-112.73,121906.63,5101.83,127468.09,25553.27,1992.74,429970.12,348.66,-41663.13,-26698.57,-68361.70,-50263.97,-13998.33,-64262.31,-58628.07,-4064.33,-126954.71,-195316.41,206594.33,513.38,234653.71,-311635.89,-76982.17
Hotel Eclipse,2025,5,REAL,0,0,0.00,0.00,0.00,0.00,0.00,0.00,0.00,0.00,0.00,0.00,0.00,0.00,0.00,,0.00,0.00,0.00,0.00,0.00,0.00,0.00,0.00,0.00,0.00,0.00,0.00,0.00,0.00,0.00
Hotel Eclipse,2025,6,REAL,0,0,0.00,0.00,0.00,0.00,0.00,0.00,0.00,0.00,0.00,0.00,0.00,0.00,0.00,,0.00,0.00,0.00,0.00,0.00,0.00,0.00,0.00,0.00,0.00,0.00,0.00,0.00,0.00,0.00
Hotel Eclipse,2025,7,REAL,0,0,0.00,0.00,0.00,0.00,0.00,0.00,0.00,0.00,0.00,0.00,0.00,0.00,0.00,,0.00,0.00,0.00,0.00,0.00,0.00,0.00,0.00,0.00,0.00,0.00,0.00,0.00,0.00,0.00
Hotel Eclipse,2025,8,REAL,0,0,0.00,0.00,0.00,0.00,0.00,0.00,0.00,0.00,0.00,0.00,0.00,0.00,0.00,,0.00,0.00,0.00,0.00,0.00,0.00,0.00,0.00,0.00,0.00,0.00,0.00,0.00,0.00,0.00
Hotel Eclipse,2025,9,REAL,0,0,0.00,0.00,0.00,0.00,0.00,0.00,0.00,0.00,0.00,0.00,0.00,0.00,0.00,,0.00,0.00,0.00,0.00,0.00,0.00,0.00,0.00,0.00,0.00,0.00,0.00,0.00,0.00,0.00
Hotel Eclipse,2025,10,REAL,0,0,0.00,0.00,0.00,0.00,0.00,0.00,0.00,0.00,0.00,0.00,0.00,0.00,0.00,,0.00,0.00,0.00,0.00,0.00,0.00,0.00,0.00,0.00,0.00,0.00,0.00,0.00,0.00,0.00
Hotel Eclipse,2025,11,REAL,0,0,0.00,0.00,0.00,0.00,0.00,0.00,0.00,0.00,0.00,0.00,0.00,0.00,0.00,,0.00,0.00,0.00,0.00,0.00,0.00,0.00,0.00,0.00,0.00,0.00,0.00,0.00,0.00,0.00
Hotel Eclipse,2025,12,REAL,0,0,0.00,0.00,0.00,0.00,0.00,0.00,0.00,0.00,0.00,0.00,0.00,0.00,0.00,,0.00,0.00,0.00,0.00,0.00,0.00,0.00,0.00,0.00,0.00,0.00,0.00,0.00,0.00,0.00
Hotel Fenix,2025,1,BUDGET,31536,35881,11207457.98,284629.59,2175.42,11494262.99,20194.88,107442.58,149394.12,2797730.50,10093.58,3084855.68,1289598.42,221415.05,16090132.14,510.21,-806001.65,-1209469.84,-2015471.49,-1146421.59,-422034.15,-1568455.74,-1262116.40,-146405.42,-2976977.55,-4992449.04,9478791.50,107878.12,11097683.09,-3155941.36,7941741.73
Hotel Fenix,2025,1,REAL,35280,42631,12694389.50,263742.58,4197.30,12962329.38,14455.06,126188.51,148767.50,3189249.50,6920.22,3485580.79,1783956.76,243417.37,18475284.30,523.68,-868951.09,-1397142.46,-2266093.55,-1140742.36,-497475.62,-1638217.98,-1389328.25,-156442.24,-3183988.46,-5450082.01,10696235.83,301592.33,13025202.29,-3386391.32,9638810.96
Hotel Fenix,2025,2,BUDGET,24042,27596,8575028.52,272575.85,2709.70,8850314.08,17951.24,107795.12,124629.54,2205240.18,7747.94,2463364.02,1159506.25,175977.85,12649162.20,526.12,-669813.47,-1023534.69,-1693348.16,-875385.42,-318111.84,-1193497.26,-1061459.40,-122368.70,-2377325.37,-4070673.53,7156965.91,86038.65,8578488.67,-2664595.17,5913893.51
Hotel Fenix,2025,2,REAL,34979,40110,11487116.58,249691.26,-1435.76,11735372.08,15429.09,118210.50,204234.58,3141644.63,15144.70,3494663.49,2049843.88,245911.15,17525790.59,501.04,-833647.69,-1297935.10,-2131582.79,-1153154.86,-425155.53,-1578310.39,-1279378.85,-121760.14,-2979449.38,-5111032.16,9603789.29,515214.11,12414758.43,-3834577.96,8580180.46
Hotel Fenix,2025,3,BUDGET,28598,33039,10429518.65,269109.52,6253.45,10704881.62,19137.00,161902.32,136071.76,2447275.27,12732.87,2777119.22,1805427.45,199656.58,15487084.87,541.55,-740825.67,-1232635.89,-1973461.56,-1017627.40,-372857.20,-1390484.60,-1161463.52,-134594.17,-2686542.29,-4660003.84,8731420.06,90576.93,10827081.02,-3203821.93,7623259.10
Hotel Fenix,2025,3,REAL,27766,31618,8971793.29,214490.64,991.56,9187275.49,14178.39,77341.20,111850.82,2457724.16,11970.49,2673065.05,1778809.36,187892.79,13827042.69,497.98,-687339.58,-1169760.20,-1857099.77,-914752.78,-391453.76,-1306206.53,-1014409.94,-111299.61,-2431916.08,-4289015.86,7330175.72,241148.97,9538026.83,-2780950.03,6757076.80
Hotel Fenix,2025,4,BUDGET,23309,27848,7284306.33,201326.63,2684.41,7488317.37,23223.85,87366.91,121110.57,2061495.98,11514.10,2304711.41,1097855.58,164359.77,11055244.14,474.28,-637608.14,-924394.22,-1562002.35,-815909.20,-304053.44,-1119962.64,-993971.57,-115607.07,-2229541.29,-3791543.64,5926315.02,75170.12,7263700.50,-2764684.36,4499016.14
Hotel Fenix,2025,4,REAL,22282,25785,6537341.37,150160.04,707.77,6688209.17,12143.28,69397.35,101649.91,2021683.86,6944.54,2211818.93,1187168.84,154601.36,10241798.31,459.65,-547328.36,-752827.73,-1300156.10,-741152.92,-281577.47,-1022730.38,-823910.84,-94265.08,-1940906.30,-3241062.39,5388053.08,270912.64,7000735.92,-2351374.70,4649361.22
Hotel Fenix,2025,5,BUDGET,35343,43342,9701063.42,316202.04,2888.83,10020154.29,30971.69,164377.56,177166.44,3086686.24,15394.58,3474596.50,1948969.82,248894.83,15692615.44,444.00,-935013.42,-1234157.20,-2169170.61,-1249068.52,-459653.02,-1708721.54,-1476259.49,-174518.05,-3359499.07,-5528669.68,7850983.68,115097.43,10163945.75,-4119501.93,6044443.83
Hotel Fenix,2025,5,REAL,25973,32329,6500656.14,201391.06,643.22,6702690.42,9902.66,72611.92,129962.00,2294972.64,8011.83,2515461.06,1604495.13,176820.66,10999467.27,423.49,-660805.57,-607721.70,-1268527.27,-851292.92,-311496.16,-1162789.07,-957682.55,-129298.33,-2249769.96,-3518297.23,5434163.15,265691.10,7481170.04,-3024646.46,4456523.58
Hotel Fenix,2025,6,BUDGET,23575,30254,7179453.64,226367.08,2263.52,7408084.25,16145.23,71683.61,124249.05,2196933.00,6365.07,2415375.97,947444.09,174294.93,10945199.24,464.27,-658772.74,-916209.81,-1574982.55,-852817.58,-313003.88,-1165821.46,-1044555.92,-123939.89,-2334317.27,-3909299.82,5833101.70,81058.70,7035899.42,-2858926.91,4176972.51
Hotel Fenix,2025,6,REAL,23105,34036,6352374.20,191729.39,827.15,6544930.74,12716.06,65399.72,105358.01,2128192.88,14038.40,2325705.07,1237997.50,179297.34,10287930.65,445.28,-673900.99,-789434.42,-1463335.41,-841517.91,-286304.65,-1127822.56,-1042661.08,-128931.29,-2299414.94,-3762750.35,5081595.32,26290.13,6525180.30,-3184380.04,3340800.26
Hotel Fenix,2025,7,BUDGET,23313,30197,7228275.82,198523.09,3652.97,7430451.88,12647.85,75960.61,115433.43,2230648.38,10807.94,2445498.21,734437.27,180057.01,10790444.37,462.85,-636940.33,-945778.69,-1582719.02,-909477.69,-316199.22,-1225676.90,-1013317.84,-121012.44,-2360007.18,-3942726.20,5847732.86,85491.03,6847718.17,-2833628.35,4014089.82
Hotel Fenix,2025,7,REAL,23800,31618,6806296.08,174716.44,1329.83,6982342.36,11771.99,72229.89,91747.88,2288971.40,8091.01,2472812.17,940963.91,185928.40,10582046.84,444.62,-681435.36,-807784.75,-1489220.11,-928850.42,-288594.57,-1217444.99,-1071122.38,-126110.79,-2414678.16,-3903898.27,5493122.25,58134.01,6678148.57,-2885787.13,3792361.44
Hotel Fenix,2025,8,BUDGET,21800,28421,6277081.47,177229.45,3302.38,6457613.30,14392.14,76940.93,112975.03,2045659.91,7132.42,2257100.44,664023.64,163964.09,9542701.47,437.74,-600411.09,-817504.45,-1417915.54,-818601.73,-292341.51,-1110943.24,-957537.90,-113432.40,-2181913.54,-3599829.08,5039697.76,75186.90,5942872.39,-2601250.08,3341622.31
Hotel Fenix,2025,8,REAL,26676,41921,7066289.41,220944.79,1822.33,7289056.54,16365.61,76642.43,146900.08,2503447.08,11932.44,2755287.63,915984.79,215201.12,11175530.09,418.93,-881531.56,-1342730.40,-2224261.96,-971440.24,-326091.08,-1297531.32,-1422898.19,-152500.72,-2872930.22,-5097192.18,5064794.58,-117642.59,6078337.91,-3610876.83,2467461.08
Hotel Fenix,2025,9,BUDGET,29696,41256,7361817.85,227586.24,4306.29,7593710.38,17693.30,122667.99,166000.03,2818336.10,9916.80,3134614.21,827452.51,225081.04,11780858.14,396.71,-885018.22,-1042955.80,-1927974.02,-1046965.59,-396258.66,-1443224.25,-1416623.15,-166110.10,-3025957.50,-4953931.52,5665736.36,108656.71,6826926.63,-3763433.73,3063492.89
Hotel Fenix,2025,9,REAL,20890,34036,4945970.75,112583.86,1047.82,5059602.42,10210.46,58908.16,112801.36,1770238.98,5289.54,1957448.50,1023365.32,170367.57,8210783.81,393.05,-678668.42,-662968.80,-1341637.22,-706228.78,-251584.96,-957813.73,-1119416.52,-122220.50,-2199450.76,-3541087.97,3717965.21,-242002.25,4669695.84,-2479527.28,2190168.56
Hotel Fenix,2025,10,BUDGET,33425,41921,8573919.37,255840.37,4234.52,8833994.25,20395.00,149347.23,165943.17,3049493.12,12189.40,3397367.93,1477917.05,238525.73,13947804.96,417.29,-895448.86,-1165150.12,-2060598.99,-1179156.21,-440624.24,-1619780.45,-1414748.46,-244311.27,-3278840.18,-5339439.17,6773395.26,118527.75,8608365.79,-3582418.27,5025947.53
Hotel Fenix,2025,10,REAL,25581,36237,5951296.78,191451.21,2117.39,6144865.38,14634.46,69034.46,177397.53,2267907.62,7288.42,2536262.49,1579355.54,184628.10,10445111.50,408.32,-758982.32,-1211317.52,-1970299.84,-851006.45,-285177.26,-1136183.71,-1188876.78,-145010.86,-2470071.35,-4440371.19,4174565.54,66191.14,6004740.31,-3291161.09,2713579.22
Hotel Fenix,2025,11,BUDGET,28662,34724,7737215.06,232420.45,3624.46,7973259.98,17488.79,128065.77,142065.09,2490000.09,10433.30,2788053.04,1370018.65,197092.26,12328423.93,430.13,-779600.95,-1023793.40,-1803394.35,-967863.24,-361773.82,-1329637.07,-1218129.51,-143581.17,-2691347.74,-4494742.09,6169865.63,96705.30,7833681.83,-3219953.10,4613728.73
Hotel Fenix,2025,11,REAL,28393,34724,7425786.47,165671.91,2381.66,7593840.04,8837.22,81281.16,141785.30,2541239.67,6696.92,2779840.27,2054296.75,190020.70,12617997.76,444.40,-806304.72,-734657.57,-1540962.28,-940216.12,-332928.77,-1273144.90,-1209847.49,-195182.99,-2678175.38,-4219137.66,6052877.75,101664.89,8398860.10,-3267512.40,5131347.70
Hotel Fenix,2025,12,BUDGET,26288,30908,8926870.09,189527.61,3122.06,9119519.76,16040.31,117458.96,123255.23,2420042.53,10531.02,2687328.05,846567.85,189494.89,12842910.54,488.55,-684217.81,-1070637.89,-1754855.70,-1040790.25,-359335.83,-1400126.08,-1068015.15,-125197.70,-2593338.94,-4348194.64,7364664.05,93989.11,8494715.90,-2745061.85,5749654.05
Hotel Fenix,2025,12,REAL,29201,34815,9419524.98,231034.34,1901.45,9652460.77,12454.61,108425.05,199867.24,2694628.72,7948.05,3023323.68,1270027.73,222200.60,14168012.78,485.19,-802659.96,-1316879.46,-2119539.42,-1143227.24,-406609.31,-1549836.55,-1257855.90,-172429.16,-2980121.61,-5099661.04,7532921.35,43202.07,9068351.75,-3923082.35,5145269.39
Hotel Fenix,2026,1,BUDGET,36354,44408,12772168.97,316207.31,3790.19,13092166.46,16248.77,145257.84,225694.17,3256170.99,9827.65,3653199.42,1721794.91,264129.98,18731290.76,515.25,-1012830.68,-1593106.62,-2605937.29,-1254377.05,-486151.65,-1740528.71,-1596524.83,-171494.04,-3508547.57,-6114484.87,10486229.17,144651.84,12616805.90,-3997842.11,8618963.78
Hotel Fenix,2026,1,REAL,36645,45473,12689807.58,307022.25,-3012.24,12993817.59,15323.89,124648.06,228216.58,3468751.56,13870.90,3850810.99,2133373.56,249360.26,19227362.39,524.69,-1101473.59,-1696543.97,-2798017.56,-1187765.08,-457157.71,-1644922.79,-1704189.32,-149668.70,-3498780.81,-6296798.37,10195800.03,352030.18,12930564.02,-4080139.58,8850424.44
Hotel Fenix,2026,2,BUDGET,24129,28237,9381041.00,199339.89,2225.18,9582606.06,11630.30,89111.64,158888.69,2349072.43,9459.33,2618162.40,1046914.62,175450.19,13423133.27,556.31,-728271.73,-1084638.19,-1812909.92,-838084.16,-319447.10,-1157531.26,-1147171.84,-120731.80,-2425434.91,-4238344.83,7769696.15,192727.49,9184788.44,-2708384.06,6476404.38
Hotel Fenix,2026,2,REAL,21111,25350,8176684.02,165480.48,7638.90,8349803.40,15740.68,80187.88,161401.27,2000369.73,4887.18,2262586.75,1042568.10,164370.87,11819329.11,559.86,-644386.72,-870508.84,-1514895.56,-775826.59,-273930.49,-1049757.08,-996372.02,-89247.35,-2135376.45,-3650272.01,6834907.83,127210.31,8169057.10,-2484517.02,5684540.08
Hotel Fenix,2026,3,BUDGET,32382,38013,12065572.27,293352.65,2528.27,12361453.19,18455.47,99108.62,193194.21,2853121.83,15263.82,3179143.95,1796957.65,220381.67,17557936.47,542.20,-894398.11,-1390660.87,-2285058.98,-1022724.21,-395460.67,-1418184.88,-1394406.27,-146798.90,-2959390.05,-5244449.03,10076394.21,219753.90,12313487.44,-3411110.01,8902377.42
Hotel Fenix,2026,3,REAL,31906,40144,11187653.52,343316.68,1391.85,11532362.05,16444.12,110827.41,193714.75,3042799.19,12364.08,3376149.54,1807810.24,238027.10,16954348.93,531.39,-981600.37,-1409861.56,-2391461.93,-1094084.75,-389438.19,-1483522.94,-1518957.82,-155222.26,-3157703.02,-5549164.95,9140900.12,218446.52,11405183.98,-3649879.41,7755304.57
Hotel Fenix,2026,4,BUDGET,22223,26816,7059408.88,178262.35,2404.49,7240075.72,13651.02,78099.22,140833.16,1976792.66,7619.99,2216996.05,1243580.84,151177.96,10851830.57,488.32,-637364.00,-879590.13,-1516954.13,-732681.99,-281405.07,-1014087.06,-1009547.83,-107012.28,-2130647.18,-3647601.30,5723121.59,86348.88,7204229.27,-2501145.01,4703084.26
Hotel Fenix,2026,4,REAL,0,0,1862938.09,188829.36,967.52,2052734.97,8625.41,55235.65,64513.68,5177955.25,12050.16,5318380.15,687314.25,47149.69,8105579.06,,-6432.64,-141321.59,-147754.23,-648521.10,-214236.69,-862757.79,-7901.11,-82505.42,-953164.33,-1100918.56,1904980.73,4365215.83,7004660.50,-616402.15,6388258.36
Hotel Fenix,2026,5,BUDGET,33555,43342,9405892.88,311421.39,4101.40,9721415.67,14395.27,105293.75,220277.51,2922362.63,11030.07,3273359.21,2057357.50,227919.06,15280051.44,455.37,-963369.92,-1227587.38,-2190957.30,-1036937.29,-409996.37,-1446933.67,-1540108.22,-167378.18,-3154420.07,-5345377.37,7530458.37,118939.14,9934674.07,-3880735.18,6053938.88
Hotel Fenix,2026,5,REAL,0,0,0.00,0.00,0.00,0.00,0.00,0.00,0.00,0.00,0.00,0.00,0.00,0.00,0.00,,0.00,0.00,0.00,0.00,0.00,0.00,0.00,0.00,0.00,0.00,0.00,0.00,0.00,0.00,0.00
Hotel Fenix,2026,6,BUDGET,18130,26816,5227685.56,170355.06,2546.94,5400587.57,10725.87,55068.74,140833.16,1876941.11,11753.32,2095322.20,1153428.70,144160.43,8793498.90,485.02,-584975.19,-711725.77,-1296700.96,-700848.30,-265428.56,-966276.86,-950015.94,-107012.28,-2023305.07,-3320006.03,4103886.61,72017.13,5473492.87,-2398206.50,3075286.37
Hotel Fenix,2026,6,REAL,0,0,0.00,0.00,0.00,0.00,0.00,0.00,0.00,0.00,0.00,0.00,0.00,0.00,0.00,,0.00,0.00,0.00,0.00,0.00,0.00,0.00,0.00,0.00,0.00,0.00,0.00,0.00,0.00,0.00
Hotel Fenix,2026,7,BUDGET,22056,28421,6916824.42,176288.02,1990.56,7095103.01,11339.97,69260.72,144444.27,2106271.38,7621.72,2338938.05,893095.94,169264.56,10496401.56,475.90,-628778.73,-878059.32,-1506838.06,-833473.85,-307022.04,-1140495.89,-1008527.83,-109756.19,-2258779.91,-3765617.97,5588264.95,80158.14,6730783.59,-2593499.69,4137283.90
Hotel Fenix,2026,7,REAL,0,0,0.00,0.00,0.00,0.00,0.00,0.00,0.00,0.00,0.00,0.00,0.00,0.00,0.00,,0.00,0.00,0.00,0.00,0.00,0.00,0.00,0.00,0.00,0.00,0.00,0.00,0.00,0.00,0.00
Hotel Fenix,2026,8,BUDGET,21120,28066,6225769.63,187130.82,2016.36,6414916.80,13274.73,60296.66,142638.71,1992466.59,8323.93,2217000.62,887568.69,150690.16,9670176.27,457.87,-616611.34,-813512.84,-1430124.18,-763680.78,-284537.82,-1048218.60,-989187.35,-108384.23,-2145790.18,-3575914.36,4984792.62,71210.44,6094261.91,-2523339.71,3570922.20
Hotel Fenix,2026,8,REAL,0,0,0.00,0.00,0.00,0.00,0.00,0.00,0.00,0.00,0.00,0.00,0.00,0.00,0.00,,0.00,0.00,0.00,0.00,0.00,0.00,0.00,0.00,0.00,0.00,0.00,0.00,0.00,0.00,0.00
Hotel Fenix,2026,9,BUDGET,20539,32317,5357741.02,128408.76,3159.35,5489309.13,10570.95,72511.88,169722.01,2030664.42,9842.04,2293311.31,1416974.30,151202.91,9350797.65,455.27,-690203.60,-767370.39,-1457573.98,-689687.49,-263367.04,-953054.53,-1134117.39,-128963.52,-2216135.44,-3673709.42,4031735.15,77175.87,5677088.23,-2859222.40,2817865.83
Hotel Fenix,2026,9,REAL,0,0,0.00,0.00,0.00,0.00,0.00,0.00,0.00,0.00,0.00,0.00,0.00,0.00,0.00,,0.00,0.00,0.00,0.00,0.00,0.00,0.00,0.00,0.00,0.00,0.00,0.00,0.00,0.00,0.00
Hotel Fenix,2026,10,BUDGET,30753,41565,8414274.14,238858.80,3865.86,8656998.80,15584.38,95438.66,211249.74,2876237.11,12674.91,3211184.79,1998175.18,200611.45,14066970.21,457.41,-907755.15,-1134800.57,-2042555.71,-1020548.76,-383138.02,-1403686.78,-1463620.94,-235583.52,-3102891.24,-5145446.95,6614443.08,108293.55,8921523.26,-3541367.91,5380155.35
Hotel Fenix,2026,10,REAL,0,0,0.00,0.00,0.00,0.00,0.00,0.00,0.00,0.00,0.00,0.00,0.00,0.00,0.00,,0.00,0.00,0.00,0.00,0.00,0.00,0.00,0.00,0.00,0.00,0.00,0.00,0.00,0.00,0.00
Hotel Fenix,2026,11,BUDGET,22269,28192,6445447.32,184187.51,2970.00,6632604.83,12302.95,76113.36,148055.37,2067552.24,8883.27,2312907.20,1561229.36,159510.45,10666251.83,478.98,-656080.83,-836166.85,-1492247.68,-779070.13,-298525.62,-1077595.75,-1041028.36,-112500.09,-2231124.20,-3723371.89,5140357.15,81782.99,6942879.95,-2580488.85,4362391.09
Hotel Fenix,2026,11,REAL,0,0,0.00,0.00,0.00,0.00,0.00,0.00,0.00,0.00,0.00,0.00,0.00,0.00,0.00,,0.00,0.00,0.00,0.00,0.00,0.00,0.00,0.00,0.00,0.00,0.00,0.00,0.00,0.00,0.00
Hotel Fenix,2026,12,BUDGET,26556,34105,9373525.52,218162.54,3342.66,9595030.71,15953.52,113084.27,173333.12,2589413.34,12273.93,2904058.19,1293659.37,199804.53,13992552.80,526.90,-780750.02,-1147284.80,-1928034.82,-1035680.60,-369192.66,-1404873.26,-1254868.57,-131707.42,-2791449.25,-4719484.07,7666995.89,112608.94,9273068.73,-3247891.95,6025176.77
Hotel Fenix,2026,12,REAL,0,0,0.00,0.00,0.00,0.00,0.00,0.00,0.00,0.00,0.00,0.00,0.00,0.00,0.00,,0.00,0.00,0.00,0.00,0.00,0.00,0.00,0.00,0.00,0.00,0.00,0.00,0.00,0.00,0.00
Hotel Galena,2025,1,BUDGET,0,0,0.00,0.00,0.00,0.00,0.00,0.00,0.00,0.00,0.00,0.00,0.00,0.00,0.00,,-11976.32,-23.40,-11999.72,0.00,0.00,0.00,-19416.30,0.00,-19416.30,-31416.01,-11999.72,-19416.30,-31416.01,-185777.13,-217193.15
Hotel Galena,2025,1,REAL,0,0,-11701.83,0.00,0.00,-11701.83,0.00,0.00,-218.18,0.00,0.00,-218.18,0.00,0.00,-11920.02,,-8071.53,-1491.90,-9563.43,0.00,0.00,0.00,-13486.39,-752.09,-14238.48,-23801.91,-21265.26,-14456.66,-35721.93,-132538.34,-168260.26
Hotel Galena,2025,2,BUDGET,0,0,0.00,0.00,0.00,0.00,0.00,0.00,0.00,0.00,0.00,0.00,0.00,0.00,0.00,,-28078.94,-24.00,-28102.94,0.00,0.00,0.00,-42698.14,0.00,-42698.14,-70801.07,-28102.94,-42698.14,-70801.07,-460261.36,-531062.43
Hotel Galena,2025,2,REAL,0,0,-1154.46,0.00,0.00,-1154.46,0.00,0.00,0.00,0.00,0.00,0.00,0.00,0.00,-1154.46,,-21236.00,-6006.50,-27242.50,0.00,0.00,0.00,-31328.22,-31439.10,-62767.32,-90009.82,-28396.96,-62767.32,-91164.28,-278009.77,-369174.06
Hotel Galena,2025,3,BUDGET,0,0,0.00,0.00,0.00,0.00,0.00,0.00,0.00,0.00,0.00,0.00,0.00,0.00,0.00,,-141863.75,-280732.88,-422596.64,0.00,0.00,0.00,-126971.03,-82323.29,-209294.32,-631890.96,-422596.64,-209294.32,-631890.96,-583908.64,-1215799.60
Hotel Galena,2025,3,REAL,0,0,1362.86,0.00,0.00,1362.86,0.00,0.00,-0.09,0.09,0.00,0.00,0.00,0.00,1362.86,,-96419.03,-83690.00,-180109.03,-506.12,-650.90,-1157.03,-59118.23,-62470.94,-122746.20,-302855.23,-178746.17,-122746.20,-301492.36,-351736.39,-653228.75
Hotel Galena,2025,4,BUDGET,11355,16545,1550920.17,27080.42,0.00,1578000.58,10368.31,16252.89,8875.24,1116073.54,4587.11,1156157.09,97633.38,9289.35,2841080.40,250.20,-456317.39,-431406.50,-887723.89,-341098.23,-146239.12,-487337.35,-845337.56,-82048.68,-1414723.59,-2302447.49,690276.69,-258566.50,538632.91,-894910.91,-356277.99
Hotel Galena,2025,4,REAL,11353,15364,1679468.29,22826.16,56.73,1702351.19,9292.39,12156.88,26972.81,1163858.37,2892.73,1215173.19,94830.26,1286.69,3013641.31,265.45,-401064.60,-360586.12,-761650.73,-350591.64,-136179.55,-486771.19,-751249.27,-140654.10,-1378674.56,-2140325.29,940700.46,-163501.38,873316.03,-755917.02,117399.00
Hotel Galena,2025,5,BUDGET,23274,31024,4692942.61,78913.31,0.00,4771855.92,20137.12,37825.79,35226.31,2181535.70,19132.07,2293856.99,194459.45,9138.90,7269311.26,312.34,-769512.49,-773274.32,-1542786.82,-580221.86,-264566.00,-844787.87,-1474092.11,-125789.47,-2444669.45,-3987456.27,3229069.11,-150812.46,3281855.00,-1224442.34,2057412.66
Hotel Galena,2025,5,REAL,17356,23725,3372401.51,28400.90,0.00,3400802.41,39453.31,45241.45,27307.34,1663145.00,16302.22,1791449.33,147427.84,1725.60,5341405.18,307.75,-564195.33,-541190.95,-1105386.28,-458073.62,-191200.27,-649273.89,-1182723.42,-70024.73,-1902022.04,-3007408.32,2295416.12,-110572.71,2333996.86,-948885.20,1385111.66
Hotel Galena,2025,6,BUDGET,26418,30781,8153287.60,99551.01,0.00,8252838.61,30994.57,58516.43,25002.25,2508534.15,56471.36,2679518.75,226048.70,57602.00,11216008.06,424.56,-830278.13,-1067764.06,-1898042.18,-592283.15,-304538.95,-896822.11,-1560382.67,-130860.18,-2588064.96,-4486107.14,6354796.42,91453.79,6729900.91,-1382748.94,5347151.97
Hotel Galena,2025,6,REAL,22489,26744,6429800.09,61394.02,144.54,6491338.65,31989.15,46808.24,46567.92,2191685.19,55966.46,2373016.97,222159.07,1748.58,9088263.27,404.12,-757457.87,-757120.14,-1514578.01,-546757.18,-246775.16,-793532.33,-1435547.27,-71537.32,-2300616.93,-3815194.94,4976760.64,72400.04,5273068.33,-1269887.72,4003180.61
Hotel Galena,2025,7,BUDGET,27057,30764,11398393.81,67807.78,0.00,11466201.59,36258.75,60133.17,18808.61,2662906.48,109239.69,2887346.71,264367.06,8934.67,14626850.02,540.59,-835307.55,-1403013.98,-2238321.53,-645368.97,-312733.38,-958102.35,-1526951.72,-129526.10,-2614580.17,-4852901.70,9227880.06,272766.54,9773948.32,-1491669.55,8282278.77
Hotel Galena,2025,7,REAL,25054,28157,9881467.34,77010.61,0.00,9958477.95,43028.54,75469.09,21786.70,2530982.40,88282.76,2759549.49,267173.73,1781.57,12986982.74,518.36,-753773.00,-1196859.80,-1950632.80,-593280.33,-291882.55,-885162.88,-1438355.24,-86434.71,-2409952.83,-4360585.63,8007845.16,349596.66,8626397.11,-1388650.62,7237746.49
Hotel Galena,2025,8,BUDGET,22535,24767,10186110.44,29132.30,0.00,10215242.75,31338.70,40988.79,12979.31,2253196.38,79028.99,2417532.17,234382.28,5770.06,12872927.25,571.24,-691386.01,-1233527.28,-1924913.29,-591454.05,-266137.20,-857591.24,-1227851.92,-106997.13,-2192440.30,-4117353.58,8290329.46,225091.87,8755573.67,-1181164.85,7574408.82
Hotel Galena,2025,8,REAL,28880,31546,11982403.20,52333.06,275.00,12035011.25,49511.75,80531.99,10073.79,2947124.04,117951.45,3205193.02,327175.49,1996.02,15569375.78,539.10,-917822.82,-1328667.60,-2246490.43,-694026.52,-325475.98,-1019502.50,-1728506.48,-84059.91,-2832068.89,-5078559.32,9788520.82,373124.13,10490816.46,-1486671.12,9004145.34
Hotel Galena,2025,9,BUDGET,17014,19427,4779905.55,47787.25,0.00,4827692.79,18647.15,42510.34,54353.71,1608175.13,35689.28,1759375.62,168047.80,9378.41,6764494.62,397.59,-535062.94,-597942.51,-1133005.45,-393548.53,-196626.33,-590174.87,-998204.52,-53388.39,-1641767.77,-2774773.23,3694687.34,117607.84,3989721.40,-814593.22,3175128.18
Hotel Galena,2025,9,REAL,20646,22959,5472718.40,25530.51,0.00,5498248.91,27564.05,53751.31,17386.01,1974927.19,38911.67,2112540.23,186307.72,1501.14,7798598.00,377.73,-638633.36,-707674.61,-1346307.97,-464691.17,-234336.97,-699028.14,-1236735.83,-65172.66,-2000936.63,-3347244.60,4151940.94,111603.60,4451353.40,-996536.60,3454816.80
Hotel Galena,2025,10,BUDGET,18076,22160,2967233.48,42983.23,0.00,3010216.72,23531.13,20048.02,56826.61,1713317.60,15597.26,1829320.62,149686.75,4059.39,4993283.48,276.24,-579635.90,-524190.77,-1103826.67,-421742.09,-208038.44,-629780.53,-1073253.90,-65972.27,-1769006.70,-2872833.36,1906390.05,60313.93,2120450.11,-805931.39,1314518.72
Hotel Galena,2025,10,REAL,17186,23464,2618028.09,13814.18,0.00,2631842.27,17248.60,26623.06,65796.79,1700832.22,4327.21,1814827.88,152937.86,1484.64,4601092.65,267.72,-605976.87,-565849.67,-1171826.54,-443210.45,-208825.76,-652036.21,-1140145.57,-60243.25,-1852425.03,-3024251.57,1460015.73,-37597.15,1576841.09,-855078.32,721762.77
Hotel Galena,2025,11,BUDGET,693,2187,88372.84,2838.73,0.00,91211.58,628.39,748.70,0.00,74918.86,0.00,76295.95,0.00,0.00,167507.52,241.75,-191866.16,-22986.07,-214852.22,-25943.40,-8885.35,-34828.75,-229500.74,-26342.24,-290671.72,-505523.95,-123640.65,-214375.77,-338016.42,-415498.44,-753514.86
Hotel Galena,2025,11,REAL,459,1527,297760.52,850.61,0.00,298611.13,7766.75,1164.98,-63865.89,-39928.88,3866.29,-90996.75,20847.51,5720.58,234182.46,510.51,-179869.41,-199595.09,-379464.49,1623.17,3098.81,4721.99,-222200.00,-9519.14,-226997.15,-606461.65,-80853.37,-317993.90,-372279.18,-459685.34,-831964.52
Hotel Galena,2025,12,BUDGET,0,0,0.00,0.00,0.00,0.00,0.00,0.00,0.00,0.00,0.00,0.00,0.00,161600.00,161600.00,,-6761.07,-20.20,-6781.27,0.00,0.00,0.00,-18536.34,0.00,-18536.34,-25317.61,-6781.27,-18536.34,136282.39,-199142.58,-62860.19
Hotel Galena,2025,12,REAL,0,0,933609.95,-5978.77,0.00,927631.19,610170.26,-10209.29,0.02,-1238350.61,0.00,-638389.63,-258566.24,267876.80,298552.12,,-4165.37,16646.82,12481.46,-27.08,2030.31,2003.23,-10940.26,-2243.36,-11180.39,1301.07,940112.64,-649570.01,299853.19,-228358.11,71495.08
Hotel Galena,2026,1,BUDGET,0,0,0.00,0.00,0.00,0.00,0.00,0.00,0.00,0.00,0.00,0.00,0.00,0.00,0.00,,-10422.73,0.00,-10422.73,0.00,0.00,0.00,-14682.72,0.00,-14682.72,-25105.45,-10422.73,-14682.72,-25105.45,-310118.60,-335224.06
Hotel Galena,2026,1,REAL,0,0,12424.14,6536.79,0.00,18960.93,-371312.23,10988.47,0.00,360323.48,0.00,-0.28,-11126.68,11126.95,18960.92,,-9009.50,-7464.56,-16474.05,129.78,-22.15,107.63,-12785.92,-3985.86,-16664.15,-33138.20,2486.87,-16664.43,-14177.28,-210995.64,-225172.93
Hotel Galena,2026,2,BUDGET,0,0,0.00,0.00,0.00,0.00,0.00,0.00,0.00,0.00,0.00,0.00,0.00,0.00,0.00,,-23777.64,0.00,-23777.64,0.00,0.00,0.00,-38068.50,0.00,-38068.50,-61846.14,-23777.64,-38068.50,-61846.14,-363915.56,-425761.70
Hotel Galena,2026,2,REAL,0,0,469.16,0.00,0.00,469.16,0.00,0.00,0.00,-103.00,0.00,-103.00,14926.40,-19646.50,-4353.94,,-40133.52,-11801.96,-51935.48,-138.71,0.00,-138.71,-47384.95,-45210.08,-92733.74,-144669.22,-51466.32,-92836.74,-149023.16,-470701.10,-619724.26
Hotel Galena,2026,3,BUDGET,0,0,0.00,0.00,0.00,0.00,0.00,0.00,0.00,0.00,0.00,0.00,0.00,0.00,0.00,,-139115.22,-66440.11,-205555.33,0.00,0.00,0.00,-106401.18,-49234.18,-155635.36,-361190.70,-205555.33,-155635.36,-361190.70,-430385.51,-791576.21
Hotel Galena,2026,3,REAL,0,0,-4210.05,0.00,0.00,-4210.05,5.00,0.00,0.00,1028.12,0.00,1033.12,0.00,0.00,-3176.93,,-160809.13,-68929.65,-229738.77,-6725.18,-7293.06,-14018.24,-175743.29,-154375.98,-344137.51,-573876.29,-233948.82,-343104.39,-577053.22,-627023.58,-1204076.79
Hotel Galena,2026,4,BUDGET,13233,18968,2293258.62,18453.65,0.00,2311712.27,11986.40,15868.99,10671.43,1314382.05,3910.54,1356819.40,121936.93,26195.06,3816663.66,288.42,-550022.56,-447693.22,-997715.78,-449351.43,-135419.52,-584770.95,-1051653.04,-109774.65,-1746198.64,-2743914.42,1313996.49,-389379.24,1072749.24,-975655.31,97093.93
Hotel Galena,2026,4,REAL,0,0,-2158971.98,4413.39,0.00,-2154558.59,4676.83,6728.52,1219.63,598506.35,1930.70,613062.03,37649.86,9057.52,-1494789.18,,-2940.30,-37318.79,-40259.09,-284926.94,-111567.24,-396494.19,0.00,-18732.56,-415226.75,-455485.83,-2194817.68,197835.29,-1950275.01,-105494.46,-2055769.47
Hotel Galena,2026,5,BUDGET,20020,27114,4301347.91,33369.68,0.00,4334717.59,46074.68,51796.49,30786.01,1898704.36,18591.36,2045952.91,177409.90,26973.13,6585053.53,328.92,-684311.92,-669359.40,-1353671.32,-542760.94,-205423.50,-748184.44,-1373972.46,-123661.65,-2245818.56,-3599489.87,2981046.28,-199865.65,2985563.66,-1120152.14,1865411.52
Hotel Galena,2026,5,REAL,0,0,0.00,0.00,0.00,0.00,0.00,0.00,0.00,0.00,0.00,0.00,0.00,0.00,0.00,,0.00,0.00,0.00,0.00,0.00,0.00,0.00,0.00,0.00,0.00,0.00,0.00,0.00,0.00,0.00
Hotel Galena,2026,6,BUDGET,17078,20184,5436580.65,47460.32,0.00,5484040.97,25020.54,36603.14,16394.92,1615765.53,41564.14,1735348.27,175377.60,20748.56,7415515.40,434.22,-565326.32,-665545.40,-1230871.73,-426835.38,-177682.22,-604517.60,-1120778.91,-94735.60,-1820032.11,-3050903.83,4253169.25,-84683.84,4364611.56,-921530.72,3443080.85
Hotel Galena,2026,6,REAL,0,0,0.00,0.00,0.00,0.00,0.00,0.00,0.00,0.00,0.00,0.00,0.00,0.00,0.00,,0.00,0.00,0.00,0.00,0.00,0.00,0.00,0.00,0.00,0.00,0.00,0.00,0.00,0.00,0.00
Hotel Galena,2026,7,BUDGET,26132,29200,11388812.04,68176.66,0.00,11456988.70,44984.81,77682.21,17852.24,2588552.25,43313.93,2772385.44,304470.73,29047.98,14562892.86,557.29,-811103.15,-1349658.17,-2160761.32,-650899.60,-279064.64,-929964.24,-1578285.12,-75412.32,-2583661.68,-4744423.00,9296227.39,188723.76,9818469.87,-1368738.37,8449731.50
Hotel Galena,2026,7,REAL,0,0,0.00,0.00,0.00,0.00,0.00,0.00,0.00,0.00,0.00,0.00,0.00,0.00,0.00,,0.00,0.00,0.00,0.00,0.00,0.00,0.00,0.00,0.00,0.00,0.00,0.00,0.00,0.00,0.00
Hotel Galena,2026,8,BUDGET,24769,27114,11384131.39,45123.12,0.00,11429254.51,43288.98,68328.85,14208.93,2459444.57,48446.04,2633717.37,308785.68,26973.13,14398730.69,581.33,-767228.22,-1207140.11,-1974368.33,-607300.56,-255856.57,-863157.13,-1475043.60,-75060.32,-2413261.05,-4387629.38,9454886.18,220456.32,10011101.31,-1252282.24,8758819.07
Hotel Galena,2026,8,REAL,0,0,0.00,0.00,0.00,0.00,0.00,0.00,0.00,0.00,0.00,0.00,0.00,0.00,0.00,,0.00,0.00,0.00,0.00,0.00,0.00,0.00,0.00,0.00,0.00,0.00,0.00,0.00,0.00,0.00
Hotel Galena,2026,9,BUDGET,27513,30528,8331312.22,33765.31,0.00,8365077.53,36855.14,70348.07,85412.97,2634361.51,50640.65,2877618.34,276027.39,31382.20,11550105.46,419.81,-873684.17,-984150.76,-1857834.92,-637848.70,-296999.83,-934848.53,-1713164.77,-85346.35,-2733359.65,-4591194.58,6507242.61,144258.69,6958910.89,-1375472.27,5583438.62
Hotel Galena,2026,9,REAL,0,0,0.00,0.00,0.00,0.00,0.00,0.00,0.00,0.00,0.00,0.00,0.00,0.00,0.00,,0.00,0.00,0.00,0.00,0.00,0.00,0.00,0.00,0.00,0.00,0.00,0.00,0.00,0.00,0.00
Hotel Galena,2026,10,BUDGET,26063,31024,4817660.26,61986.22,0.00,4879646.48,34187.77,27045.77,79557.25,2424659.40,21031.42,2586481.61,217930.06,30863.48,7714921.63,296.01,-854228.22,-1011748.60,-1865976.82,-642130.38,-274423.12,-916553.51,-1606972.91,-83841.99,-2607368.41,-4473345.23,3013669.66,-20886.80,3241576.40,-1197461.28,2044115.12
Hotel Galena,2026,10,REAL,0,0,0.00,0.00,0.00,0.00,0.00,0.00,0.00,0.00,0.00,0.00,0.00,0.00,0.00,,0.00,0.00,0.00,0.00,0.00,0.00,0.00,0.00,0.00,0.00,0.00,0.00,0.00,0.00,0.00
Hotel Galena,2026,11,BUDGET,0,0,0.00,0.00,0.00,0.00,0.00,0.00,0.00,0.00,0.00,0.00,0.00,0.00,0.00,,-96724.69,-137295.53,-234020.22,0.00,0.00,0.00,-110590.41,-7662.20,-118252.61,-352272.83,-234020.22,-118252.61,-352272.83,-389017.94,-741290.77
Hotel Galena,2026,11,REAL,0,0,0.00,0.00,0.00,0.00,0.00,0.00,0.00,0.00,0.00,0.00,0.00,0.00,0.00,,0.00,0.00,0.00,0.00,0.00,0.00,0.00,0.00,0.00,0.00,0.00,0.00,0.00,0.00,0.00
Hotel Galena,2026,12,BUDGET,0,0,0.00,0.00,0.00,0.00,0.00,0.00,0.00,0.00,0.00,0.00,0.00,0.00,0.00,,-54899.76,0.00,-54899.76,0.00,0.00,0.00,-82351.95,0.00,-82351.95,-137251.71,-54899.76,-82351.95,-137251.71,-445405.89,-582657.60
Hotel Galena,2026,12,REAL,0,0,0.00,0.00,0.00,0.00,0.00,0.00,0.00,0.00,0.00,0.00,0.00,0.00,0.00,,0.00,0.00,0.00,0.00,0.00,0.00,0.00,0.00,0.00,0.00,0.00,0.00,0.00,0.00,0.00
Hotel Helios,2025,1,BUDGET,0,0,0.00,0.00,0.00,0.00,0.00,0.00,0.00,0.00,0.00,0.00,0.00,0.00,0.00,,-3229.94,-147.72,-3377.66,0.00,0.00,0.00,-13799.77,-507.69,-14307.46,-17685.12,-3377.66,-14307.46,-17685.12,-147938.48,-165623.60
Hotel Helios,2025,1,REAL,0,0,3214.38,0.00,0.00,3214.38,0.00,0.00,0.00,0.00,0.00,0.00,0.00,0.00,3214.38,,-3001.85,-15.13,-3016.98,963.55,0.00,963.55,-12919.37,-93.02,-12048.84,-15065.82,197.40,-12048.84,-11851.44,-115562.02,-127413.46
Hotel Helios,2025,2,BUDGET,0,0,0.00,0.00,0.00,0.00,0.00,0.00,0.00,0.00,0.00,0.00,0.00,0.00,0.00,,-5970.09,-137.98,-6108.07,0.00,0.00,0.00,-14884.26,-474.22,-15358.48,-21466.55,-6108.07,-15358.48,-21466.55,-140699.42,-162165.96
Hotel Helios,2025,2,REAL,0,0,0.00,0.00,0.00,0.00,0.00,0.00,0.00,0.00,0.00,0.00,0.00,0.00,0.00,,-8180.27,-191.83,-8372.10,0.00,0.00,0.00,-19228.41,-771.91,-20000.32,-28372.42,-8372.10,-20000.32,-28372.42,-187435.22,-215807.64
Hotel Helios,2025,3,BUDGET,0,0,0.00,0.00,0.00,0.00,0.00,0.00,0.00,0.00,0.00,0.00,0.00,0.00,0.00,,-26471.80,-624.71,-27096.51,0.00,0.00,0.00,-72244.48,-1658.71,-73903.19,-100999.70,-27096.51,-73903.19,-100999.70,-292239.92,-393239.62
Hotel Helios,2025,3,REAL,0,0,0.00,0.00,0.00,0.00,0.00,0.00,0.00,0.00,0.00,0.00,0.00,0.00,0.00,,-19441.24,-1351.21,-20792.46,0.00,0.00,0.00,-35940.02,-3189.02,-39129.04,-59921.49,-20792.46,-39129.04,-59921.49,-206728.81,-266650.30
Hotel Helios,2025,4,BUDGET,8223,14980,1064755.46,16587.22,0.00,1081342.68,9947.46,38397.23,12247.93,570068.23,2126.21,632787.06,57798.05,9815.40,1781743.19,216.68,-200708.98,-146099.87,-346808.86,-192473.88,-37946.92,-230420.80,-328023.29,-31513.74,-589957.84,-936766.69,734533.83,42829.22,844976.50,-409047.47,435929.02
Hotel Helios,2025,4,REAL,5319,11556,890578.05,9555.00,0.00,900133.04,12734.86,14395.97,21579.52,431199.85,1024.23,480934.43,35282.76,7546.62,1423896.86,267.71,-144958.96,-127399.81,-272358.77,-155721.53,-34857.19,-190578.71,-259312.07,-25382.26,-475273.05,-747631.82,627774.28,5661.38,676265.04,-316442.84,359822.20
Hotel Helios,2025,5,BUDGET,9134,12649,1325219.48,15144.30,0.00,1340363.78,18957.99,24459.06,70843.71,734973.75,1218.00,850452.51,60940.49,7490.70,2259247.47,247.34,-197086.72,-172127.39,-369214.10,-238987.74,-80570.19,-319557.93,-422609.33,-40077.76,-782245.01,-1151459.12,971149.67,68207.49,1107788.35,-374315.56,733472.79
Hotel Helios,2025,5,REAL,8117,12794,1263225.60,16995.95,0.00,1280221.55,20526.78,21959.12,37434.96,630165.44,1610.68,711696.99,53126.97,7546.62,2052592.14,252.87,-180276.10,-128144.73,-308420.82,-202390.00,-63406.63,-265796.63,-383009.68,-37467.10,-686273.41,-994694.24,971800.73,25423.58,1057897.90,-375360.40,682537.50
Hotel Helios,2025,6,BUDGET,13879,17306,3055899.68,59839.30,0.00,3115738.98,49924.29,35455.76,82652.47,1184907.77,6699.25,1359639.54,94586.39,10590.30,4580555.21,330.03,-340641.21,-322582.13,-663223.34,-374245.95,-120117.08,-494363.03,-704444.29,-37149.57,-1235956.89,-1899180.23,2452515.64,123682.66,2681374.99,-639935.92,2041439.07
Hotel Helios,2025,6,REAL,11387,14492,2599985.72,38371.40,0.00,2638357.12,48342.47,29168.68,47460.84,964501.31,4995.34,1094468.65,67017.96,8832.98,3808676.71,334.49,-275774.88,-262240.62,-538015.49,-310692.66,-94180.90,-404873.56,-600438.79,-38158.00,-1043470.35,-1581485.84,2100341.63,50998.30,2227190.87,-527125.95,1700064.91
Hotel Helios,2025,7,BUDGET,9707,11195,2822112.22,37833.46,0.00,2859945.68,40862.78,28576.40,2863.68,854852.92,6000.55,933156.34,55870.97,6629.70,3855602.69,397.21,-228199.02,-290123.39,-518322.40,-276147.26,-78921.53,-355068.79,-479099.03,-18278.51,-852446.33,-1370768.74,2341623.28,80710.01,2484833.95,-477276.52,2007557.43
Hotel Helios,2025,7,REAL,10050,11340,2950874.17,17959.98,0.16,2968834.30,50505.95,31214.01,9851.04,886071.08,4692.35,982334.43,55456.35,6689.05,4013314.13,399.32,-225687.10,-301784.54,-527471.64,-277362.71,-84774.18,-362136.89,-485044.20,-26271.48,-873452.57,-1400924.21,2441362.66,108881.86,2612389.92,-458929.44,2153460.48
Hotel Helios,2025,8,BUDGET,13688,14975,4412272.12,34403.23,0.00,4446675.35,50582.36,34543.45,5150.00,1219931.46,9433.79,1319641.06,80210.32,8868.30,5855395.03,427.79,-313487.37,-490069.90,-803557.26,-414766.15,-117414.96,-532181.11,-643575.47,-25766.80,-1201523.38,-2005080.64,3643118.09,118117.69,3850314.39,-624038.11,3226276.28
Hotel Helios,2025,8,REAL,11994,12794,3921388.13,22947.67,0.00,3944335.80,64303.21,40718.47,24879.02,1071663.36,6771.27,1208335.32,71064.93,7546.59,5231282.64,436.18,-269914.61,-419329.17,-689243.78,-374732.54,-103725.23,-478457.77,-582673.01,-25905.09,-1087035.87,-1776279.65,3255092.02,121299.46,3455002.99,-526550.85,2928452.14
Hotel Helios,2025,9,BUDGET,16408,18010,3509479.96,11801.41,0.00,3521281.37,40264.54,37126.85,44800.00,1395472.80,5760.00,1523424.19,111856.43,10892.80,5167454.79,314.93,-380145.91,-369037.30,-749183.21,-441607.40,-144549.34,-586156.74,-763074.55,-44268.96,-1393500.26,-2142683.47,2772098.16,129923.93,3024771.32,-640641.92,2384129.40
Hotel Helios,2025,9,REAL,16117,17306,3620945.04,16926.58,0.00,3637871.63,54720.52,37653.51,81692.41,1340772.15,5968.97,1520807.56,118267.00,10425.21,5287371.39,328.07,-356140.40,-336518.12,-692658.52,-423769.50,-146611.52,-570381.02,-745467.55,-29565.26,-1345413.84,-2038072.36,2945213.11,175393.72,3249299.03,-612312.28,2636986.75
Hotel Helios,2025,10,BUDGET,9620,11366,1469079.37,5559.45,0.00,1474638.82,20224.16,20848.56,92523.13,762850.91,1261.00,897707.76,86145.23,8254.70,2466746.51,256.41,-224750.80,-182181.35,-406932.15,-238192.83,-71429.42,-309622.25,-404302.38,-17235.43,-731160.06,-1138092.22,1067706.67,166547.70,1328654.29,-393057.30,935596.99
Hotel Helios,2025,10,REAL,8354,9793,1254015.49,7974.32,0.00,1261989.81,17216.40,20219.31,79718.65,650277.74,607.69,768039.79,57363.69,7373.83,2094767.13,250.76,-192527.77,-166043.84,-358571.61,-223217.00,-64833.64,-288050.65,-342680.83,-19191.19,-649922.67,-1008494.28,903418.20,118117.12,1086272.85,-329722.26,756550.59
Hotel Helios,2025,11,BUDGET,0,0,0.00,0.00,0.00,0.00,0.00,0.00,0.00,0.00,0.00,0.00,0.00,0.00,0.00,,-22411.04,-189.93,-22600.97,-3248.93,-783.82,-4032.74,-45489.97,-886.74,-50409.46,-73010.42,-22600.97,-50409.46,-73010.42,-188402.65,-261413.07
Hotel Helios,2025,11,REAL,0,0,20387.19,0.00,0.00,20387.19,0.00,0.00,0.00,0.00,0.00,0.00,51.09,0.00,20438.28,,-23782.17,8834.44,-14947.74,3309.55,0.00,3309.55,-46983.55,647.95,-43026.05,-57973.79,5439.45,-43026.05,-37535.51,-219534.43,-257069.94
Hotel Helios,2025,12,BUDGET,0,0,0.00,0.00,0.00,0.00,0.00,0.00,0.00,0.00,0.00,0.00,0.00,0.00,0.00,,-20288.43,-128.24,-20416.68,0.00,0.00,0.00,-57305.52,-440.74,-57746.26,-78162.93,-20416.68,-57746.26,-78162.93,-132306.44,-210469.37
Hotel Helios,2025,12,REAL,0,0,0.00,0.00,0.00,0.00,0.00,0.00,0.00,0.00,0.00,0.00,-23.02,0.00,-23.02,,-21693.66,3871.94,-17821.73,400.00,0.00,400.00,-59774.66,1125.71,-58248.94,-76070.67,-17821.73,-58248.94,-76093.69,-140825.36,-216919.05
Hotel Helios,2026,1,BUDGET,0,0,0.00,0.00,0.00,0.00,0.00,0.00,0.00,0.00,0.00,0.00,0.00,0.00,0.00,,-4535.98,-24.40,-4560.38,0.00,0.00,0.00,-20653.45,-142.33,-20795.78,-25356.16,-4560.38,-20795.78,-25356.16,-210001.91,-235358.07
Hotel Helios,2026,1,REAL,0,0,0.00,0.00,0.00,0.00,0.00,0.00,0.00,0.00,0.00,0.00,0.00,0.00,0.00,,-3858.35,-229.32,-4087.67,489.38,0.00,489.38,-17577.14,0.00,-17087.76,-21175.43,-4087.67,-17087.76,-21175.43,-171456.11,-192631.54
Hotel Helios,2026,2,BUDGET,0,0,0.00,0.00,0.00,0.00,0.00,0.00,0.00,0.00,0.00,0.00,0.00,0.00,0.00,,-10221.96,-24.60,-10246.56,0.00,0.00,0.00,-22868.82,-403.65,-23272.47,-33519.03,-10246.56,-23272.47,-33519.03,-258806.88,-292325.91
Hotel Helios,2026,2,REAL,0,0,0.00,0.00,0.00,0.00,0.00,0.00,0.00,0.00,0.00,0.00,0.00,0.00,0.00,,-6028.08,-14.92,-6043.00,-580.54,0.00,-580.54,-15799.28,-1796.81,-18176.63,-24219.62,-6043.00,-18176.63,-24219.62,-177113.13,-201332.75
Hotel Helios,2026,3,BUDGET,0,0,0.00,0.00,0.00,0.00,0.00,0.00,0.00,0.00,0.00,0.00,0.00,0.00,0.00,,-31247.71,-1505.46,-32753.16,0.00,0.00,0.00,-66097.28,-4160.19,-70257.47,-103010.64,-32753.16,-70257.47,-103010.64,-343198.60,-446209.24
Hotel Helios,2026,3,REAL,0,0,0.00,0.00,0.00,0.00,0.00,0.00,0.00,0.00,0.00,0.00,0.00,0.00,0.00,,-26203.28,-981.60,-27184.88,-614.54,-405.54,-1020.08,-52795.44,-6891.90,-60707.42,-87892.31,-27184.88,-60707.42,-87892.31,-327923.90,-415816.21
Hotel Helios,2026,4,BUDGET,5942,12522,969201.91,11619.02,0.00,980820.93,14916.48,16859.44,16420.50,485533.03,1213.47,534942.91,37531.83,7847.31,1561142.98,262.75,-162425.96,-137831.28,-300257.24,-173523.16,-36222.25,-209745.41,-270143.64,-26446.08,-506335.13,-806592.38,680563.69,28607.78,754550.61,-327421.06,427129.55
Hotel Helios,2026,4,REAL,0,0,64996.20,319.33,0.00,65315.53,106.98,236.53,0.00,36220.86,150.82,36715.19,2734.12,0.00,104764.83,,-1410.05,-5954.21,-7364.26,-189275.57,-69428.93,-258704.50,17282.53,-30033.07,-271455.03,-278819.29,57951.27,-234739.85,-174054.46,-13573.06,-187627.52
Hotel Helios,2026,5,BUDGET,10988,16865,1860583.90,24767.12,0.00,1885351.02,29499.57,31826.18,80620.00,873758.93,1624.00,1017328.68,72647.00,10227.95,2985554.65,271.72,-254874.46,-251095.02,-505969.48,-276581.43,-87432.75,-364014.18,-548153.80,-44890.43,-957058.41,-1463027.89,1379381.53,60270.27,1522526.75,-515861.23,1006665.52
Hotel Helios,2026,5,REAL,0,0,0.00,0.00,0.00,0.00,0.00,0.00,0.00,0.00,0.00,0.00,0.00,0.00,0.00,,0.00,0.00,0.00,0.00,0.00,0.00,0.00,0.00,0.00,0.00,0.00,0.00,0.00,0.00,0.00
Hotel Helios,2026,6,BUDGET,12529,15758,3129236.22,44813.54,0.00,3174049.76,72907.15,34985.87,105203.84,1082909.27,5774.99,1301781.11,79447.43,9875.26,4565153.56,364.35,-314399.65,-339719.97,-654119.62,-362506.47,-113495.35,-476001.82,-696726.96,-40531.61,-1213260.39,-1867380.01,2519930.14,88520.72,2697773.56,-610315.43,2087458.13
Hotel Helios,2026,6,REAL,0,0,0.00,0.00,0.00,0.00,0.00,0.00,0.00,0.00,0.00,0.00,0.00,0.00,0.00,,0.00,0.00,0.00,0.00,0.00,0.00,0.00,0.00,0.00,0.00,0.00,0.00,0.00,0.00,0.00
Hotel Helios,2026,7,BUDGET,15473,17883,4933754.31,29606.95,0.00,4963361.25,102784.52,60747.11,24600.00,1395863.93,7586.92,1591582.50,89440.82,10845.16,6655229.72,430.11,-364714.65,-542731.18,-907445.82,-461118.40,-144456.41,-605574.81,-817056.58,-41882.67,-1464514.06,-2371959.88,4055915.43,127068.44,4283269.85,-749075.21,3534194.64
Hotel Helios,2026,7,REAL,0,0,0.00,0.00,0.00,0.00,0.00,0.00,0.00,0.00,0.00,0.00,0.00,0.00,0.00,,0.00,0.00,0.00,0.00,0.00,0.00,0.00,0.00,0.00,0.00,0.00,0.00,0.00,0.00,0.00
Hotel Helios,2026,8,BUDGET,16774,18755,5969442.28,34145.72,0.00,6003588.00,111823.64,60553.84,132366.90,1552138.09,9905.08,1866787.54,108597.38,11374.19,7990347.11,476.36,-393136.72,-674023.30,-1067160.02,-558398.02,-170175.00,-728573.02,-886700.83,-39359.67,-1654633.52,-2721793.54,4936427.98,212154.03,5268553.57,-792468.83,4476084.74
Hotel Helios,2026,8,REAL,0,0,0.00,0.00,0.00,0.00,0.00,0.00,0.00,0.00,0.00,0.00,0.00,0.00,0.00,,0.00,0.00,0.00,0.00,0.00,0.00,0.00,0.00,0.00,0.00,0.00,0.00,0.00,0.00,0.00
Hotel Helios,2026,9,BUDGET,12508,14070,3093649.73,13882.64,0.00,3107532.37,45180.58,31424.72,107518.00,1073404.18,4722.45,1262249.93,95593.38,8817.20,4474192.88,357.71,-291522.78,-303217.95,-594740.73,-341136.33,-113306.36,-454442.69,-641053.67,-28841.27,-1124337.63,-1719078.36,2512791.64,137912.30,2755114.52,-524682.13,2230432.39
Hotel Helios,2026,9,REAL,0,0,0.00,0.00,0.00,0.00,0.00,0.00,0.00,0.00,0.00,0.00,0.00,0.00,0.00,,0.00,0.00,0.00,0.00,0.00,0.00,0.00,0.00,0.00,0.00,0.00,0.00,0.00,0.00,0.00
Hotel Helios,2026,10,BUDGET,8059,10131,1380383.92,8261.18,0.00,1388645.10,18238.06,20195.02,66591.00,645644.13,1227.84,751896.04,65949.10,7935.48,2214425.72,274.79,-201109.24,-163128.49,-364237.72,-204699.78,-59711.58,-264411.36,-365299.26,-18853.88,-648564.50,-1012802.23,1024407.38,103331.54,1201623.49,-367558.07,834065.43
Hotel Helios,2026,10,REAL,0,0,0.00,0.00,0.00,0.00,0.00,0.00,0.00,0.00,0.00,0.00,0.00,0.00,0.00,,0.00,0.00,0.00,0.00,0.00,0.00,0.00,0.00,0.00,0.00,0.00,0.00,0.00,0.00,0.00
Hotel Helios,2026,11,BUDGET,0,0,0.00,0.00,0.00,0.00,0.00,0.00,0.00,0.00,0.00,0.00,0.00,0.00,0.00,,-23897.78,-25.40,-23923.18,0.00,0.00,0.00,-42242.72,-148.17,-42390.89,-66314.07,-23923.18,-42390.89,-66314.07,-266757.12,-333071.19
Hotel Helios,2026,11,REAL,0,0,0.00,0.00,0.00,0.00,0.00,0.00,0.00,0.00,0.00,0.00,0.00,0.00,0.00,,0.00,0.00,0.00,0.00,0.00,0.00,0.00,0.00,0.00,0.00,0.00,0.00,0.00,0.00,0.00
Hotel Helios,2026,12,BUDGET,0,0,0.00,0.00,0.00,0.00,0.00,0.00,0.00,0.00,0.00,0.00,0.00,0.00,0.00,,-34036.52,-20.80,-34057.32,0.00,0.00,0.00,-73078.04,-121.33,-73199.37,-107256.69,-34057.32,-73199.37,-107256.69,-180702.85,-287959.54
Hotel Helios,2026,12,REAL,0,0,0.00,0.00,0.00,0.00,0.00,0.00,0.00,0.00,0.00,0.00,0.00,0.00,0.00,,0.00,0.00,0.00,0.00,0.00,0.00,0.00,0.00,0.00,0.00,0.00,0.00,0.00,0.00,0.00
Hotel Iris,2025,1,BUDGET,7660,13179,781903.98,12824.13,0.00,794728.11,70345.16,123996.99,136124.85,159333.35,0.00,489800.35,100819.96,6113.88,1391462.30,181.65,-195690.78,-224708.77,-420399.55,-82969.47,-41127.14,-124096.61,-249305.49,-29675.19,-403077.30,-823476.85,374328.56,86723.06,567985.45,-449569.53,118415.93
Hotel Iris,2025,1,REAL,8509,13416,790439.92,14681.10,0.00,805121.01,60913.77,127765.27,114809.74,169708.64,0.00,473197.42,54991.91,4656.49,1337966.84,157.24,-201685.95,-281560.17,-483246.12,-112530.90,-41405.96,-153936.86,-254531.13,-27482.09,-435950.08,-919196.19,321874.90,37247.34,418770.64,-445671.11,-26900.46
Hotel Iris,2025,2,BUDGET,5611,10188,609915.20,14625.67,0.00,624540.87,64831.64,124355.00,44792.50,118270.94,0.00,352250.08,43879.16,5897.60,1026567.71,182.97,-164645.45,-179268.43,-343913.88,-53360.17,-34346.77,-87706.94,-215423.64,-19281.18,-322411.75,-666325.63,280626.99,29838.33,360242.08,-383368.43,-23126.36
Hotel Iris,2025,2,REAL,10180,12976,1060025.65,11957.57,0.00,1071983.23,68935.41,161158.13,164098.52,233738.29,0.00,627930.35,83560.18,7316.22,1790789.97,175.92,-232148.89,-245318.20,-477467.09,-116035.94,-42440.48,-158476.42,-275217.54,-34020.41,-467714.37,-945181.46,594516.14,160215.98,845608.51,-479637.47,365971.05
Hotel Iris,2025,3,BUDGET,7964,12942,996863.86,24492.28,0.00,1021356.14,99129.45,211800.08,287687.75,176890.80,0.00,775508.08,78004.26,6330.72,1881199.20,236.23,-199283.61,-253207.58,-452491.19,-127937.98,-70240.98,-198178.97,-278767.83,-54559.53,-531506.33,-983997.52,568864.95,244001.75,897201.68,-460470.17,436731.51
Hotel Iris,2025,3,REAL,6650,10092,802553.77,9531.99,0.00,812085.75,46403.22,162582.51,267385.55,124090.57,0.00,600461.85,59117.29,2517.96,1474182.84,221.70,-154319.68,-209702.47,-364022.16,-85853.64,-42241.83,-128095.47,-210026.19,-58058.06,-396179.72,-760201.88,448063.59,204282.12,713980.96,-335396.15,378584.81
Hotel Iris,2025,4,BUDGET,10099,14477,1843555.14,22834.74,0.00,1866389.88,139778.72,306125.30,229937.40,199939.50,0.00,875780.93,128540.55,13744.08,2884455.44,285.62,-264915.94,-427053.57,-691969.51,-133999.84,-85349.03,-219348.87,-333922.81,-49877.28,-603148.96,-1295118.48,1174420.37,272631.96,1589336.96,-570874.90,1018462.06
Hotel Iris,2025,4,REAL,6329,8732,981610.77,8770.75,0.00,990381.52,61465.17,162243.31,138851.52,126950.70,0.00,489510.70,41319.16,1189.26,1522400.64,240.56,-158296.33,-233680.06,-391976.39,-86105.20,-42731.43,-128836.63,-215618.60,-48259.41,-392714.64,-784691.03,598405.13,96796.06,737709.61,-334031.77,403677.84
Hotel Iris,2025,5,BUDGET,8750,11398,1946460.48,19820.23,0.00,1966280.71,178681.70,335142.72,98697.00,192176.40,0.00,804697.81,64612.93,17959.68,2853551.13,326.11,-215908.94,-407421.79,-623330.73,-103406.66,-85448.84,-188855.51,-285549.12,-38524.52,-512929.15,-1136259.88,1342949.97,291768.66,1717291.25,-481105.76,1236185.50
Hotel Iris,2025,5,REAL,12201,15079,2732341.02,25446.38,0.00,2757787.40,153272.68,406005.73,38561.47,241272.57,0.00,839112.44,64046.16,4197.67,3665143.67,300.40,-270334.07,-553057.49,-823391.56,-117571.88,-92787.81,-210359.69,-308255.81,-45859.65,-564475.15,-1387866.71,1934395.84,274637.30,2277276.97,-575023.35,1702253.62
Hotel Iris,2025,6,BUDGET,7854,9422,1982719.00,17471.00,0.00,2000190.00,170377.19,290120.92,72977.52,172578.85,0.00,706054.49,67221.23,24367.65,2797833.37,356.23,-199076.44,-389630.90,-588707.34,-90111.79,-76268.05,-166379.83,-256348.48,-33551.02,-456279.32,-1044986.66,1411482.66,249775.16,1752846.71,-443590.34,1309256.37
Hotel Iris,2025,6,REAL,7559,9192,1945214.21,19682.81,0.00,1964897.02,99928.09,276979.73,40317.86,167743.98,0.00,584969.65,43926.44,3074.19,2596867.30,343.54,-180916.96,-411934.06,-592851.02,-76901.01,-59073.50,-135974.50,-198845.54,-29083.00,-363903.05,-956754.07,1372045.99,221066.60,1640113.22,-434097.73,1206015.50
Hotel Iris,2025,7,BUDGET,11354,13535,3618656.40,34678.77,0.00,3653335.17,212631.31,399764.94,32148.00,253175.65,0.00,897719.90,94130.51,13575.12,4658760.69,410.30,-282861.53,-692328.88,-975190.41,-123103.66,-101788.40,-224892.06,-359221.55,-53602.53,-637716.15,-1612906.55,2678144.76,260003.75,3045854.14,-709884.12,2335970.02
Hotel Iris,2025,7,REAL,12982,15435,4167077.17,55802.06,0.00,4222879.23,218826.09,455882.48,4137.74,286528.29,0.00,965374.61,68020.62,3129.85,5259404.31,405.14,-304676.76,-850937.15,-1155613.91,-125628.92,-95924.88,-221553.80,-359239.80,-54344.06,-635137.66,-1790751.57,3067265.32,330236.95,3468652.73,-851683.72,2616969.02
Hotel Iris,2025,8,BUDGET,9113,10686,3307509.90,27226.13,0.00,3334736.03,220097.34,312390.00,35190.00,222097.00,0.00,789774.33,101329.37,11527.20,4237366.94,465.01,-223343.23,-603031.56,-826374.79,-116204.98,-92283.67,-208488.65,-286895.79,-47075.65,-542460.09,-1368834.88,2508361.24,247314.24,2868532.06,-582455.55,2286076.51
Hotel Iris,2025,8,REAL,12185,14841,4433389.73,67181.35,0.00,4500571.08,239833.49,426386.13,72547.91,262860.38,0.00,1001627.90,125275.83,18898.84,5646373.64,463.39,-296151.44,-921440.95,-1217592.39,-130286.58,-88921.25,-219207.83,-361902.76,-58741.69,-639852.28,-1857444.66,3282978.69,361775.63,3788928.98,-855768.40,2933160.58
Hotel Iris,2025,9,BUDGET,7283,9077,1777451.81,17380.00,0.00,1794831.81,158034.76,291516.32,53742.91,161868.24,0.00,665162.23,73607.27,8617.32,2542218.63,349.06,-195067.31,-369579.98,-564647.29,-92639.19,-75719.20,-168358.39,-240970.47,-31355.48,-440684.34,-1005331.63,1230184.52,224477.89,1536887.00,-438878.49,1098008.50
Hotel Iris,2025,9,REAL,9309,11375,2293460.72,14433.77,0.00,2307894.49,93444.44,260977.46,332981.70,191004.13,0.00,878407.72,76477.25,19207.51,3281986.99,352.56,-225868.72,-482730.00,-708598.72,-121156.92,-86123.69,-207280.62,-277839.28,-39414.69,-524534.59,-1233133.31,1599295.78,353873.13,2048853.68,-552943.00,1495910.68
Hotel Iris,2025,10,BUDGET,9088,11517,1535750.56,19400.00,0.00,1555150.56,151922.37,290828.31,266157.33,198809.21,0.00,907717.22,95869.77,6603.76,2565341.32,282.28,-211300.58,-348601.23,-559901.80,-133577.99,-86598.26,-220176.25,-269168.76,-55274.76,-544619.77,-1104521.58,995248.76,363097.45,1460819.74,-492138.10,968681.64
Hotel Iris,2025,10,REAL,7337,9973,1366007.70,14559.90,0.00,1380567.60,65727.80,183021.53,177301.84,138469.62,0.00,564520.79,71307.64,3577.45,2019973.49,275.33,-191336.01,-330252.09,-521588.10,-90191.99,-47872.99,-138064.99,-260585.54,-53218.78,-451869.31,-973457.40,858979.51,112651.48,1046516.08,-444756.16,601759.92
Hotel Iris,2025,11,BUDGET,7380,13214,774812.50,17250.00,0.00,792062.50,131502.50,285487.50,124545.00,169592.05,0.00,711127.05,60545.59,7139.20,1570874.34,212.87,-218031.95,-225379.06,-443411.00,-105985.74,-76348.39,-182334.13,-270893.34,-34948.14,-488175.60,-931586.61,348651.50,222951.44,639287.73,-500325.38,138962.35
Hotel Iris,2025,11,REAL,9595,14477,1048079.37,13064.71,0.00,1061144.08,78263.83,149463.85,110031.20,191530.16,0.00,529289.03,60859.03,11523.99,1662816.13,173.30,-237099.79,-278615.22,-515715.01,-114367.82,-46969.64,-161337.46,-275736.76,-25456.10,-462530.31,-978245.33,545429.06,66758.72,684570.80,-571253.41,113317.39
Hotel Iris,2025,12,BUDGET,4606,9380,585014.75,9480.00,0.00,594494.75,80277.43,160291.00,35471.00,99157.73,0.00,375197.16,40939.51,51442.15,1062073.58,230.56,-148102.09,-150960.48,-299062.56,-49557.83,-39849.29,-89407.12,-181050.45,-37540.49,-307998.06,-607060.63,295432.19,67199.10,455012.95,-320811.94,134201.01
Hotel Iris,2025,12,REAL,5665,13773,742381.73,9154.59,0.00,751536.32,95117.38,130855.13,69859.85,124616.85,0.00,420449.22,37016.04,68686.56,1277688.14,225.52,-219087.89,-190987.56,-410075.45,-70775.43,-43137.86,-113913.29,-278056.94,-44854.20,-436824.42,-846899.88,341460.87,-16375.21,430788.26,-655096.46,-224308.20
Hotel Iris,2026,1,BUDGET,9051,13891,924572.21,16112.83,0.00,940685.04,67561.03,143613.04,169650.00,167347.12,0.00,548171.19,53210.97,7820.28,1549887.48,171.24,-229197.18,-274278.29,-503475.48,-92759.45,-43770.03,-136529.48,-216048.93,-34041.59,-386620.01,-890095.49,437209.56,161551.19,659792.00,-512732.28,147059.72
Hotel Iris,2026,1,REAL,5048,8905,558038.96,5599.97,0.00,563638.93,31354.76,85550.88,93030.74,91896.63,0.00,301833.01,37216.90,5745.06,908433.89,179.98,-124071.98,-149426.77,-273498.75,-60664.65,-26585.48,-87250.13,-163068.23,-15121.10,-265439.45,-538938.20,290140.18,36393.56,369495.70,-304256.83,65238.87
Hotel Iris,2026,2,BUDGET,7907,11260,842735.73,10998.99,0.00,853734.72,67010.98,152090.37,130200.00,156178.04,0.00,505479.39,56858.49,6625.50,1422698.10,179.94,-200149.22,-256079.35,-456228.57,-82580.28,-42316.39,-124896.67,-206167.15,-31498.24,-362562.07,-818790.64,397506.15,142917.32,603907.46,-453853.63,150053.83
Hotel Iris,2026,2,REAL,7037,10188,739592.68,12978.70,0.00,752571.38,53930.24,127598.41,143791.18,145149.14,0.00,470468.98,53587.32,6874.31,1283501.99,182.40,-173545.06,-202172.86,-375717.92,-91495.99,-33314.53,-124810.53,-190549.32,-35721.83,-351081.68,-726799.60,376853.46,119387.30,556702.39,-359814.88,196887.51
Hotel Iris,2026,3,BUDGET,7124,10330,883407.72,10341.64,0.00,893749.37,56039.71,184177.85,290580.00,167597.06,0.00,698394.62,56664.54,5398.35,1654206.88,232.22,-166420.82,-234653.48,-401074.31,-125680.03,-54218.76,-179898.78,-238476.86,-57524.66,-475900.31,-876974.62,492675.06,222494.31,777232.26,-396640.91,380591.35
Hotel Iris,2026,3,REAL,11787,15079,1440128.91,20927.72,0.00,1461056.63,72938.50,320173.05,472193.59,207402.68,0.00,1072707.82,74031.63,5615.95,2613412.03,221.72,-245030.59,-355600.41,-600630.99,-127634.70,-82949.45,-210584.15,-301858.40,-53295.45,-565738.00,-1166368.99,860425.64,506969.83,1447043.04,-604285.24,842757.80
Hotel Iris,2026,4,BUDGET,6436,8847,1076612.54,9419.32,0.00,1086031.86,70007.55,177987.00,134750.00,139113.19,0.00,521857.73,47695.79,7019.92,1662605.30,258.31,-166979.73,-252280.21,-419259.93,-87793.97,-43755.39,-131549.36,-207857.06,-23135.35,-362541.76,-781801.70,666771.93,159315.97,880803.60,-375185.35,505618.25
Hotel Iris,2026,4,REAL,0,0,1318232.29,11745.15,0.00,1329977.44,84537.21,194389.93,58985.37,161460.05,0.00,499372.56,187460.26,1455.65,2018265.90,,-2039.51,-90824.16,-92863.67,-62931.05,-52790.56,-115721.61,-1239.22,-7973.61,-124934.43,-217798.10,1237113.77,374438.13,1800467.80,-242953.32,1557514.47
Hotel Iris,2026,5,BUDGET,7285,9142,1801106.52,16353.81,0.00,1817460.33,98504.85,260930.61,59290.00,151973.65,0.00,570699.12,47006.18,7214.45,2442380.07,335.26,-178998.11,-384958.90,-563957.00,-80666.06,-56934.98,-137601.04,-215605.36,-19766.50,-372972.90,-936929.90,1253503.32,197726.22,1505450.17,-429689.80,1075760.37
Hotel Iris,2026,5,REAL,0,0,0.00,0.00,0.00,0.00,0.00,0.00,0.00,0.00,0.00,0.00,0.00,0.00,0.00,,0.00,0.00,0.00,0.00,0.00,0.00,0.00,0.00,0.00,0.00,0.00,0.00,0.00,0.00,0.00
Hotel Iris,2026,6,BUDGET,7116,8732,2018686.35,19820.04,0.00,2038506.39,103856.90,287629.89,60800.00,169121.03,0.00,621407.82,42462.84,6852.38,2709229.43,380.73,-191544.11,-414162.26,-605706.36,-89399.96,-56633.86,-146033.82,-229900.33,-40249.62,-416183.78,-1021890.14,1432800.03,205224.04,1687339.29,-458238.18,1229101.10
Hotel Iris,2026,6,REAL,0,0,0.00,0.00,0.00,0.00,0.00,0.00,0.00,0.00,0.00,0.00,0.00,0.00,0.00,,0.00,0.00,0.00,0.00,0.00,0.00,0.00,0.00,0.00,0.00,0.00,0.00,0.00,0.00,0.00
Hotel Iris,2026,7,BUDGET,10372,12585,3682656.46,48230.00,0.00,3730886.46,195881.62,409937.12,7420.00,236231.46,0.00,849470.21,59685.83,14082.28,4654124.78,448.72,-270757.03,-743613.00,-1014370.03,-112538.39,-84765.15,-197303.54,-328456.35,-45962.84,-571722.73,-1586092.76,2716516.43,277747.48,3068032.01,-732556.69,2335475.32
Hotel Iris,2026,7,REAL,0,0,0.00,0.00,0.00,0.00,0.00,0.00,0.00,0.00,0.00,0.00,0.00,0.00,0.00,,0.00,0.00,0.00,0.00,0.00,0.00,0.00,0.00,0.00,0.00,0.00,0.00,0.00,0.00,0.00
Hotel Iris,2026,8,BUDGET,10749,13298,4320424.12,63805.28,0.00,4384229.40,235442.07,421565.33,28000.00,240342.26,0.00,925349.66,87391.76,52206.78,5449177.60,506.96,-275798.97,-848841.51,-1124640.49,-125601.10,-96197.95,-221799.05,-346021.09,-60181.04,-628001.18,-1752641.67,3259588.91,297348.48,3696535.93,-801926.26,2894609.67
Hotel Iris,2026,8,REAL,0,0,0.00,0.00,0.00,0.00,0.00,0.00,0.00,0.00,0.00,0.00,0.00,0.00,0.00,,0.00,0.00,0.00,0.00,0.00,0.00,0.00,0.00,0.00,0.00,0.00,0.00,0.00,0.00,0.00
Hotel Iris,2026,9,BUDGET,9827,12524,2419747.82,25418.80,0.00,2445166.62,144754.40,379599.62,238710.00,239271.14,0.00,1002335.16,86281.19,14669.45,3548452.42,361.08,-247758.91,-505725.26,-753484.17,-159935.19,-78169.20,-238104.39,-327403.50,-59234.94,-624742.82,-1378226.99,1691682.45,377592.33,2170225.42,-619498.62,1550726.80
Hotel Iris,2026,9,REAL,0,0,0.00,0.00,0.00,0.00,0.00,0.00,0.00,0.00,0.00,0.00,0.00,0.00,0.00,,0.00,0.00,0.00,0.00,0.00,0.00,0.00,0.00,0.00,0.00,0.00,0.00,0.00,0.00,0.00
Hotel Iris,2026,10,BUDGET,12007,15316,2343039.68,27105.48,0.00,2370145.16,112323.11,336813.38,301860.00,258251.60,0.00,1009248.08,119015.29,19155.68,3517564.20,292.95,-295139.49,-497643.16,-792782.65,-177048.77,-75142.70,-252191.47,-346003.03,-56233.99,-654428.48,-1447211.14,1577362.51,354819.59,2070353.06,-676276.66,1394076.40
Hotel Iris,2026,10,REAL,0,0,0.00,0.00,0.00,0.00,0.00,0.00,0.00,0.00,0.00,0.00,0.00,0.00,0.00,,0.00,0.00,0.00,0.00,0.00,0.00,0.00,0.00,0.00,0.00,0.00,0.00,0.00,0.00,0.00
Hotel Iris,2026,11,BUDGET,6952,12639,778424.50,18656.00,0.00,797080.50,103701.32,192339.47,99000.00,141980.83,0.00,537021.62,78647.33,12881.31,1425630.75,205.07,-199307.03,-222739.89,-422046.92,-73287.42,-49525.08,-122812.50,-203266.85,-29141.21,-355220.56,-777267.47,375033.58,181801.06,648363.28,-478150.13,170213.15
Hotel Iris,2026,11,REAL,0,0,0.00,0.00,0.00,0.00,0.00,0.00,0.00,0.00,0.00,0.00,0.00,0.00,0.00,,0.00,0.00,0.00,0.00,0.00,0.00,0.00,0.00,0.00,0.00,0.00,0.00,0.00,0.00,0.00
Hotel Iris,2026,12,BUDGET,5172,11754,718822.17,12592.80,0.00,731414.97,60930.54,146573.46,63181.80,111246.21,0.00,381932.01,35147.69,46152.99,1194647.66,230.99,-176740.47,-216407.60,-393148.07,-59955.58,-33645.84,-93601.43,-166954.80,-39805.97,-300362.19,-693510.26,338266.90,81569.81,501137.39,-443938.52,57198.87
Hotel Iris,2026,12,REAL,0,0,0.00,0.00,0.00,0.00,0.00,0.00,0.00,0.00,0.00,0.00,0.00,0.00,0.00,,0.00,0.00,0.00,0.00,0.00,0.00,0.00,0.00,0.00,0.00,0.00,0.00,0.00,0.00,0.00
Hotel Jupiter,2025,1,BUDGET,15956,19344,3914989.35,48988.80,0.00,3963978.15,348157.47,394807.83,113695.23,675009.68,0.00,1531670.22,234243.68,7990.00,5737882.04,359.61,-543053.85,-524971.02,-1068024.88,-291962.88,-170727.04,-462689.92,-754352.23,-86116.07,-1303158.23,-2371183.10,2895953.27,228511.99,3366698.94,-1021805.50,2344893.43
Hotel Jupiter,2025,1,REAL,19841,24373,4809978.05,44309.27,0.00,4854287.33,352416.04,569214.49,174993.36,746340.69,0.01,1842964.59,285883.59,22590.29,7005725.80,353.09,-659030.17,-651501.03,-1310531.20,-373460.77,-195565.52,-569026.29,-998895.67,-118120.06,-1686042.02,-2996573.23,3543756.12,156922.57,4009152.57,-1119226.37,2889926.20
Hotel Jupiter,2025,2,BUDGET,12713,15725,3418356.27,40716.14,0.00,3459072.41,338093.01,336702.19,50467.29,583586.98,0.00,1308849.48,230927.75,52191.00,5051040.63,397.30,-495879.84,-437903.88,-933783.72,-248105.65,-143961.29,-392066.94,-726953.93,-73798.91,-1192819.78,-2126603.50,2525288.69,116029.70,2924437.14,-867849.37,2056587.76
Hotel Jupiter,2025,2,REAL,16086,19044,4251337.03,31838.01,0.00,4283175.03,385488.89,423103.53,1906.24,720827.43,0.01,1531326.10,252242.82,9683.46,6076427.41,377.74,-622799.19,-521321.64,-1144120.82,-346161.98,-167986.59,-514148.57,-909226.25,-92363.69,-1515738.51,-2659859.33,3139054.21,15587.59,3416568.08,-1128337.98,2288230.10
Hotel Jupiter,2025,3,BUDGET,11619,15669,2655933.92,52234.91,0.00,2708168.83,302855.15,298947.83,101368.02,523112.38,0.00,1226283.38,192451.30,6471.90,4133375.41,355.73,-432797.96,-359752.19,-792550.15,-226115.83,-134393.47,-360509.30,-642242.72,-72537.10,-1075289.12,-1867839.27,1915618.68,150994.26,2265536.14,-779623.55,1485912.59
Hotel Jupiter,2025,3,REAL,12008,16442,2848232.49,37520.19,0.00,2885752.68,249719.26,299743.97,65511.11,517762.34,-0.01,1132736.66,166613.29,49590.74,4234693.36,352.66,-437181.78,-369290.58,-806472.36,-233556.98,-127247.61,-360804.59,-619663.18,-82275.30,-1062743.07,-1869215.43,2079280.32,69993.58,2365477.93,-830608.14,1534869.79
Hotel Jupiter,2025,4,BUDGET,14459,19094,3769659.27,63507.61,0.00,3833166.88,386032.46,417771.76,76500.00,733251.98,0.00,1613556.20,287111.41,59149.80,5792984.29,400.66,-542200.06,-498202.19,-1040402.25,-301291.05,-182102.08,-483393.13,-815152.40,-93545.80,-1392091.33,-2432493.57,2792764.64,221464.87,3360490.72,-977370.18,2383120.53
Hotel Jupiter,2025,4,REAL,12563,17035,3425655.83,30868.74,0.00,3456524.57,342419.48,331188.42,14049.29,629066.65,0.00,1316723.84,213204.74,6668.89,4993122.03,397.46,-461443.59,-411459.88,-872903.47,-277430.13,-136244.61,-413674.73,-715232.03,-85209.88,-1214116.64,-2087020.11,2583621.10,102607.20,2906101.93,-827415.95,2078685.97
Hotel Jupiter,2025,5,BUDGET,16197,23406,3302575.92,58500.37,0.00,3361076.30,394501.59,427037.22,129207.08,597447.90,0.00,1548193.79,319251.66,70167.90,5298689.65,327.14,-609174.71,-428238.32,-1037413.03,-300196.10,-179839.03,-480035.12,-946283.26,-99488.00,-1525806.38,-2563219.41,2323663.27,22387.40,2735470.23,-1173241.78,1562228.45
Hotel Jupiter,2025,5,REAL,15328,20311,3191225.76,22879.73,0.00,3214105.49,264774.79,346392.20,237741.56,633166.62,0.02,1482075.19,274058.79,7658.07,4977897.54,324.76,-581102.32,-462128.21,-1043230.52,-316053.80,-128255.54,-444309.34,-870667.05,-115151.78,-1430128.16,-2473358.69,2170874.97,51947.03,2504538.86,-1013708.83,1490830.03
Hotel Jupiter,2025,6,BUDGET,15373,20966,2698922.83,55217.10,0.00,2754139.93,354784.94,348034.25,151150.81,703584.44,0.00,1557554.44,250237.20,8948.80,4570880.37,297.33,-590382.62,-374813.73,-965196.35,-286676.57,-163096.01,-449772.58,-843930.50,-93878.18,-1387581.26,-2352777.60,1788943.59,169973.18,2218102.76,-1077843.74,1140259.02
Hotel Jupiter,2025,6,REAL,13784,18346,2376078.00,35332.62,0.00,2411410.62,222428.09,296248.55,83795.95,561047.49,0.00,1163520.08,187777.14,56916.49,3819624.33,277.11,-527529.20,-344950.30,-872479.50,-242384.83,-103314.46,-345699.29,-785620.76,-84663.90,-1215983.95,-2088463.45,1538931.12,-52463.87,1731160.89,-804155.44,927005.44
Hotel Jupiter,2025,7,BUDGET,15700,22632,3528156.33,61767.22,0.00,3589923.55,391432.75,375582.76,35100.00,795459.67,0.00,1597575.17,238375.75,9348.30,5435222.77,346.19,-639789.10,-459684.34,-1099473.44,-320040.04,-170790.02,-490830.06,-899509.08,-94353.76,-1484692.91,-2584166.35,2490450.11,112882.26,2851056.43,-1123252.29,1727804.13
Hotel Jupiter,2025,7,REAL,14268,20698,3058490.97,37628.56,0.00,3096119.54,269179.04,304151.46,47561.08,611559.74,0.01,1232451.34,201353.06,33678.91,4563602.85,319.84,-586969.15,-443376.40,-1030345.55,-300636.38,-120217.32,-420853.71,-822624.29,-106029.73,-1349507.73,-2379853.29,2065773.98,-117056.40,2183749.56,-944707.10,1239042.46
Hotel Jupiter,2025,8,BUDGET,12891,16636,3292330.81,57114.90,0.00,3349445.70,364943.40,365173.01,25800.00,716784.29,0.00,1472700.71,197579.63,6871.40,5026597.45,389.92,-504977.85,-425298.02,-930275.87,-286472.15,-160616.08,-447088.23,-729354.60,-83406.85,-1259849.68,-2190125.55,2419169.84,212851.03,2836471.90,-873376.86,1963095.04
Hotel Jupiter,2025,8,REAL,14461,19731,3622851.68,47094.70,0.00,3669946.37,388752.43,299553.79,23556.30,753782.42,0.00,1465644.94,229537.01,16963.07,5382091.38,372.19,-506819.60,-461469.58,-968289.18,-328423.04,-145981.17,-474404.20,-684843.89,-88504.07,-1247752.17,-2216041.35,2701657.19,217892.77,3166050.03,-1063951.21,2102098.82
Hotel Jupiter,2025,9,BUDGET,19995,24149,3900634.46,49638.73,0.00,3950273.18,420585.99,477966.71,134143.99,895965.30,0.00,1928661.98,280051.97,10307.10,6169294.23,308.54,-742181.76,-496466.60,-1238648.36,-353251.74,-217417.43,-570669.18,-1071341.22,-114553.87,-1756564.26,-2995212.62,2711624.82,172097.72,3174081.62,-1270528.50,1903553.12
Hotel Jupiter,2025,9,REAL,16256,20592,3272802.75,31214.61,0.00,3304017.37,287058.00,314941.57,115420.55,770591.86,-0.01,1488011.97,240237.36,71053.27,5103319.96,313.94,-614630.65,-405904.50,-1020535.15,-316150.88,-165894.77,-482045.65,-828020.13,-114088.37,-1424154.15,-2444689.30,2283482.21,63857.82,2658630.66,-1057894.94,1600735.72
Hotel Jupiter,2025,10,BUDGET,14247,17216,3583754.99,42443.61,0.00,3626198.60,350061.93,390111.98,62383.18,674596.03,0.00,1477153.12,225323.98,7111.10,5335786.80,374.52,-512739.64,-438750.46,-951490.09,-277379.90,-169056.24,-446436.14,-739595.15,-83212.32,-1269243.61,-2220733.70,2674708.51,207909.51,3115053.09,-945247.01,2169806.09
Hotel Jupiter,2025,10,REAL,19698,23600,4788755.21,42795.83,0.00,4831551.04,449313.14,444067.75,35219.50,947857.50,0.01,1876457.91,333743.15,22937.34,7064689.44,358.65,-657252.25,-663902.14,-1321154.38,-412490.82,-207900.55,-620391.37,-954304.69,-137291.91,-1711987.97,-3033142.36,3510396.66,164469.93,4031547.08,-1162832.81,2868714.27
Hotel Jupiter,2025,11,BUDGET,12799,15538,2970775.01,44804.48,0.00,3015579.49,293083.01,343268.63,87818.98,564478.26,0.00,1288648.88,193032.15,6631.70,4503892.21,351.91,-477939.50,-368535.57,-846475.07,-232982.27,-149600.68,-382582.95,-691860.73,-75803.31,-1150246.99,-1996722.06,2169104.42,138401.88,2507170.15,-830549.37,1676620.78
Hotel Jupiter,2025,11,REAL,11818,14602,3159262.06,16678.62,0.00,3175940.69,199819.38,221087.81,82851.09,590885.51,0.02,1094643.79,163978.46,13914.93,4448477.87,376.42,-474836.36,-443375.99,-918212.36,-232805.48,-110233.40,-343038.88,-637290.07,-142583.52,-1122912.48,-2041124.83,2257728.33,-28268.68,2407353.04,-731156.84,1676196.19
Hotel Jupiter,2025,12,BUDGET,13846,19344,4018201.65,46675.03,0.00,4064876.67,377229.85,556612.83,74766.36,596668.80,0.00,1605277.84,274758.91,107990.00,6052903.43,437.16,-569358.52,-565661.93,-1135020.45,-291279.49,-175240.72,-466520.21,-852564.81,-91456.28,-1410541.29,-2545561.74,2929856.22,194736.55,3507341.68,-1085136.86,2422204.83
Hotel Jupiter,2025,12,REAL,15443,21859,4283856.16,28781.57,0.00,4312637.73,436913.48,516150.96,153191.03,701544.74,0.00,1807800.20,379072.90,142301.96,6641812.80,430.10,-607885.73,-594054.87,-1201940.59,-367174.71,-159681.22,-526855.92,-901831.46,-112090.17,-1540777.55,-2742718.15,3110697.14,267022.65,3899094.65,-1196762.55,2702332.10
Hotel Jupiter,2026,1,BUDGET,13703,16829,3486549.36,31320.00,0.00,3517869.36,298217.35,376537.45,84580.13,531346.53,0.00,1290681.47,211406.68,11322.09,5031279.60,367.18,-486503.07,-458036.22,-944539.29,-270662.59,-135329.27,-405991.86,-692550.24,-82335.36,-1180877.46,-2125416.75,2573330.07,109804.01,2905862.85,-879532.21,2026330.64
Hotel Jupiter,2026,1,REAL,16533,21472,3939805.30,32070.86,0.00,3971876.16,227373.12,316950.37,78823.10,843527.34,0.00,1466673.92,232392.12,75065.05,5746007.25,347.54,-600331.20,-536539.38,-1136870.58,-330282.54,-181019.16,-511301.70,-905564.73,-86195.01,-1503061.43,-2639932.01,2835005.58,-36387.51,3106075.24,-1046648.02,2059427.22
Hotel Jupiter,2026,2,BUDGET,17562,20792,4992585.50,38675.00,0.00,5031260.50,400167.67,468874.22,40036.72,744678.31,0.00,1653756.91,255360.83,15486.54,6955864.78,396.07,-669347.82,-633911.78,-1303259.60,-379020.74,-175641.11,-554661.85,-942298.09,-98210.73,-1595170.66,-2898430.26,3728000.90,58586.25,4057434.52,-1198348.94,2859085.58
Hotel Jupiter,2026,2,REAL,12155,14502,3157072.45,16181.05,0.00,3173253.50,268174.35,251370.17,1909.00,618597.99,-0.01,1140051.50,169691.03,10217.28,4493213.32,369.67,-448132.02,-445933.78,-894065.81,-264715.24,-136239.87,-400955.11,-646025.47,-71311.29,-1118291.88,-2012357.68,2279187.69,21759.63,2480855.63,-782101.09,1698754.54
Hotel Jupiter,2026,3,BUDGET,18203,23793,4546944.69,52890.00,0.00,4599834.69,382323.47,449474.91,92356.94,765501.57,0.00,1689656.88,285946.45,77507.10,6652945.13,365.49,-686397.51,-621499.09,-1307896.60,-358808.89,-179061.49,-537870.38,-974947.37,-108105.56,-1620923.31,-2928819.91,3291938.09,68733.57,3724125.21,-1272809.68,2451315.53
Hotel Jupiter,2026,3,REAL,18076,23213,4605562.97,36823.24,0.00,4642386.20,351371.72,321930.70,61797.98,971870.45,0.00,1706970.85,266913.41,15260.87,6631531.33,366.88,-664168.31,-715421.96,-1379590.27,-400319.90,-207351.07,-607670.98,-978070.10,-123321.74,-1709062.82,-3088653.10,3262795.93,-2091.97,3542878.24,-1135582.70,2407295.53
Hotel Jupiter,2026,4,BUDGET,15041,20405,4358785.74,44690.00,0.00,4403475.74,375906.04,403706.28,69487.50,746609.67,0.00,1595709.50,295438.03,14185.15,6308808.42,419.44,-608105.22,-572708.02,-1180813.24,-355682.29,-165430.15,-521112.44,-866518.72,-100899.09,-1488530.25,-2669343.49,3222662.50,107179.25,3639464.93,-1076398.80,2563066.13
Hotel Jupiter,2026,4,REAL,0,0,1194388.37,30510.46,0.00,1224898.83,242455.42,232691.06,37772.83,525173.02,29890.62,1067982.94,127036.27,66186.32,2486104.35,,0.00,-246920.60,-246920.60,-230293.74,-122196.65,-352490.39,-368.64,-36701.40,-389560.43,-636481.03,977978.22,678422.51,1849623.32,-195689.75,1653933.57
Hotel Jupiter,2026,5,BUDGET,10905,14701,2104452.92,20520.00,0.00,2124972.92,230471.07,270898.81,89270.29,412382.08,0.00,1003022.26,154084.44,9890.56,3291970.18,301.87,-412782.03,-331020.07,-743802.10,-225465.51,-108962.47,-334427.98,-601774.30,-68936.49,-1005138.76,-1748940.87,1381170.82,-2116.51,1543029.31,-746423.00,796606.31
Hotel Jupiter,2026,5,REAL,0,0,0.00,0.00,0.00,0.00,0.00,0.00,0.00,0.00,0.00,0.00,0.00,0.00,0.00,,0.00,0.00,0.00,0.00,0.00,0.00,0.00,0.00,0.00,0.00,0.00,0.00,0.00,0.00,0.00
Hotel Jupiter,2026,6,BUDGET,16164,21341,3048455.76,43320.00,0.00,3091775.76,320114.17,410476.02,161541.19,653297.02,0.00,1545428.40,299732.94,71835.85,5008772.94,309.87,-621565.32,-468639.04,-1090204.35,-321662.61,-166132.85,-487795.46,-902037.97,-109323.20,-1499156.63,-2589360.98,2001571.41,46271.77,2419411.96,-1099899.42,1319512.54
Hotel Jupiter,2026,6,REAL,0,0,0.00,0.00,0.00,0.00,0.00,0.00,0.00,0.00,0.00,0.00,0.00,0.00,0.00,,0.00,0.00,0.00,0.00,0.00,0.00,0.00,0.00,0.00,0.00,0.00,0.00,0.00,0.00,0.00
Hotel Jupiter,2026,7,BUDGET,15053,21472,3527113.80,44400.00,0.00,3571513.80,321170.21,379773.05,51806.14,682955.84,0.00,1435705.24,236949.60,14445.43,5258614.07,349.35,-622105.19,-499932.81,-1122038.00,-324353.09,-149055.49,-473408.58,-901040.09,-91158.20,-1465606.87,-2587644.88,2449475.80,-29901.63,2670969.19,-1105952.18,1565017.01
Hotel Jupiter,2026,7,REAL,0,0,0.00,0.00,0.00,0.00,0.00,0.00,0.00,0.00,0.00,0.00,0.00,0.00,0.00,,0.00,0.00,0.00,0.00,0.00,0.00,0.00,0.00,0.00,0.00,0.00,0.00,0.00,0.00,0.00
Hotel Jupiter,2026,8,BUDGET,11616,15282,3190070.56,39500.00,0.00,3229570.56,250407.81,276515.51,19156.47,627317.02,0.00,1173396.81,193063.08,10280.98,4606311.43,396.54,-462749.13,-430783.60,-893532.74,-263541.90,-118238.79,-381780.69,-643981.64,-70568.48,-1096330.81,-1989863.54,2336037.82,77066.00,2616447.89,-814454.31,1801993.58
Hotel Jupiter,2026,8,REAL,0,0,0.00,0.00,0.00,0.00,0.00,0.00,0.00,0.00,0.00,0.00,0.00,0.00,0.00,,0.00,0.00,0.00,0.00,0.00,0.00,0.00,0.00,0.00,0.00,0.00,0.00,0.00,0.00,0.00
Hotel Jupiter,2026,9,BUDGET,14213,17971,3091573.44,28800.00,0.00,3120373.44,291157.57,338880.33,110803.18,612836.16,0.00,1353677.24,197328.29,60493.34,4731872.31,332.93,-557982.88,-417787.16,-975770.04,-267934.04,-143330.09,-411264.13,-781257.55,-92944.74,-1285466.42,-2261236.46,2144603.40,68210.82,2470635.85,-976491.28,1494144.57
Hotel Jupiter,2026,9,REAL,0,0,0.00,0.00,0.00,0.00,0.00,0.00,0.00,0.00,0.00,0.00,0.00,0.00,0.00,,0.00,0.00,0.00,0.00,0.00,0.00,0.00,0.00,0.00,0.00,0.00,0.00,0.00,0.00,0.00
Hotel Jupiter,2026,10,BUDGET,16422,19537,4316301.66,40400.00,0.00,4356701.66,342625.06,395342.39,60176.00,719160.40,0.00,1517303.85,239295.22,13144.04,6126444.77,373.07,-588577.93,-556727.19,-1145305.12,-330762.91,-161635.46,-492398.37,-824658.48,-95052.04,-1412108.89,-2557414.01,3211396.54,105194.96,3569030.77,-1031225.60,2537805.16
Hotel Jupiter,2026,10,REAL,0,0,0.00,0.00,0.00,0.00,0.00,0.00,0.00,0.00,0.00,0.00,0.00,0.00,0.00,,0.00,0.00,0.00,0.00,0.00,0.00,0.00,0.00,0.00,0.00,0.00,0.00,0.00,0.00,0.00
Hotel Jupiter,2026,11,BUDGET,17995,22464,4857642.00,51600.00,0.00,4909242.00,362232.37,430130.18,146012.84,678709.20,0.00,1617084.60,290452.74,15616.68,6832396.02,379.68,-695597.79,-642810.59,-1338408.38,-342388.32,-174918.25,-517306.56,-976569.03,-119359.48,-1613235.07,-2951643.45,3570833.62,3849.52,3880752.57,-1217327.44,2663425.13
Hotel Jupiter,2026,11,REAL,0,0,0.00,0.00,0.00,0.00,0.00,0.00,0.00,0.00,0.00,0.00,0.00,0.00,0.00,,0.00,0.00,0.00,0.00,0.00,0.00,0.00,0.00,0.00,0.00,0.00,0.00,0.00,0.00,0.00
Hotel Jupiter,2026,12,BUDGET,14210,18764,4234308.84,41225.00,0.00,4275533.84,360326.58,531361.60,93773.49,575950.11,0.00,1561411.77,224048.19,109623.48,6170617.29,434.26,-559183.30,-540143.19,-1099326.48,-374333.68,-160455.33,-534789.00,-829479.55,-95172.17,-1459440.71,-2558767.20,3176207.36,101971.06,3611850.09,-1034642.30,2577207.79
Hotel Jupiter,2026,12,REAL,0,0,0.00,0.00,0.00,0.00,0.00,0.00,0.00,0.00,0.00,0.00,0.00,0.00,0.00,,0.00,0.00,0.00,0.00,0.00,0.00,0.00,0.00,0.00,0.00,0.00,0.00,0.00,0.00,0.00
Hotel Kaleido,2025,1,BUDGET,29306,36595,7625542.42,119431.62,0.00,7744974.04,66230.90,38390.48,0.00,2382823.64,4674.41,2492119.43,500656.65,160225.43,10897975.56,371.87,-445692.00,-621126.05,-1066818.05,-1184340.39,-416152.46,-1600492.85,-637782.74,-175107.54,-2413383.14,-3480201.18,6678155.99,78736.29,7417774.37,-2757374.73,4660399.64
Hotel Kaleido,2025,1,REAL,25662,30060,6594556.15,57400.07,1974.59,6653930.81,54200.36,45571.19,0.00,2093247.53,6490.07,2199509.14,342032.05,124576.36,9320048.36,363.18,-398620.97,-590151.36,-988772.33,-1014540.57,-373910.78,-1388451.35,-560216.37,-136648.98,-2085316.70,-3074089.03,5665158.48,114192.43,6245959.33,-2594746.96,3651212.37
Hotel Kaleido,2025,2,BUDGET,23809,27741,6703688.18,97029.32,0.00,6800717.50,52617.25,29760.89,0.00,1896729.80,3923.17,1983031.11,429327.71,134474.92,9347551.24,392.61,-373834.39,-568186.38,-942020.77,-942736.04,-331257.74,-1273993.78,-540807.91,-146534.61,-1961336.30,-2903357.07,5858696.72,21694.81,6444194.17,-2415449.48,4028744.69
Hotel Kaleido,2025,2,REAL,31880,37480,7670699.07,62099.96,23.09,7732822.13,69904.52,34135.61,0.00,2588193.58,3860.99,2696094.70,602451.77,197388.96,11228757.55,352.22,-500168.27,-813606.08,-1313774.35,-1332086.08,-455880.36,-1787966.44,-709015.00,-243248.94,-2740230.38,-4054004.73,6419047.78,-44135.69,7174752.82,-4278200.56,2896552.26
Hotel Kaleido,2025,3,BUDGET,30074,36595,8528559.35,120159.73,0.00,8648719.08,64358.48,36088.87,0.00,2732598.44,4674.41,2837720.20,501263.72,160225.43,12147928.44,403.93,-445756.87,-742205.80,-1187962.68,-1358189.78,-477239.50,-1835429.28,-637592.34,-168791.74,-2641813.36,-3829776.03,7460756.40,195906.85,8318152.40,-3115915.68,5202236.72
Hotel Kaleido,2025,3,REAL,24949,29733,5640969.70,77890.05,0.00,5718859.75,61392.30,32068.59,0.00,2083609.86,5403.29,2182474.05,374508.04,132148.09,8407989.93,337.01,-431276.32,-735103.83,-1166380.15,-1023548.03,-367469.84,-1391017.87,-613770.97,-191781.29,-2196570.13,-3362950.28,4552479.60,-14096.08,5045039.65,-2675899.40,2369140.25
Hotel Kaleido,2025,4,BUDGET,21494,26561,5041141.34,84160.09,0.00,5125301.43,46426.61,25792.56,0.00,1769645.09,3505.81,1845370.06,370398.67,120169.08,7461239.23,347.13,-333786.62,-450791.95,-784578.57,-879570.82,-309062.81,-1188633.63,-478052.29,-125391.32,-1792077.24,-2576655.81,4340722.86,53292.82,4884583.42,-2318730.40,2565853.02
Hotel Kaleido,2025,4,REAL,26584,32569,5852837.18,72609.42,0.00,5925446.59,46038.79,34402.13,0.00,2215034.46,6429.61,2301904.99,650019.52,176291.26,9053662.35,340.56,-457646.95,-543125.46,-1000772.41,-1130132.52,-373768.47,-1503900.99,-661945.00,-128517.69,-2294363.69,-3295136.10,4924674.18,7541.30,5758526.26,-2783564.17,2974962.08
Hotel Kaleido,2025,5,BUDGET,27923,42476,6149211.98,109333.70,0.00,6258545.68,59755.08,33507.52,0.00,2202691.92,5425.66,2301380.17,759805.32,185975.95,9505707.12,340.43,-490904.28,-644113.75,-1135018.03,-1094809.10,-384693.04,-1479502.14,-713863.24,-191696.10,-2385061.48,-3520079.51,5123527.65,-83681.31,5985627.61,-3736997.53,2248630.08
Hotel Kaleido,2025,5,REAL,20721,30060,3575364.40,50122.92,0.00,3625487.31,38812.25,12764.02,0.00,1654360.82,12459.50,1718396.60,682970.97,136733.17,6163588.05,297.45,-399501.84,-521691.59,-921193.43,-814902.01,-278205.73,-1093107.73,-535713.53,-121426.11,-1750247.38,-2671440.81,2704293.88,-31850.78,3492147.24,-2731510.61,760636.63
Hotel Kaleido,2025,6,BUDGET,26239,34150,6606596.98,104835.95,0.00,6711432.93,51690.36,30961.74,0.00,2121391.91,4507.47,2208551.48,686443.13,154503.10,9760930.63,372.00,-428853.96,-634571.38,-1063425.34,-1054400.37,-371075.61,-1425475.97,-614168.86,-160546.92,-2200191.75,-3263617.09,5648007.59,8359.73,6497313.54,-2745336.16,3751977.38
Hotel Kaleido,2025,6,REAL,22768,29723,4227306.39,67894.80,0.00,4295201.19,41528.37,26788.13,0.00,1842246.84,6415.25,1916978.58,248874.64,119636.10,6580690.51,289.04,-403384.96,-602392.88,-1005777.84,-873742.25,-313108.94,-1186851.19,-522842.78,-140609.37,-1850303.34,-2856081.19,3289423.35,66675.24,3724609.33,-2417891.66,1306717.67
Hotel Kaleido,2025,7,BUDGET,27317,36922,7275018.43,106961.60,0.00,7381980.03,52448.87,33873.23,0.00,2333701.39,4716.15,2424739.63,614768.36,161656.02,10583144.04,387.42,-442622.59,-686807.81,-1129430.40,-1159925.04,-408212.95,-1568137.99,-639446.88,-110201.65,-2317786.52,-3447216.93,6252549.63,106953.11,7135927.11,-3091263.35,4044663.77
Hotel Kaleido,2025,7,REAL,30330,37575,6593739.43,96113.75,0.00,6689853.17,75085.27,35970.55,0.00,2535139.27,19817.01,2666012.10,646332.81,152850.34,10155048.42,334.82,-465162.12,-727538.65,-1192700.77,-1254573.24,-429019.51,-1683592.74,-644109.32,-136912.61,-2464614.67,-3657315.43,5497152.41,201397.43,6497732.99,-3147384.54,3350348.45
Hotel Kaleido,2025,8,BUDGET,30064,36268,6263744.12,117715.56,0.00,6381459.68,56519.55,37278.85,0.00,2633706.01,4632.68,2732137.09,653691.14,158794.85,9926082.77,330.17,-441654.71,-620414.79,-1062069.50,-1309037.04,-460690.00,-1769727.04,-631637.59,-109760.68,-2511125.31,-3573194.81,5319390.19,221011.78,6352887.96,-2957757.07,3395130.89
Hotel Kaleido,2025,8,REAL,30955,39536,6013548.17,71494.59,459.80,6085502.56,62059.94,34054.55,0.00,2613875.32,9058.22,2719048.04,606486.84,170036.59,9581074.03,309.51,-500426.52,-625137.87,-1125564.40,-1285847.08,-430930.66,-1716777.74,-720180.05,-226571.12,-2663528.91,-3789093.30,4959938.16,55519.13,5791980.73,-3334593.21,2457387.51
Hotel Kaleido,2025,9,BUDGET,20330,28458,3411256.43,79603.29,0.00,3490859.72,43506.26,25209.24,0.00,1580806.56,3756.22,1653278.28,492843.91,128752.58,5765734.49,283.61,-352033.41,-409835.38,-761868.79,-785711.97,-276082.77,-1061794.73,-509292.18,-88810.26,-1659897.17,-2421765.96,2728990.93,-6618.89,3343968.53,-2459613.01,884355.52
Hotel Kaleido,2025,9,REAL,21708,37628,2892330.69,56690.61,0.00,2949021.30,43478.86,13338.57,0.00,1682063.71,6317.91,1745199.06,283450.06,164248.29,5141918.71,236.87,-429646.36,-316989.50,-746635.86,-834268.37,-261029.72,-1095298.10,-587923.80,-67712.44,-1750934.33,-2497570.19,2202385.44,-5735.28,2644348.52,-2766901.06,-122552.54
Hotel Kaleido,2025,10,BUDGET,22547,30060,3780209.22,91887.20,0.00,3872096.42,49152.37,28409.17,0.00,1781370.55,3839.69,1862771.78,521794.88,131613.75,6388276.83,283.33,-365550.15,-449719.57,-815269.72,-885398.76,-311110.62,-1196509.38,-523518.52,-90143.13,-1810171.03,-2625440.75,3056826.70,52600.74,3762836.07,-2402976.83,1359859.24
Hotel Kaleido,2025,10,REAL,21830,31694,2880583.40,32730.48,0.00,2913313.88,33589.49,17810.33,0.00,1751256.41,710.10,1803366.33,222974.88,82828.50,5022483.60,230.07,-457404.94,-437512.59,-894917.53,-833612.80,-313527.50,-1147140.30,-532407.60,-73819.13,-1753367.03,-2648284.56,2018396.35,49999.30,2374199.03,-2248237.46,125961.57
Hotel Kaleido,2025,11,BUDGET,28019,37628,6338079.35,114187.62,0.00,6452266.96,61081.32,36424.64,0.00,2265165.38,4966.56,2367637.90,616294.22,170239.52,9606438.60,342.86,-466262.49,-613808.62,-1080071.11,-1125860.43,-396224.58,-1522085.00,-673700.88,-115214.44,-2311000.33,-3391071.44,5372195.85,56637.57,6215367.16,-3114831.17,3100535.99
Hotel Kaleido,2025,11,REAL,4511,37628,532679.46,4676.15,0.00,537355.61,-775.99,6347.32,0.00,341894.35,-1850.40,345615.28,205458.77,147993.55,1236423.22,274.07,-383477.55,-168451.13,-551928.68,-130526.17,-45400.81,-175926.98,-499662.84,-69175.31,-744765.13,-1296693.81,-14573.06,-399149.85,-60270.58,-2361154.77,-2421425.35
Hotel Kaleido,2025,12,BUDGET,24797,33981,7888958.83,102245.05,0.00,7991203.88,54057.03,32483.81,0.00,2161683.38,4340.52,2252564.74,479305.13,148780.76,10871854.51,438.44,-411868.28,-786788.33,-1198656.61,-1123831.74,-421054.67,-1544886.41,-591954.69,-106185.69,-2243026.78,-3441683.39,6792547.26,9537.96,7430171.11,-2633954.62,4796216.49
Hotel Kaleido,2025,12,REAL,10016,25812,2672244.30,7955.81,0.00,2680200.11,17386.27,4571.79,0.00,911323.25,1485.20,934766.52,190326.03,63899.58,3869192.24,386.32,-386487.25,-252415.99,-638903.24,-480060.75,-152459.06,-632519.81,-447815.09,-174543.45,-1254878.35,-1893781.59,2041296.87,-320111.83,1975410.64,-3291647.82,-1316237.18
Hotel Kaleido,2026,1,BUDGET,11911,25486,2953484.68,31759.07,0.00,2985243.74,11896.81,15373.36,0.00,1239288.98,3690.69,1270249.85,165617.24,58732.56,4479843.39,376.12,-231004.28,-251942.68,-482946.95,-482356.69,-167604.62,-649961.31,-296300.37,-60686.76,-1006948.44,-1489895.40,2502296.79,263301.40,2989947.99,-1360839.86,1629108.14
Hotel Kaleido,2026,1,REAL,18935,40516,4695283.33,50488.77,0.00,4745772.10,18912.88,24439.71,0.00,1970151.71,5867.26,2019371.55,263288.98,93369.71,7121802.34,376.12,-367237.57,-400524.19,-767761.76,-766782.87,-266431.78,-1033214.65,-471041.61,-96476.02,-1600732.28,-2368494.04,3978010.34,418639.27,4753308.29,-2163437.50,2589870.80
Hotel Kaleido,2026,2,BUDGET,19281,25971,5001552.76,29283.87,0.00,5030836.63,34881.84,18764.71,0.00,1717727.23,4246.05,1775619.82,342672.31,81909.18,7231037.93,375.04,-277561.86,-470387.64,-747949.49,-783466.71,-239750.92,-1023217.63,-390676.30,-135978.13,-1549872.06,-2297821.56,4282887.13,225747.76,4933216.38,-2266132.68,2667083.70
Hotel Kaleido,2026,2,REAL,17747,23905,4603701.97,26954.47,0.00,4630656.44,32107.14,17272.06,0.00,1581089.83,3908.30,1634377.34,315414.33,75393.68,6655841.79,375.04,-255483.07,-432970.20,-688453.27,-721145.41,-220679.52,-941824.93,-359599.78,-125161.95,-1426586.66,-2115039.93,3942203.17,207790.68,4540801.86,-2085837.33,2454964.53
Hotel Kaleido,2026,3,BUDGET,35107,42476,9675598.57,51988.16,0.00,9727586.73,69854.90,44811.17,0.00,3205451.66,2391.40,3322509.14,563455.88,160201.46,13773753.20,392.34,-482034.76,-1077104.63,-1559139.39,-1516304.56,-519505.84,-2035810.40,-669478.43,-183004.72,-2888293.55,-4447432.94,8168447.34,434215.59,9326320.26,-3567996.06,5758324.20
Hotel Kaleido,2026,3,REAL,24305,29407,6698491.32,35991.80,0.00,6734483.12,48361.09,31023.12,0.00,2219158.84,1655.59,2300198.63,390084.84,110908.70,9535675.29,392.34,-333716.37,-745687.82,-1079404.19,-1049749.31,-359657.89,-1409407.20,-463485.07,-126695.57,-1999587.84,-3078992.03,5655078.93,300610.79,6456683.26,-2470152.12,3986531.14
Hotel Kaleido,2026,4,BUDGET,22411,30039,5939412.92,87852.88,0.00,6027265.81,43568.65,25171.12,0.00,2060602.77,5643.02,2134985.56,557845.06,139529.85,8859626.27,395.32,-433210.92,-613534.15,-1046745.08,-975753.69,-338387.87,-1314141.55,-601679.97,-125871.29,-2041692.81,-3088437.89,4980520.73,93292.75,5771188.39,-2665483.57,3105704.81
Hotel Kaleido,2026,4,REAL,0,0,2860278.38,26118.47,0.00,2886396.85,21189.91,22394.44,0.00,2675002.41,3162.39,2721749.15,506814.91,133188.46,6248149.36,,-75782.53,-33668.38,-109450.91,-880904.42,-295985.16,-1176889.58,-108202.98,-64509.12,-1349601.68,-1459052.59,2776945.94,1372147.47,4789096.78,-58058.54,4731038.23
Hotel Kaleido,2026,5,BUDGET,16841,26466,3599682.70,66857.62,0.00,3666540.32,26580.90,15297.09,0.00,1515643.30,4312.46,1561833.74,463456.89,118967.56,5810798.51,345.04,-355991.52,-430769.88,-786761.41,-712912.73,-247232.23,-960144.96,-485488.26,-102817.72,-1548450.94,-2335212.35,2879778.91,13382.80,3475586.16,-2157191.04,1318395.12
Hotel Kaleido,2026,5,REAL,0,0,0.00,0.00,0.00,0.00,0.00,0.00,0.00,0.00,0.00,0.00,0.00,0.00,0.00,,0.00,0.00,0.00,0.00,0.00,0.00,0.00,0.00,0.00,0.00,0.00,0.00,0.00,0.00,0.00
Hotel Kaleido,2026,6,BUDGET,23027,31304,5038214.15,90727.96,0.00,5128942.11,46105.78,26647.21,0.00,2077560.96,5808.53,2156122.48,488628.02,145404.79,7919097.40,343.90,-451144.10,-578915.69,-1030059.79,-983635.47,-340997.40,-1324632.87,-627164.67,-130271.64,-2082069.18,-3112128.97,4098882.32,74053.30,4806968.43,-2730754.73,2076213.71
Hotel Kaleido,2026,6,REAL,0,0,0.00,0.00,0.00,0.00,0.00,0.00,0.00,0.00,0.00,0.00,0.00,0.00,0.00,,0.00,0.00,0.00,0.00,0.00,0.00,0.00,0.00,0.00,0.00,0.00,0.00,0.00,0.00,0.00
Hotel Kaleido,2026,7,BUDGET,26753,33981,6625583.68,105674.19,0.00,6731257.87,64928.14,37640.59,0.00,2477817.03,6665.65,2587051.40,618740.36,152748.47,10089798.10,377.15,-479737.95,-699813.28,-1179551.23,-1173188.27,-406741.55,-1579929.83,-670969.80,-102574.14,-2353473.76,-3533025.00,5551706.64,233577.64,6556773.10,-2986331.20,3570441.90
Hotel Kaleido,2026,7,REAL,0,0,0.00,0.00,0.00,0.00,0.00,0.00,0.00,0.00,0.00,0.00,0.00,0.00,0.00,,0.00,0.00,0.00,0.00,0.00,0.00,0.00,0.00,0.00,0.00,0.00,0.00,0.00,0.00,0.00
Hotel Kaleido,2026,8,BUDGET,20270,26139,4604512.66,77482.89,0.00,4681995.55,42410.63,24520.13,0.00,1988126.33,5059.31,2060116.40,447026.14,117498.82,7306636.91,360.47,-368588.35,-519951.93,-888540.28,-941402.24,-326324.69,-1267726.93,-514429.02,-79923.89,-1862079.84,-2750620.12,3793455.26,198036.56,4556016.79,-2275458.26,2280558.53
Hotel Kaleido,2026,8,REAL,0,0,0.00,0.00,0.00,0.00,0.00,0.00,0.00,0.00,0.00,0.00,0.00,0.00,0.00,,0.00,0.00,0.00,0.00,0.00,0.00,0.00,0.00,0.00,0.00,0.00,0.00,0.00,0.00,0.00
Hotel Kaleido,2026,9,BUDGET,16062,25928,2603833.25,65533.61,0.00,2669366.87,35583.26,20615.19,0.00,1383017.39,4148.68,1443364.51,345651.13,120436.29,4578818.80,285.07,-358465.68,-374861.56,-733327.24,-654215.07,-226884.71,-881099.77,-493416.64,-68108.32,-1442624.73,-2175951.97,1936039.63,739.78,2402866.83,-2094146.90,308719.93
Hotel Kaleido,2026,9,REAL,0,0,0.00,0.00,0.00,0.00,0.00,0.00,0.00,0.00,0.00,0.00,0.00,0.00,0.00,,0.00,0.00,0.00,0.00,0.00,0.00,0.00,0.00,0.00,0.00,0.00,0.00,0.00,0.00,0.00
Hotel Kaleido,2026,10,BUDGET,25631,36922,4045216.26,101590.09,0.00,4146806.34,56609.82,32782.04,0.00,2270607.92,6486.25,2366486.02,495975.19,165967.09,7175234.64,279.95,-514790.43,-575779.37,-1090569.80,-1075082.57,-372790.63,-1447873.20,-705559.79,-102930.38,-2256363.37,-3346933.17,3056236.54,110122.66,3828301.47,-3001963.25,826338.22
Hotel Kaleido,2026,10,REAL,0,0,0.00,0.00,0.00,0.00,0.00,0.00,0.00,0.00,0.00,0.00,0.00,0.00,0.00,,0.00,0.00,0.00,0.00,0.00,0.00,0.00,0.00,0.00,0.00,0.00,0.00,0.00,0.00,0.00
Hotel Kaleido,2026,11,BUDGET,22246,30671,4721779.00,90763.60,0.00,4812542.60,49963.75,28939.55,0.00,1915792.48,5621.62,2000317.39,424151.76,142467.32,7379479.08,331.72,-442272.87,-546945.86,-989218.74,-907062.68,-314495.08,-1221557.77,-615568.08,-88375.30,-1925501.14,-2914719.88,3823323.87,74816.25,4464759.20,-2621049.24,1843709.97
Hotel Kaleido,2026,11,REAL,0,0,0.00,0.00,0.00,0.00,0.00,0.00,0.00,0.00,0.00,0.00,0.00,0.00,0.00,,0.00,0.00,0.00,0.00,0.00,0.00,0.00,0.00,0.00,0.00,0.00,0.00,0.00,0.00,0.00
Hotel Kaleido,2026,12,BUDGET,25257,33654,8035099.84,103804.75,0.00,8138904.59,56704.82,32733.16,0.00,2339267.79,6328.96,2435034.72,456968.42,151279.74,11182187.47,442.74,-474509.25,-749197.89,-1223707.14,-1195089.62,-443667.19,-1638756.82,-666850.04,-107865.13,-2413471.99,-3637179.13,6915197.45,21562.74,7545008.33,-3027602.04,4517406.29
Hotel Kaleido,2026,12,REAL,0,0,0.00,0.00,0.00,0.00,0.00,0.00,0.00,0.00,0.00,0.00,0.00,0.00,0.00,,0.00,0.00,0.00,0.00,0.00,0.00,0.00,0.00,0.00,0.00,0.00,0.00,0.00,0.00,0.00
Hotel Luna,2025,1,BUDGET,5373,7462,877254.06,7253.38,0.00,884507.43,241458.07,3831.98,63720.00,36822.27,0.00,345832.31,114893.98,1469.10,1346702.82,250.65,-170432.98,-173793.14,-344226.12,-99378.81,-1532.79,-100911.61,-213461.71,-15525.74,-329899.06,-674125.19,540281.31,15933.25,672577.64,-262242.16,410335.47
Hotel Luna,2025,1,REAL,5216,6956,908661.02,5712.60,0.00,914373.61,146147.18,86910.99,53555.33,38936.25,0.00,325549.74,106090.89,912.34,1346926.58,258.22,-157879.19,-171858.30,-329737.50,-85262.76,-23579.52,-108842.28,-191211.36,-13915.11,-313968.75,-643706.25,584636.12,11580.99,703220.33,-245635.18,457585.15
Hotel Luna,2025,2,BUDGET,3926,4969,681813.37,5299.91,0.00,687113.28,198648.46,2149.42,66555.00,27894.83,0.00,295247.71,96759.30,1083.15,1080203.44,275.15,-125081.08,-124617.66,-249698.73,-86236.06,-859.77,-87095.83,-158625.15,-13224.60,-258945.58,-508644.32,437414.55,36302.12,571559.12,-192741.60,378817.52
Hotel Luna,2025,2,REAL,4842,5998,831378.68,3187.98,0.00,834566.66,133172.50,82345.02,74059.15,35814.33,0.00,325391.00,125092.74,885.68,1285936.07,265.60,-151981.73,-170016.80,-321998.52,-71256.09,-23220.48,-94476.56,-188228.34,-15452.50,-298157.41,-620155.94,512568.14,27233.59,665780.14,-261521.11,404259.03
Hotel Luna,2025,3,BUDGET,6198,7652,1311087.51,8367.50,0.00,1319455.01,284872.57,4751.22,102245.00,43716.73,0.00,435585.53,151150.07,1506.45,1907697.06,307.78,-182284.40,-223884.52,-406168.92,-128447.15,-1900.49,-130347.64,-220628.69,-19746.67,-370723.00,-776891.92,913286.10,64862.53,1130805.14,-282132.44,848672.70
Hotel Luna,2025,3,REAL,6873,7715,1309702.98,6741.92,0.00,1316444.89,188096.33,108599.23,118471.33,53369.13,1.22,468537.24,155585.66,923.88,1941491.68,282.46,-179774.42,-230907.14,-410681.56,-102940.14,-35530.21,-138470.34,-236842.03,-18286.78,-393599.15,-804280.71,905763.33,74938.10,1137210.97,-274862.41,862348.56
Hotel Luna,2025,4,BUDGET,5947,6916,1278297.88,8029.01,0.00,1286326.89,273733.75,3289.60,62715.00,42503.71,0.00,382242.06,112773.73,1406.85,1782749.53,299.75,-172548.69,-222420.73,-394969.42,-113845.77,-1315.84,-115161.61,-204922.97,-16533.83,-336618.41,-731587.83,891357.47,45623.65,1051161.70,-260376.45,790785.25
Hotel Luna,2025,4,REAL,4593,5324,1043127.93,3601.56,0.00,1046729.49,82233.84,65185.80,84836.55,39140.26,0.87,271397.32,98043.92,888.64,1417059.36,308.54,-122110.15,-157251.82,-279361.97,-66879.18,-22394.14,-89273.32,-152628.49,-11566.42,-253468.23,-532830.20,767367.52,17929.09,884229.16,-205084.19,679144.98
Hotel Luna,2025,5,BUDGET,4619,5249,1110979.09,6235.72,0.00,1117214.80,199329.21,2574.60,75945.00,36936.37,0.00,314785.19,113473.18,1033.35,1546506.51,334.81,-130348.69,-188565.47,-318914.17,-93275.48,-1029.84,-94305.33,-153128.57,-14045.19,-261479.09,-580393.26,798300.64,53306.09,966113.26,-198093.48,768019.78
Hotel Luna,2025,5,REAL,6076,6640,1461334.62,5411.95,0.00,1466746.58,157187.52,95507.11,85203.98,46944.31,0.00,384842.92,115851.30,6808.45,1974249.25,324.91,-162736.93,-223479.26,-386216.19,-77051.50,-28541.67,-105593.17,-183903.94,-13810.55,-303307.65,-689523.84,1080530.39,81535.27,1284725.41,-240745.54,1043979.87
Hotel Luna,2025,6,BUDGET,5618,6610,1319181.37,7584.52,0.00,1326765.88,278124.56,3662.90,120420.00,44636.00,0.00,446843.46,162609.43,1344.60,1937563.37,344.88,-166508.88,-226729.72,-393238.60,-130409.24,-1465.16,-131874.40,-200114.56,-20019.87,-352008.83,-745247.43,933527.28,94834.62,1192315.94,-254935.78,937380.16
Hotel Luna,2025,6,REAL,4483,5141,984844.26,4428.81,0.00,989273.07,107155.88,77160.00,86970.59,37468.54,0.00,308755.00,104704.51,1066.46,1403799.04,313.13,-129724.88,-174676.49,-304401.37,-69600.15,-24225.67,-93825.82,-156930.58,-10689.77,-261446.17,-565847.54,684871.70,47308.83,837951.50,-178335.41,659616.09
Hotel Luna,2025,7,BUDGET,6233,8095,1088703.67,8414.46,0.00,1097118.13,288271.18,3499.57,56320.00,35084.94,0.00,383175.69,96066.14,1593.60,1577953.56,253.16,-188451.19,-222109.62,-410560.82,-114388.50,-1399.83,-115788.32,-232435.53,-17096.29,-365320.15,-775880.97,686557.31,17855.54,802072.59,-284313.22,517759.37
Hotel Luna,2025,7,REAL,6245,7715,1027447.38,6005.32,0.00,1033452.69,157873.73,98911.51,69540.57,42932.70,0.00,369258.52,88520.65,2058.43,1493290.30,239.11,-189273.69,-221063.57,-410337.26,-82840.50,-30554.39,-113394.89,-220739.20,-13488.31,-347622.40,-757959.66,623115.43,21636.13,735330.64,-281401.76,453928.88
Hotel Luna,2025,8,BUDGET,5262,8095,702198.13,7103.12,0.00,709301.25,164196.48,2148.80,2560.00,29891.56,0.00,198796.84,33558.04,1593.60,943249.73,179.27,-176159.21,-155841.06,-332000.26,-63351.63,-859.52,-64211.15,-227220.81,-7472.00,-298903.96,-630904.23,377300.98,-100107.12,312345.50,-284102.13,28243.37
Hotel Luna,2025,8,REAL,4931,7905,803029.93,5965.66,0.00,808995.59,94003.98,54047.53,7698.88,31407.46,0.00,187157.84,32946.46,1710.69,1030810.58,209.04,-175828.18,-157789.96,-333618.14,-46530.71,-20799.51,-67330.23,-208494.24,-9682.71,-285507.18,-619125.31,475377.45,-98349.34,411685.26,-281663.95,130021.31
Hotel Luna,2025,9,BUDGET,4058,4774,988878.10,5477.71,0.00,994355.80,180344.23,3868.80,70590.00,30696.35,0.00,285499.38,89256.43,971.10,1370082.72,337.66,-118778.16,-154895.57,-273673.73,-84592.65,-1547.52,-86140.17,-143475.74,-12914.83,-242530.74,-516204.47,720682.07,42968.64,853878.25,-184751.41,669126.84
Hotel Luna,2025,9,REAL,4739,5753,1164157.81,7489.69,0.00,1171647.49,116052.92,74159.23,89247.36,34924.37,0.00,314383.88,90275.14,649.62,1576956.14,332.73,-140723.25,-182198.68,-322921.92,-63180.97,-25514.20,-88695.18,-163668.65,-14154.54,-266518.36,-589440.28,848725.57,47865.52,987515.85,-205546.07,781969.79
Hotel Luna,2025,10,BUDGET,5984,7209,1577809.00,8078.09,0.00,1585887.08,274013.25,4742.40,134520.00,41205.81,0.00,454481.46,179661.12,1419.30,2221448.96,371.25,-175003.97,-250688.42,-425692.39,-131774.88,-1896.96,-133671.84,-211351.73,-20829.67,-365853.24,-791545.63,1160194.69,88628.22,1429903.33,-277361.52,1152541.80
Hotel Luna,2025,10,REAL,4350,5122,1168319.17,5146.99,0.00,1173466.16,106130.06,70217.91,120952.71,35343.89,0.00,332644.57,126163.40,815.27,1633089.40,375.45,-128050.53,-190820.87,-318871.40,-71594.69,-24656.59,-96251.29,-150524.11,-14044.99,-260820.39,-579691.78,854594.76,71824.18,1053397.61,-192672.26,860725.35
Hotel Luna,2025,11,BUDGET,5895,7405,1231179.30,7957.63,0.00,1239136.92,285092.23,5033.60,105875.00,44221.48,0.00,440222.31,166229.90,1506.45,1847095.58,313.36,-180069.81,-212970.16,-393039.97,-128603.88,-2013.44,-130617.32,-223130.36,-21963.41,-375711.09,-768751.06,846096.95,64511.22,1078344.52,-279780.45,798564.07
Hotel Luna,2025,11,REAL,5009,5998,1131173.07,6681.54,0.00,1137854.61,134987.30,81212.55,142472.52,38239.60,-1.96,396910.01,152905.32,1274.82,1688944.76,337.20,-154322.95,-191432.99,-345755.95,-84700.39,-28750.77,-113451.16,-180997.37,-13313.97,-307762.49,-653518.44,792098.66,89147.51,1035426.32,-255086.68,780339.64
Hotel Luna,2025,12,BUDGET,5343,8095,1062354.10,7212.39,0.00,1069566.49,214541.68,2990.05,144640.00,42308.26,0.00,404480.00,90051.39,1593.60,1565691.48,293.06,-180734.43,-186752.19,-367486.62,-120136.03,-1196.02,-121332.05,-233711.69,-17724.58,-372768.32,-740254.94,702079.87,31711.68,825436.54,-297044.01,528392.53
Hotel Luna,2025,12,REAL,4152,5818,809706.01,3286.81,0.00,812992.82,101531.34,64753.99,144542.71,31723.07,0.00,342551.11,88300.90,6152.83,1249997.66,301.06,-148162.59,-171742.55,-319905.13,-87177.10,-27371.94,-114549.04,-224824.51,-17176.11,-356549.67,-676454.80,493087.69,-13998.56,573542.86,-279925.14,293617.71
Hotel Luna,2026,1,BUDGET,5170,6893,930078.47,5668.00,0.00,935746.47,138003.52,90948.87,73030.00,40325.10,0.00,342307.48,112162.93,1057.30,1391274.18,269.11,-170328.74,-167642.62,-337971.36,-105340.73,0.00,-105340.73,-200604.64,-17337.54,-323282.91,-661254.28,597775.11,19024.57,730019.90,-263460.39,466559.51
Hotel Luna,2026,1,REAL,3993,5249,725774.45,2218.30,0.00,727992.75,88518.50,57796.83,49056.11,32147.13,0.00,227518.56,87229.95,899.82,1043641.09,261.36,-119406.79,-145098.76,-264505.55,-49889.23,-17096.20,-66985.42,-139363.07,-7889.35,-214237.84,-478743.39,463487.21,13280.72,564897.70,-181228.63,383669.07
Hotel Luna,2026,2,BUDGET,4092,5084,746143.32,2759.00,0.00,748902.32,111274.51,75207.19,72090.00,31728.50,0.00,290300.20,106450.28,863.30,1146516.10,280.16,-135366.45,-134223.82,-269590.28,-86814.56,0.00,-86814.56,-164531.59,-14423.34,-265769.49,-535359.77,479312.04,24530.71,611156.33,-215463.97,395692.36
Hotel Luna,2026,2,REAL,4879,5883,878666.03,1721.92,0.00,880387.96,113279.94,65397.53,58946.93,35087.71,0.00,272712.11,87144.93,853.75,1241098.75,254.37,-139849.24,-153573.00,-293422.24,-63704.90,-24624.75,-88329.65,-166214.80,-9821.92,-264366.36,-557788.60,586965.72,8345.75,683310.15,-206083.58,477226.56
Hotel Luna,2026,3,BUDGET,6511,7399,1295686.08,6552.00,0.00,1302238.08,164784.18,114923.59,119340.00,53497.08,0.00,452544.85,146942.31,1134.90,1902860.14,292.24,-194010.50,-217972.66,-411983.16,-131877.17,0.00,-131877.17,-221059.53,-18996.12,-371932.82,-783915.98,890254.92,80612.03,1118944.16,-282481.99,836462.17
Hotel Luna,2026,3,REAL,5647,6577,1120757.10,2147.09,0.00,1122904.19,140544.29,82102.84,67981.24,46136.89,0.00,336765.26,104252.92,818.53,1564740.90,277.08,-172216.16,-215989.30,-388205.46,-79239.08,-24195.59,-103434.67,-183034.61,-13165.42,-299634.70,-687840.16,734698.73,37130.56,876900.74,-238589.90,638310.84
Hotel Luna,2026,4,BUDGET,6263,7283,1498171.92,4998.00,0.00,1503169.92,142000.07,96320.35,97580.00,55957.97,0.00,391858.38,133721.63,1154.30,2029904.24,324.10,-192093.58,-244184.66,-436278.25,-127467.34,0.00,-127467.34,-224850.23,-19070.94,-371388.50,-807666.75,1066891.67,20469.88,1222237.49,-273592.17,948645.31
Hotel Luna,2026,4,REAL,0,0,644654.32,1273.33,0.00,645927.65,79518.64,40708.23,34362.02,18910.94,0.00,173499.82,47614.97,816.86,867859.30,,0.00,-8103.07,-8103.07,-50867.35,-12674.34,-63541.69,0.00,-4853.80,-68395.49,-76498.56,637824.59,105104.33,791360.74,-20985.04,770375.70
Hotel Luna,2026,5,BUDGET,5122,5692,1286174.88,4680.00,0.00,1290854.88,129557.57,85207.92,82800.00,42062.40,0.00,339627.89,112515.49,873.00,1743871.26,340.44,-151576.22,-209983.54,-361559.76,-92831.31,0.00,-92831.31,-171774.69,-14396.40,-279002.40,-640562.15,929295.12,60625.49,1103309.10,-214813.67,888495.43
Hotel Luna,2026,5,REAL,0,0,0.00,0.00,0.00,0.00,0.00,0.00,0.00,0.00,0.00,0.00,0.00,0.00,0.00,,0.00,0.00,0.00,0.00,0.00,0.00,0.00,0.00,0.00,0.00,0.00,0.00,0.00,0.00,0.00
Hotel Luna,2026,6,BUDGET,6496,7466,1474569.10,6466.00,0.00,1481035.10,180021.71,117849.10,112240.00,56891.65,0.00,467002.46,164740.70,1183.40,2113961.66,325.44,-200577.39,-257274.04,-457851.43,-138355.30,0.00,-138355.30,-232360.92,-19771.32,-390487.54,-848338.97,1023183.67,76514.92,1265622.69,-292540.11,973082.58
Hotel Luna,2026,6,REAL,0,0,0.00,0.00,0.00,0.00,0.00,0.00,0.00,0.00,0.00,0.00,0.00,0.00,0.00,,0.00,0.00,0.00,0.00,0.00,0.00,0.00,0.00,0.00,0.00,0.00,0.00,0.00,0.00,0.00
Hotel Luna,2026,7,BUDGET,5110,6387,878944.02,5050.00,0.00,883994.02,93126.05,130412.41,50500.00,37156.39,0.00,311194.85,76068.05,979.70,1272236.61,248.98,-161788.12,-168230.14,-330018.26,-83457.53,0.00,-83457.53,-189131.36,-15277.26,-287866.15,-617884.41,553975.76,23328.70,654352.21,-241361.38,412990.83
Hotel Luna,2026,7,REAL,0,0,0.00,0.00,0.00,0.00,0.00,0.00,0.00,0.00,0.00,0.00,0.00,0.00,0.00,,0.00,0.00,0.00,0.00,0.00,0.00,0.00,0.00,0.00,0.00,0.00,0.00,0.00,0.00,0.00
Hotel Luna,2026,8,BUDGET,4427,7083,614376.00,5376.00,0.00,619752.00,87399.58,48613.16,2800.00,29417.92,0.00,168230.66,27621.24,1086.40,816690.30,184.49,-161874.74,-124859.57,-286734.31,-57181.77,0.00,-57181.77,-203299.90,-8720.32,-269201.99,-555936.31,333017.69,-100971.33,260754.00,-253897.16,6856.84
Hotel Luna,2026,8,REAL,0,0,0.00,0.00,0.00,0.00,0.00,0.00,0.00,0.00,0.00,0.00,0.00,0.00,0.00,,0.00,0.00,0.00,0.00,0.00,0.00,0.00,0.00,0.00,0.00,0.00,0.00,0.00,0.00,0.00
Hotel Luna,2026,9,BUDGET,6034,7099,1652014.00,7424.00,0.00,1659438.00,164885.88,100417.72,111360.00,43821.90,0.00,420485.50,130510.30,1125.20,2211559.00,366.50,-186730.37,-267764.09,-454494.47,-123488.79,0.00,-123488.79,-219220.01,-18555.36,-361264.17,-815758.63,1204943.53,59221.33,1395800.37,-297444.55,1098355.82
Hotel Luna,2026,9,REAL,0,0,0.00,0.00,0.00,0.00,0.00,0.00,0.00,0.00,0.00,0.00,0.00,0.00,0.00,,0.00,0.00,0.00,0.00,0.00,0.00,0.00,0.00,0.00,0.00,0.00,0.00,0.00,0.00,0.00
Hotel Luna,2026,10,BUDGET,4677,5502,1360520.62,5046.00,0.00,1365566.62,130288.59,81636.80,102660.00,32876.43,0.00,347461.82,131442.72,843.90,1845315.06,394.58,-143015.59,-213813.90,-356829.49,-99813.20,0.00,-99813.20,-165666.07,-14412.42,-279891.69,-636721.18,1008737.13,67570.13,1208593.88,-224303.05,984290.82
Hotel Luna,2026,10,REAL,0,0,0.00,0.00,0.00,0.00,0.00,0.00,0.00,0.00,0.00,0.00,0.00,0.00,0.00,,0.00,0.00,0.00,0.00,0.00,0.00,0.00,0.00,0.00,0.00,0.00,0.00,0.00,0.00,0.00
Hotel Luna,2026,11,BUDGET,5125,6487,1112879.58,4346.00,0.00,1117225.58,163669.51,104314.39,118720.00,40495.18,0.00,427199.08,152555.44,1028.20,1698008.31,331.33,-166291.55,-190173.68,-356465.23,-121120.68,0.00,-121120.68,-200590.98,-18482.16,-340193.82,-696659.05,760760.35,87005.26,1001349.26,-257933.43,743415.83
Hotel Luna,2026,11,REAL,0,0,0.00,0.00,0.00,0.00,0.00,0.00,0.00,0.00,0.00,0.00,0.00,0.00,0.00,,0.00,0.00,0.00,0.00,0.00,0.00,0.00,0.00,0.00,0.00,0.00,0.00,0.00,0.00,0.00
Hotel Luna,2026,12,BUDGET,4515,6640,906952.87,5145.00,0.00,912097.87,115106.70,77287.88,135450.00,36285.38,0.00,364129.95,85205.26,1018.50,1362451.59,301.74,-159106.23,-157573.52,-316679.75,-110227.06,0.00,-110227.06,-196905.21,-17047.80,-324180.07,-640859.82,595418.12,39949.88,721591.77,-260886.28,460705.49
Hotel Luna,2026,12,REAL,0,0,0.00,0.00,0.00,0.00,0.00,0.00,0.00,0.00,0.00,0.00,0.00,0.00,0.00,,0.00,0.00,0.00,0.00,0.00,0.00,0.00,0.00,0.00,0.00,0.00,0.00,0.00,0.00,0.00
Hotel Mirador,2025,1,BUDGET,2277,3643,617058.24,21517.54,0.00,638575.78,91909.57,85319.79,49684.73,15902.92,0.00,242817.01,17121.38,4168.90,902683.07,396.51,-119095.63,-108175.41,-227271.03,-63728.06,-856.38,-64584.44,-133162.18,-8144.15,-205890.76,-433161.80,411304.75,36926.25,469521.27,-166814.21,302707.06
Hotel Mirador,2025,1,REAL,2868,4146,819915.75,13486.19,0.00,833401.94,96518.76,93549.84,69877.59,21622.20,0.00,281568.39,46545.18,4579.95,1166095.47,406.65,-129225.71,-161595.44,-290821.15,-53690.66,-22313.39,-76004.06,-150979.76,-10374.81,-237358.62,-528179.78,542580.79,44209.77,637915.69,-193746.83,444168.87
Hotel Mirador,2025,2,BUDGET,1765,2695,492437.05,11534.69,0.00,503971.74,78824.21,66768.45,39370.46,13628.23,0.00,198591.35,21255.72,3414.95,727233.76,411.98,-97557.06,-85465.74,-183022.79,-51779.61,-653.35,-52432.97,-109079.66,-6671.27,-168183.89,-351206.68,320948.95,30407.46,376027.07,-137601.06,238426.01
Hotel Mirador,2025,2,REAL,2034,2835,585946.53,10637.54,0.00,596584.08,85620.60,61751.77,42967.20,16563.54,0.00,206903.10,26434.44,3628.99,833550.60,409.83,-106652.20,-111002.47,-217654.67,-37265.17,-19594.26,-56859.42,-116171.57,-7522.23,-180553.22,-398207.89,378929.40,26349.88,435342.71,-155634.02,279708.69
Hotel Mirador,2025,3,BUDGET,2847,3604,895197.71,17253.77,0.00,912451.48,105263.19,95220.07,28287.27,20818.05,0.00,249588.58,25352.11,4961.55,1192353.72,418.82,-119148.23,-148921.63,-268069.85,-69588.86,-1195.46,-70784.32,-131931.56,-8057.51,-210773.39,-478843.25,644381.63,38815.19,713510.47,-182536.85,530973.62
Hotel Mirador,2025,3,REAL,2563,3139,786386.22,18635.50,0.00,805021.72,95243.03,80495.90,50337.57,19260.77,0.00,245337.27,18984.63,3314.58,1072658.21,418.54,-101671.05,-134632.80,-236303.84,-43580.15,-22849.60,-66429.74,-115780.45,-7136.90,-189347.10,-425650.94,568717.88,55990.17,647007.26,-164796.27,482210.99
Hotel Mirador,2025,4,BUDGET,3030,3788,1129238.58,22161.42,0.00,1151400.00,118225.74,102820.53,30273.19,24497.55,0.00,275817.01,26112.42,6499.35,1459828.78,481.79,-130527.62,-180359.37,-310886.99,-69762.88,-1247.05,-71009.92,-143280.51,-9488.94,-223779.37,-534666.36,840513.01,52037.64,925162.41,-204395.38,720767.04
Hotel Mirador,2025,4,REAL,2638,3150,967501.30,19370.27,0.00,986871.56,84613.60,69613.17,58430.62,23269.65,0.00,235927.04,26033.03,5261.07,1254092.70,475.47,-109487.88,-153172.72,-262660.60,-46831.44,-18942.48,-65773.92,-118442.28,-7828.11,-192044.30,-454704.90,724210.96,43882.73,799387.80,-162340.15,637047.65
Hotel Mirador,2025,5,BUDGET,3453,4263,1435655.38,24805.00,0.00,1460460.38,121515.24,108394.14,86887.84,29753.90,0.00,346551.12,34781.26,7738.50,1849531.26,535.69,-142158.79,-223709.34,-365868.13,-85904.49,-1238.24,-87142.72,-158209.03,-10804.19,-256155.94,-622024.07,1094592.24,90395.18,1227507.19,-231715.05,995792.14
Hotel Mirador,2025,5,REAL,3380,3914,1333818.02,24947.74,0.00,1358765.76,136423.38,83869.44,84269.47,28074.95,0.00,332637.24,35679.46,6077.88,1733160.33,512.70,-133273.50,-200590.63,-333864.13,-64414.87,-29896.51,-94311.38,-155030.08,-11522.81,-260864.26,-594728.39,1024901.63,71772.97,1138431.94,-213644.27,924787.67
Hotel Mirador,2025,6,BUDGET,3247,4163,1260909.50,23180.13,0.00,1284089.63,117444.64,97395.10,61436.51,22466.40,0.00,298742.64,24332.79,5144.85,1612309.91,496.59,-143451.14,-195781.59,-339232.73,-75278.26,-1238.13,-76516.39,-159647.29,-11512.17,-247675.84,-586908.58,944856.89,51066.80,1025401.33,-234415.58,790985.76
Hotel Mirador,2025,6,REAL,2781,3413,1003639.80,31385.16,0.00,1035024.96,74060.18,67756.41,119841.39,23836.83,0.00,285494.80,30577.79,4976.72,1356074.27,487.63,-118878.46,-174041.89,-292920.35,-46439.21,-19751.17,-66190.38,-137765.32,-10549.27,-214504.96,-507425.31,742104.62,70989.84,848648.96,-191832.43,656816.53
Hotel Mirador,2025,7,BUDGET,3491,4883,1130827.64,21198.24,0.00,1152025.88,128973.31,96281.93,24138.60,24116.40,0.00,273510.24,23584.65,5084.10,1454204.87,416.56,-161048.39,-183546.61,-344595.00,-73630.56,-1081.58,-74712.15,-180339.25,-13067.86,-268119.26,-612714.26,807430.87,5390.98,841490.61,-258788.01,582702.60
Hotel Mirador,2025,7,REAL,2293,3023,662802.14,18251.30,0.00,681053.44,71612.27,51802.58,36482.03,15932.54,0.00,175829.41,19239.41,4195.57,880317.83,383.88,-105615.14,-124652.88,-230268.02,-31359.03,-16141.19,-47500.22,-114802.37,-8788.36,-171090.95,-401358.97,450785.42,4738.46,478958.86,-163111.23,315847.63
Hotel Mirador,2025,8,BUDGET,1925,4185,475977.87,10109.88,0.00,486087.75,63176.84,43658.76,0.00,12497.76,0.00,119333.36,6734.16,4357.80,616513.06,320.25,-133679.45,-83728.26,-217407.71,-32214.81,-556.85,-32771.65,-154360.50,-11201.03,-198333.18,-415740.89,268680.04,-78999.82,200772.18,-201855.36,-1083.19
Hotel Mirador,2025,8,REAL,2103,4069,552089.31,9722.66,0.00,561811.97,78217.39,43827.19,5008.59,14778.75,0.00,141831.92,5983.11,4407.31,714034.31,339.51,-130641.27,-116531.99,-247173.27,-28710.06,-12800.06,-41510.11,-151065.64,-9292.78,-201868.54,-449041.80,314638.71,-60036.62,264992.51,-231302.16,33690.35
Hotel Mirador,2025,9,BUDGET,3309,4163,1330515.38,26251.50,0.00,1356766.88,115230.77,89882.90,76470.25,24713.04,0.00,306296.96,42682.53,4145.85,1709892.21,516.71,-143451.14,-208936.89,-352388.03,-79927.57,-4339.66,-84267.22,-173585.56,-11512.17,-269364.95,-621752.98,1004378.84,36932.01,1088139.23,-244984.68,843154.55
Hotel Mirador,2025,9,REAL,2696,3300,1075990.41,24478.94,0.00,1100469.35,91950.18,66313.97,32561.87,20528.28,0.00,211354.29,29711.99,2821.01,1344356.64,498.59,-114370.04,-177888.14,-292258.17,-43293.08,-21833.51,-65126.59,-126123.21,-14161.77,-205411.57,-497669.74,808211.18,5942.72,846686.90,-195807.86,650879.04
Hotel Mirador,2025,10,BUDGET,3023,3875,1290265.00,21500.00,0.00,1311765.00,118002.41,95110.55,60922.17,25256.00,0.00,299291.13,42597.88,5835.00,1659489.01,549.05,-129235.26,-193710.81,-322946.08,-80806.05,-3845.35,-84651.40,-159269.39,-13267.97,-257188.76,-580134.83,988818.92,42102.37,1079354.17,-214416.93,864937.24
Hotel Mirador,2025,10,REAL,4047,4999,1787036.10,50964.93,0.00,1838001.03,195712.23,114699.11,67385.74,32666.46,0.00,410463.55,53319.88,5357.36,2307141.82,570.12,-178421.38,-310909.76,-489331.15,-75811.98,-39357.64,-115169.63,-201901.46,-24586.82,-341657.91,-830989.05,1348669.88,68805.65,1476152.77,-295135.15,1181017.61
Hotel Mirador,2025,11,BUDGET,2700,3750,871650.00,19350.00,0.00,891000.00,106417.39,97931.78,82371.67,19635.00,0.00,306355.84,38251.88,4935.00,1240542.72,459.46,-129235.26,-142619.92,-271855.18,-82492.94,-4019.81,-86512.75,-159604.39,-13027.32,-259144.46,-530999.65,619144.82,47211.37,709543.07,-210720.80,498822.27
Hotel Mirador,2025,11,REAL,2337,2888,835001.21,25827.86,0.00,860829.06,96508.86,76946.73,70168.15,16979.15,0.00,260602.89,22950.17,3639.87,1148021.99,491.25,-106444.65,-153994.63,-260439.28,-48694.48,-24819.07,-73513.55,-119039.92,-16856.67,-209410.14,-469849.42,600389.78,51192.75,678172.57,-190334.99,487837.58
Hotel Mirador,2025,12,BUDGET,2195,3991,682587.44,13287.00,0.00,695874.44,107446.01,98696.44,179891.45,17391.55,0.00,403425.45,41455.32,3229.05,1143984.26,521.13,-131650.67,-115629.02,-247279.69,-104786.31,-4587.09,-109373.41,-174636.46,-14802.46,-298812.33,-546092.02,448594.74,104613.12,597892.23,-220656.42,377235.82
Hotel Mirador,2025,12,REAL,2178,3216,685159.86,19035.76,0.00,704195.62,73127.12,71119.45,191598.64,16309.77,0.00,352154.97,31237.73,11412.06,1099000.39,504.61,-132287.08,-136741.18,-269028.26,-70961.11,-29997.49,-100958.60,-175121.34,-26248.29,-302328.23,-571356.49,435167.36,49826.74,527643.90,-246599.96,281043.94
Hotel Mirador,2026,1,BUDGET,2055,3023,619809.45,10140.00,0.00,629949.45,91143.00,69189.90,41475.72,16594.50,0.00,218403.12,19953.96,3453.84,871760.37,424.15,-102460.20,-111337.55,-213797.76,-59444.95,-1052.84,-60497.80,-117196.36,-6412.55,-184106.71,-397904.47,416151.69,34296.41,473855.90,-158081.31,315774.59
Hotel Mirador,2026,1,REAL,2882,4030,859862.45,28622.42,0.00,888484.88,104208.42,91785.36,57122.04,21206.17,0.00,274321.99,20141.61,3591.84,1186540.31,411.73,-135908.76,-163124.88,-299033.64,-44197.89,-21139.10,-65336.99,-164255.77,-9446.33,-239039.09,-538072.74,589451.23,35282.89,648467.57,-222490.75,425976.82
Hotel Mirador,2026,2,BUDGET,2230,3185,679042.00,12103.00,0.00,691145.00,94756.63,72590.55,54410.72,19569.55,0.00,241327.45,28835.17,4216.94,965524.56,433.07,-120173.90,-122350.85,-242524.75,-66160.06,-872.51,-67032.57,-135953.36,-9126.00,-212111.93,-454636.68,448620.25,29215.52,510887.88,-190477.29,320410.59
Hotel Mirador,2026,2,REAL,3156,3955,902273.03,29980.65,0.00,932253.68,137918.25,84810.24,66132.91,24153.74,0.00,313015.14,33040.33,4601.20,1282910.36,406.49,-162094.96,-185648.72,-347743.68,-57783.21,-26216.37,-83999.58,-170828.11,-15267.52,-270095.21,-617838.89,584510.00,42919.93,665071.47,-240409.10,424662.36
Hotel Mirador,2026,3,BUDGET,3768,4728,1221635.41,29280.00,0.00,1250915.41,143193.84,125688.06,80396.78,37600.40,0.00,386879.08,31266.16,5164.26,1674224.91,444.35,-166846.27,-214647.11,-381493.38,-105564.29,-1898.75,-107463.04,-181793.44,-12370.26,-301626.74,-683120.12,869422.03,85252.34,991104.79,-253410.56,737694.23
Hotel Mirador,2026,3,REAL,3382,4146,1048205.98,37730.01,0.00,1085935.99,88533.78,88543.61,88944.08,30404.19,0.00,296425.66,34601.59,3997.59,1420960.83,420.12,-147940.10,-188779.62,-336719.72,-54533.84,-28417.61,-82951.45,-166598.75,-8635.38,-258185.59,-594905.31,749216.27,38240.08,826055.53,-243868.43,582187.10
Hotel Mirador,2026,4,BUDGET,2337,2850,911886.00,18240.00,0.00,930126.00,92859.84,64476.88,44149.92,22155.90,0.00,223642.54,25020.72,4923.28,1183712.54,506.51,-107029.27,-154416.18,-261445.45,-61114.34,-1113.06,-62227.40,-117327.27,-6702.11,-186256.77,-447702.22,668680.55,37385.77,736010.32,-156141.94,579868.38
Hotel Mirador,2026,4,REAL,0,0,608439.00,17277.32,0.00,625716.32,67559.17,40121.26,30615.23,13061.71,0.00,151357.36,12174.27,3402.88,792650.83,,0.00,-8592.67,-8592.67,-27181.66,-10539.24,-37720.89,-178.55,-1989.54,-39888.98,-48481.66,617123.64,111468.38,744169.17,-31210.96,712958.21
Hotel Mirador,2026,5,BUDGET,2866,3333,1210858.50,21500.00,0.00,1232358.50,104293.06,73652.12,91473.90,25071.15,0.00,294490.23,35650.44,5354.36,1567853.53,547.06,-120940.07,-202116.57,-323056.64,-80317.52,-1481.74,-81799.26,-137759.38,-9406.29,-228964.93,-552021.57,909301.86,65525.30,1015831.96,-198713.55,817118.41
Hotel Mirador,2026,5,REAL,0,0,0.00,0.00,0.00,0.00,0.00,0.00,0.00,0.00,0.00,0.00,0.00,0.00,0.00,,0.00,0.00,0.00,0.00,0.00,0.00,0.00,0.00,0.00,0.00,0.00,0.00,0.00,0.00,0.00
Hotel Mirador,2026,6,BUDGET,3706,4575,1431578.50,43310.00,0.00,1474888.50,133435.06,93537.40,153185.64,33531.70,0.00,413689.80,36826.92,6561.16,1931966.38,521.34,-165709.84,-260324.99,-426034.83,-108766.07,-3677.29,-112443.37,-200358.14,-12900.12,-325701.63,-751736.46,1048853.67,87988.17,1180229.92,-281459.40,898770.52
Hotel Mirador,2026,6,REAL,0,0,0.00,0.00,0.00,0.00,0.00,0.00,0.00,0.00,0.00,0.00,0.00,0.00,0.00,,0.00,0.00,0.00,0.00,0.00,0.00,0.00,0.00,0.00,0.00,0.00,0.00,0.00,0.00,0.00
Hotel Mirador,2026,7,BUDGET,3240,4263,1026437.50,26400.00,0.00,1052837.50,114915.90,75738.30,52313.80,23529.00,0.00,266497.00,28504.30,5408.70,1353247.50,417.73,-152965.16,-183883.56,-336848.72,-70479.68,-2950.42,-73430.10,-173271.36,-11926.57,-258628.04,-595476.76,715988.78,7868.96,757770.74,-249501.18,508269.56
Hotel Mirador,2026,7,REAL,0,0,0.00,0.00,0.00,0.00,0.00,0.00,0.00,0.00,0.00,0.00,0.00,0.00,0.00,,0.00,0.00,0.00,0.00,0.00,0.00,0.00,0.00,0.00,0.00,0.00,0.00,0.00,0.00,0.00
Hotel Mirador,2026,8,BUDGET,2337,4495,596124.00,11600.00,0.00,607724.00,86669.40,51113.08,6306.92,17342.00,0.00,161431.40,7041.20,4675.96,780872.56,334.08,-154348.71,-112117.80,-266466.52,-44190.78,-967.27,-45158.05,-176759.98,-8194.56,-230112.60,-496579.11,341257.48,-68681.20,284293.45,-239233.57,45059.88
Hotel Mirador,2026,8,REAL,0,0,0.00,0.00,0.00,0.00,0.00,0.00,0.00,0.00,0.00,0.00,0.00,0.00,0.00,,0.00,0.00,0.00,0.00,0.00,0.00,0.00,0.00,0.00,0.00,0.00,0.00,0.00,0.00,0.00
Hotel Mirador,2026,9,BUDGET,3090,3863,1377110.00,25750.00,0.00,1402860.00,107277.99,72681.55,69585.77,22742.40,0.00,272287.71,32276.08,4570.11,1711993.90,554.04,-140656.01,-239258.03,-379914.04,-71117.54,-3789.58,-74907.12,-169026.16,-16911.59,-260844.87,-640758.91,1022945.96,11442.84,1071234.99,-253575.96,817659.03
Hotel Mirador,2026,9,REAL,0,0,0.00,0.00,0.00,0.00,0.00,0.00,0.00,0.00,0.00,0.00,0.00,0.00,0.00,,0.00,0.00,0.00,0.00,0.00,0.00,0.00,0.00,0.00,0.00,0.00,0.00,0.00,0.00,0.00
Hotel Mirador,2026,10,BUDGET,2976,3720,1419168.00,24192.00,0.00,1443360.00,117773.72,99486.76,84091.20,25944.00,0.00,327295.68,42035.52,6331.20,1819022.40,611.23,-131834.87,-228992.08,-360826.95,-83928.38,-5888.16,-89816.54,-170633.54,-13159.12,-273609.21,-634436.16,1082533.05,53686.47,1184586.24,-234830.64,949755.60
Hotel Mirador,2026,10,REAL,0,0,0.00,0.00,0.00,0.00,0.00,0.00,0.00,0.00,0.00,0.00,0.00,0.00,0.00,,0.00,0.00,0.00,0.00,0.00,0.00,0.00,0.00,0.00,0.00,0.00,0.00,0.00,0.00,0.00
Hotel Mirador,2026,11,BUDGET,3591,4725,1253826.00,24570.00,0.00,1278396.00,134505.95,134181.50,128014.74,30573.90,0.00,427276.08,50683.50,7144.20,1763499.78,491.09,-172694.64,-219629.93,-392324.56,-108807.69,-8506.89,-117314.58,-221981.05,-19326.70,-358622.33,-750946.90,886071.44,68653.75,1012552.88,-288706.61,723846.27
Hotel Mirador,2026,11,REAL,0,0,0.00,0.00,0.00,0.00,0.00,0.00,0.00,0.00,0.00,0.00,0.00,0.00,0.00,,0.00,0.00,0.00,0.00,0.00,0.00,0.00,0.00,0.00,0.00,0.00,0.00,0.00,0.00,0.00
Hotel Mirador,2026,12,BUDGET,1790,2984,583968.00,10395.00,0.00,594363.00,83426.42,79693.46,163678.13,15673.35,0.00,342471.36,28565.46,2942.17,968341.99,540.90,-104766.38,-104780.44,-209546.82,-82433.17,-7831.82,-90265.00,-143294.32,-14372.33,-247931.65,-457478.47,384816.18,94539.71,510863.52,-191828.41,319035.11
Hotel Mirador,2026,12,REAL,0,0,0.00,0.00,0.00,0.00,0.00,0.00,0.00,0.00,0.00,0.00,0.00,0.00,0.00,,0.00,0.00,0.00,0.00,0.00,0.00,0.00,0.00,0.00,0.00,0.00,0.00,0.00,0.00,0.00
Hotel Nereida,2025,1,BUDGET,1949,2998,475794.44,5585.87,0.00,481380.31,92350.43,93101.58,24327.68,20569.12,0.00,230348.81,8645.52,468.00,720842.64,369.87,-108853.92,-76270.94,-185124.86,-67837.62,-2408.29,-70245.90,-163504.32,-7764.46,-241514.69,-426639.55,296255.44,-11165.88,294203.08,-138140.55,156062.53
Hotel Nereida,2025,1,REAL,1811,2710,433640.41,5259.71,0.00,438900.13,83279.84,103889.83,2165.42,15774.70,0.00,205109.80,7597.88,306.65,651914.45,359.90,-104652.55,-72686.92,-177339.47,-35916.75,-24833.95,-60750.71,-162387.05,-7128.21,-230265.96,-407605.43,261560.66,-25156.17,244309.02,-135530.55,108778.46
Hotel Nereida,2025,2,BUDGET,1641,2344,392377.14,4628.61,0.00,397005.75,80174.35,80082.12,15433.20,19958.40,0.00,195648.07,5852.70,405.00,598911.52,365.07,-95731.41,-61500.93,-157232.34,-56450.46,-2812.32,-59262.78,-132836.88,-6822.75,-198922.40,-356154.74,239773.41,-3274.34,242756.77,-115159.46,127597.31
Hotel Nereida,2025,2,REAL,2346,3047,595858.13,3563.34,0.00,599421.47,104534.08,127479.29,36179.61,22788.62,0.00,290981.60,10862.44,200.80,901466.30,384.28,-125303.55,-101348.14,-226651.69,-48309.32,-32402.67,-80711.99,-190218.83,-10487.10,-281417.92,-508069.61,372769.78,9563.67,393396.69,-161124.74,232271.96
Hotel Nereida,2025,3,BUDGET,2009,2364,565766.54,4917.24,0.00,570683.79,80581.11,91025.72,24639.36,20691.88,0.00,216938.08,5672.76,369.00,793663.63,394.97,-89695.89,-81530.23,-171226.13,-56324.09,-6682.53,-63006.62,-131208.89,-6900.98,-201116.49,-372342.62,399457.66,15821.58,421321.00,-120762.36,300558.64
Hotel Nereida,2025,3,REAL,2295,2739,646970.49,5074.71,0.00,652045.20,101250.19,130090.02,13047.82,24967.00,0.00,269355.03,6724.61,191.44,928316.29,404.46,-106043.80,-96421.80,-202465.60,-45002.10,-32393.96,-77396.05,-157942.68,-9279.26,-244617.99,-447083.59,449579.61,24737.04,481232.70,-150441.94,330790.76
Hotel Nereida,2025,4,BUDGET,3005,3376,1102176.90,9506.53,0.00,1111683.43,144853.57,174426.29,31607.62,33541.20,0.00,384428.68,11616.00,544.50,1508272.61,502.00,-137332.86,-159378.53,-296711.39,-89595.14,-15274.14,-104869.28,-221587.51,-11695.65,-338152.45,-634863.84,814972.04,46276.23,873408.77,-194760.11,678648.66
Hotel Nereida,2025,4,REAL,2474,2706,817620.24,9220.38,0.00,826840.62,120892.15,165143.17,19915.22,26583.92,0.00,332534.45,7257.07,538.90,1167171.05,471.87,-115034.94,-106998.91,-222033.84,-56029.48,-39441.50,-95470.98,-191500.72,-9934.53,-296906.22,-518940.07,604806.78,35628.23,648230.98,-152488.58,495742.40
Hotel Nereida,2025,5,BUDGET,2669,2998,986087.07,6596.30,0.00,992683.37,121149.80,147315.22,45614.40,28371.20,0.00,342450.62,12170.08,468.00,1347772.07,505.07,-120024.56,-140267.34,-260291.90,-78209.29,-16651.13,-94860.43,-183289.83,-8310.46,-286460.72,-546752.62,732391.47,55989.90,801019.45,-164327.08,636692.36
Hotel Nereida,2025,5,REAL,3136,3402,1118326.63,8641.75,0.00,1126968.38,154085.65,204127.06,51964.30,34096.49,0.00,444273.49,13476.86,517.48,1585236.21,505.43,-136315.49,-140490.25,-276805.73,-64005.49,-56523.01,-120528.50,-225960.17,-12873.12,-359361.79,-636167.52,850162.65,84911.70,949068.69,-194910.89,754157.80
Hotel Nereida,2025,6,BUDGET,1893,2176,638823.12,4896.45,0.00,643719.57,101793.56,121427.40,28342.08,20592.00,0.00,272155.03,9487.92,351.00,925713.52,488.94,-91846.78,-87586.00,-179432.78,-60124.80,-13429.55,-73554.35,-136342.24,-7902.05,-217798.64,-397231.41,464286.79,54356.40,528482.11,-117836.55,410645.56
Hotel Nereida,2025,6,REAL,2739,3069,917147.51,9313.66,0.00,926461.16,86494.86,174310.77,49006.00,28575.92,0.00,338387.56,11374.28,674.64,1276897.63,466.19,-131760.75,-130933.07,-262693.82,-50433.82,-41866.09,-92299.91,-193148.75,-11615.22,-297063.88,-559757.69,663767.35,41323.68,717139.94,-181263.40,535876.54
Hotel Nereida,2025,7,BUDGET,1981,2278,589321.04,5124.53,0.00,594445.57,93645.61,115826.77,35764.09,21012.42,0.00,266248.90,8840.10,1145.50,870680.07,439.41,-94778.10,-94567.06,-189345.16,-57289.07,-14544.29,-71833.36,-139377.15,-6711.71,-217922.21,-407267.37,405100.41,48326.69,463412.70,-120758.67,342654.03
Hotel Nereida,2025,7,REAL,2237,2422,645512.04,8953.43,0.00,654465.47,85304.84,137826.70,10235.47,18224.70,0.00,251591.71,8339.55,8959.46,923356.18,412.78,-104708.97,-108235.12,-212944.09,-40377.97,-30238.80,-70616.77,-153512.60,-7011.80,-231141.16,-444085.25,441521.38,20450.55,479270.93,-141060.67,338210.26
Hotel Nereida,2025,8,BUDGET,2985,3431,932482.99,7719.23,0.00,940202.22,172369.43,216326.11,9843.68,29452.50,0.00,427991.71,12302.22,3510.50,1384006.65,463.69,-141398.52,-163426.11,-304824.63,-89588.16,-24526.22,-114114.38,-218074.40,-13323.04,-345511.82,-650336.45,635377.59,82479.89,733670.20,-192477.39,541192.81
Hotel Nereida,2025,8,REAL,2326,2451,689242.79,5327.93,0.00,694570.72,111455.93,173440.39,7850.91,18608.97,0.00,311356.19,8659.08,2600.29,1017186.28,437.23,-103513.54,-119976.40,-223489.94,-46115.32,-41809.59,-87924.91,-155313.73,-8085.33,-251323.97,-474813.91,471080.78,60032.22,542372.37,-147109.68,395262.69
Hotel Nereida,2025,9,BUDGET,1921,2260,686444.22,5084.78,0.00,691529.00,98295.26,124272.05,25785.54,21918.60,0.00,270271.44,7657.74,364.50,969822.68,504.88,-94577.45,-93469.23,-188046.68,-59548.82,-14623.50,-74172.32,-140451.74,-7412.17,-222036.23,-410082.91,503482.31,48235.22,559739.77,-125908.53,433831.24
Hotel Nereida,2025,9,REAL,2766,3041,969787.75,4825.71,0.00,974613.46,124792.45,211569.66,37294.36,25310.25,0.00,398966.73,7269.78,356.05,1381206.01,499.28,-133401.37,-155008.95,-288410.33,-47456.77,-53868.36,-101325.12,-205256.61,-12548.31,-319130.05,-607540.37,686203.13,79836.68,773665.64,-177009.34,596656.30
Hotel Nereida,2025,10,BUDGET,1887,2220,683732.09,4994.80,0.00,688726.89,94690.22,115063.14,24353.56,19514.20,0.00,253621.12,7538.30,346.50,950232.81,503.59,-89876.16,-92125.87,-182002.03,-59656.75,-11261.11,-70917.86,-132825.88,-6803.59,-210547.33,-392549.36,506724.86,43073.79,557683.45,-118828.67,438854.77
Hotel Nereida,2025,10,REAL,2958,3431,1102007.79,5471.63,0.00,1107479.43,127898.56,212965.29,48433.93,30735.32,0.00,420033.10,16903.57,571.40,1544987.50,522.25,-142333.76,-163076.46,-305410.22,-68205.56,-49521.10,-117726.66,-223778.19,-15179.99,-356684.84,-662095.06,802069.21,63348.26,882892.44,-193858.75,689033.69
Hotel Nereida,2025,11,BUDGET,2363,3376,666470.42,7021.87,0.00,673492.29,126650.17,141647.36,41362.64,23958.00,0.00,333618.18,9723.56,544.50,1017378.53,430.52,-129757.05,-97088.74,-226845.80,-84870.50,-10579.74,-95450.24,-188529.83,-9916.95,-293897.02,-520742.82,446646.49,39721.15,496635.71,-174003.35,322632.36
Hotel Nereida,2025,11,REAL,2714,3627,798942.68,8226.78,0.00,807169.45,125378.90,198315.08,34844.71,28484.74,0.00,387023.43,12801.26,2020.14,1209014.27,445.41,-137373.94,-116878.49,-254252.43,-58893.41,-47160.30,-106053.70,-219630.33,-13421.85,-339105.88,-593358.31,552917.03,47917.55,615655.96,-206246.11,409409.86
Hotel Nereida,2025,12,BUDGET,2318,3460,723852.18,6296.47,0.00,730148.65,205536.68,189891.08,48076.80,26598.00,0.00,470102.57,7436.40,540.00,1208227.62,521.25,-129968.68,-94901.59,-224870.27,-124294.17,-1987.52,-126281.70,-225510.80,-8203.00,-359995.49,-584865.76,505278.38,110107.08,623361.86,-190916.68,432445.18
Hotel Nereida,2025,12,REAL,1683,2624,577195.39,5153.75,0.00,582349.14,171002.28,183036.19,66732.80,18346.55,0.00,439117.82,9886.42,3636.68,1034990.06,615.12,-97121.81,-72018.00,-169139.81,-79856.35,-51821.19,-131677.54,-202717.32,-20090.64,-354485.50,-523625.31,413209.33,84632.31,511364.74,-140561.51,370803.23
Hotel Nereida,2026,1,BUDGET,1854,2768,472725.28,5325.02,0.00,478050.30,90099.61,111858.11,17324.64,24464.64,0.00,243747.00,7489.69,288.00,729574.98,393.44,-106446.87,-77257.31,-183704.19,-42652.78,-29422.06,-72074.84,-164383.19,-7446.64,-243904.67,-427608.86,294346.11,-157.67,301966.13,-146060.16,155905.97
Hotel Nereida,2026,1,REAL,1827,2825,453787.26,3499.42,0.00,457286.68,101511.15,123576.04,7627.97,15959.46,0.00,248674.62,7964.50,146.57,714072.36,390.90,-110400.14,-77743.57,-188143.70,-42553.00,-26460.13,-69013.13,-190059.99,-8373.54,-267446.66,-455590.37,269142.98,-18772.05,258482.00,-149428.38,109053.62
Hotel Nereida,2026,2,BUDGET,2104,2786,561780.92,3677.89,0.00,565458.81,102072.70,127906.62,32235.40,26082.32,0.00,288297.04,9138.21,321.00,863215.05,410.34,-118190.23,-95636.58,-213826.81,-48550.42,-36331.89,-84882.31,-173554.55,-11714.17,-270151.03,-483977.84,351632.00,18146.00,379237.21,-161322.06,217915.15
Hotel Nereida,2026,2,REAL,2472,3125,634519.48,5253.96,0.00,639773.44,91646.23,131449.02,32814.20,26413.67,0.00,282323.12,10241.57,165.76,932503.88,377.23,-130504.01,-108825.49,-239329.50,-46665.24,-36043.24,-82708.48,-191165.52,-8262.95,-282136.94,-521466.44,400443.94,186.18,411037.44,-181855.16,229182.28
Hotel Nereida,2026,3,BUDGET,2950,3431,878048.98,6794.64,0.00,884843.62,135809.00,180333.10,33190.89,32690.92,0.00,382023.90,14199.15,357.00,1281423.66,434.31,-137978.31,-136812.72,-274791.03,-67529.21,-43949.07,-111478.28,-211618.26,-13008.39,-336104.93,-610895.96,610052.59,45918.97,670527.70,-193739.39,476788.31
Hotel Nereida,2026,3,REAL,1859,2162,528147.62,3669.33,0.00,531816.95,85277.65,130335.62,16177.64,20453.74,0.00,252244.65,4771.10,67.43,788900.12,424.48,-89543.37,-87794.02,-177337.39,-42243.96,-32770.18,-75014.14,-132852.97,-10668.90,-218536.01,-395873.39,354479.56,33708.65,393026.72,-120125.11,272901.62
Hotel Nereida,2026,4,BUDGET,3029,3404,1052074.08,11541.95,0.00,1063616.02,150465.64,206083.00,47039.45,34770.00,0.00,438358.10,14452.69,366.00,1516792.81,500.69,-146606.23,-138136.69,-284742.92,-66540.88,-52237.95,-118778.83,-243096.99,-15695.48,-377571.30,-662314.22,778873.10,60786.80,854478.59,-201145.26,653333.33
Hotel Nereida,2026,4,REAL,0,0,788234.84,4642.89,0.00,792877.73,131973.86,180067.43,2565.81,23490.15,0.00,338097.25,4915.28,304.31,1136194.57,,0.00,-8052.02,-8052.02,-47259.89,-34225.33,-81485.22,6743.91,-5419.24,-80160.55,-88212.57,784825.72,257936.70,1047982.00,-40496.29,1007485.71
Hotel Nereida,2026,5,BUDGET,2546,2768,956075.96,6921.69,0.00,962997.65,126237.74,185183.90,47167.68,27053.80,0.00,385643.12,12467.67,288.00,1361396.44,534.66,-116359.83,-125643.64,-242003.48,-53778.98,-51424.61,-105203.59,-183386.27,-11763.52,-300353.37,-542356.85,720994.18,85289.74,819039.59,-162460.10,656579.49
Hotel Nereida,2026,5,REAL,0,0,0.00,0.00,0.00,0.00,0.00,0.00,0.00,0.00,0.00,0.00,0.00,0.00,0.00,,0.00,0.00,0.00,0.00,0.00,0.00,0.00,0.00,0.00,0.00,0.00,0.00,0.00,-2548.62,-2548.62
Hotel Nereida,2026,6,BUDGET,2082,2288,740869.16,6740.42,0.00,747609.57,79260.85,141042.89,38307.53,23185.01,0.00,281796.28,10261.86,246.00,1039913.71,499.50,-98980.69,-105836.19,-204816.88,-38970.73,-38219.50,-77190.23,-155715.84,-10505.73,-243411.80,-448228.68,542792.69,38384.48,591685.03,-141002.67,450682.35
Hotel Nereida,2026,6,REAL,0,0,0.00,0.00,0.00,0.00,0.00,0.00,0.00,0.00,0.00,0.00,0.00,0.00,0.00,,0.00,0.00,0.00,0.00,0.00,0.00,0.00,0.00,0.00,0.00,0.00,0.00,0.00,-4011.14,-4011.14
Hotel Nereida,2026,7,BUDGET,2833,3114,861454.54,10953.13,0.00,872407.67,119340.31,184779.60,22147.02,28676.16,0.00,354943.09,12069.77,5292.00,1244712.54,439.30,-133604.81,-143714.50,-277319.32,-49471.34,-47626.90,-97098.24,-206736.62,-11620.44,-315455.31,-592774.63,595088.36,39487.78,651937.91,-183397.07,468540.84
Hotel Nereida,2026,7,REAL,0,0,0.00,0.00,0.00,0.00,0.00,0.00,0.00,0.00,0.00,0.00,0.00,0.00,0.00,,0.00,0.00,0.00,0.00,0.00,0.00,0.00,0.00,0.00,0.00,0.00,0.00,0.00,-1899.55,-1899.55
Hotel Nereida,2026,8,BUDGET,2650,2912,831313.49,6012.35,0.00,837325.83,142289.85,212163.91,13907.70,26497.55,0.00,394859.01,11616.29,3131.00,1246932.13,470.58,-125096.74,-144425.71,-269522.45,-57250.68,-50384.92,-107635.60,-199173.04,-10837.68,-317646.32,-587168.77,567803.38,77212.69,659763.36,-176692.60,483070.76
Hotel Nereida,2026,8,REAL,0,0,0.00,0.00,0.00,0.00,0.00,0.00,0.00,0.00,0.00,0.00,0.00,0.00,0.00,,0.00,0.00,0.00,0.00,0.00,0.00,0.00,0.00,0.00,0.00,0.00,0.00,0.00,-2630.20,-2630.20
Hotel Nereida,2026,9,BUDGET,2837,3153,1048653.25,4317.02,0.00,1052970.28,132832.78,225740.72,52626.36,32431.00,0.00,443630.87,12657.99,339.00,1509598.13,532.03,-136400.22,-158997.31,-295397.53,-63856.51,-58971.61,-122828.12,-215482.49,-13277.15,-351587.76,-646985.29,757572.74,92043.10,862612.84,-192117.81,670495.02
Hotel Nereida,2026,9,REAL,0,0,0.00,0.00,0.00,0.00,0.00,0.00,0.00,0.00,0.00,0.00,0.00,0.00,0.00,,0.00,0.00,0.00,0.00,0.00,0.00,0.00,0.00,0.00,0.00,0.00,0.00,0.00,-1935.12,-1935.12
Hotel Nereida,2026,10,BUDGET,2854,3171,1103703.77,7139.20,0.00,1110842.97,116951.13,202448.50,41092.15,32408.64,0.00,392900.42,14742.81,330.00,1518816.20,532.14,-129478.97,-153326.62,-282805.59,-61879.28,-47681.45,-109560.74,-202799.75,-11268.88,-323629.37,-606434.97,828037.37,69271.05,912381.24,-186863.52,725517.71
Hotel Nereida,2026,10,REAL,0,0,0.00,0.00,0.00,0.00,0.00,0.00,0.00,0.00,0.00,0.00,0.00,0.00,0.00,,0.00,0.00,0.00,0.00,0.00,0.00,0.00,0.00,0.00,0.00,0.00,0.00,0.00,-1199.78,-1199.78
Hotel Nereida,2026,11,BUDGET,2406,3209,694125.81,5888.67,0.00,700014.48,108188.08,158333.50,28658.00,27324.00,0.00,322503.57,10497.00,345.00,1033360.06,429.43,-129211.88,-100425.74,-229637.62,-56363.61,-37262.33,-93625.94,-189043.57,-10672.57,-293342.08,-522979.70,470376.86,29161.49,510380.36,-179088.24,331292.12
Hotel Nereida,2026,11,REAL,0,0,0.00,0.00,0.00,0.00,0.00,0.00,0.00,0.00,0.00,0.00,0.00,0.00,0.00,,0.00,0.00,0.00,0.00,0.00,0.00,0.00,0.00,0.00,0.00,0.00,0.00,0.00,-808.82,-808.82
Hotel Nereida,2026,12,BUDGET,2402,3431,785851.46,6656.41,0.00,792507.87,221835.45,218218.97,45695.61,31596.88,0.00,517346.90,14257.49,4998.00,1329110.27,553.44,-134955.71,-112246.64,-247202.35,-101500.05,-35390.97,-136891.01,-241265.80,-12215.63,-390372.44,-637574.79,545305.52,126974.47,691535.48,-214398.76,477136.72
Hotel Nereida,2026,12,REAL,0,0,0.00,0.00,0.00,0.00,0.00,0.00,0.00,0.00,0.00,0.00,0.00,0.00,0.00,,0.00,0.00,0.00,0.00,0.00,0.00,0.00,0.00,0.00,0.00,0.00,0.00,0.00,-948.28,-948.28
Hotel Orion,2025,1,BUDGET,3413,5171,450480.10,510.00,0.00,450990.10,0.00,0.00,0.00,0.00,0.00,0.00,0.00,64841.83,515831.93,151.15,-204508.60,-94951.42,-299460.02,0.00,0.00,0.00,0.00,0.00,0.00,-299460.02,151530.08,0.00,216371.91,-263412.92,-47041.01
Hotel Orion,2025,1,REAL,2478,3275,355149.62,402.27,0.00,355551.89,1431.05,0.00,0.00,0.00,0.00,1431.05,0.00,48986.61,405969.54,163.86,-138794.16,-64607.00,-203401.16,-1320.61,-565.97,-1886.59,-1133.71,0.00,-3020.30,-206421.46,152150.72,-1589.25,199548.08,-186818.71,12729.37
Hotel Orion,2025,2,BUDGET,2736,3075,333848.75,335.75,0.00,334184.50,0.00,0.00,0.00,0.00,0.00,0.00,0.00,51992.84,386177.34,141.12,-137912.88,-71870.05,-209782.93,0.00,0.00,0.00,0.00,0.00,0.00,-209782.93,124401.58,0.00,176394.42,-167016.82,9377.60
Hotel Orion,2025,2,REAL,2856,3542,383394.98,436.15,0.00,383831.13,-40.95,0.00,0.00,0.00,0.00,-40.95,0.00,56604.78,440394.96,154.22,-145523.09,-64962.54,-210485.63,0.00,0.00,0.00,0.00,0.00,0.00,-210485.63,173345.50,-40.95,229909.33,-202565.47,27343.86
Hotel Orion,2025,3,BUDGET,2986,3318,567366.03,327.25,0.00,567693.28,0.00,0.00,0.00,0.00,0.00,0.00,0.00,56736.60,624429.88,209.11,-148352.69,-111601.68,-259954.38,0.00,0.00,0.00,0.00,0.00,0.00,-259954.38,307738.90,0.00,364475.51,-187406.91,177068.59
Hotel Orion,2025,3,REAL,3282,4007,617297.56,356.60,0.00,617654.16,0.00,0.00,0.00,0.00,0.00,0.00,0.00,64128.16,681782.32,207.74,-157775.99,-117060.50,-274836.49,0.00,0.00,0.00,0.00,0.00,0.00,-274836.49,342817.67,0.00,406945.83,-214335.12,192610.71
Hotel Orion,2025,4,BUDGET,3529,3878,794040.98,395.25,0.00,794436.23,0.00,0.00,0.00,0.00,0.00,0.00,0.00,67052.35,861488.57,244.11,-170036.54,-141660.15,-311696.69,0.00,0.00,0.00,0.00,0.00,0.00,-311696.69,482739.54,0.00,549791.89,-227575.89,322216.00
Hotel Orion,2025,4,REAL,3355,4003,788886.95,376.46,0.00,789263.41,-65.33,0.00,0.00,0.00,0.00,-65.33,0.00,66124.80,855322.89,254.92,-166947.01,-121498.71,-288445.73,0.00,0.00,0.00,0.00,0.00,0.00,-288445.73,500817.69,-65.33,566877.16,-237391.30,329485.86
Hotel Orion,2025,5,BUDGET,4941,5429,1343870.24,535.50,0.00,1344405.74,0.00,0.00,0.00,0.00,0.00,0.00,0.00,93873.29,1438279.03,291.11,-237639.07,-229657.75,-467296.82,0.00,0.00,0.00,0.00,0.00,0.00,-467296.82,877108.92,0.00,970982.21,-326274.37,644707.84
Hotel Orion,2025,5,REAL,4135,4826,1069069.93,292.79,0.00,1069362.72,0.00,0.00,0.00,0.00,0.00,0.00,0.00,81718.55,1151081.27,278.37,-206379.91,-160385.58,-366765.49,0.00,0.00,0.00,0.00,0.00,0.00,-366765.49,702597.22,0.00,784315.77,-256104.51,528211.26
Hotel Orion,2025,6,BUDGET,3833,4212,946663.81,429.25,0.00,947093.06,0.00,0.00,0.00,0.00,0.00,0.00,0.00,72820.29,1019913.36,266.11,-190270.29,-174646.08,-364916.37,0.00,0.00,0.00,0.00,0.00,0.00,-364916.37,582176.69,0.00,654996.98,-263962.58,391034.40
Hotel Orion,2025,6,REAL,4344,5129,1028151.27,682.88,0.00,1028834.15,0.00,0.00,0.00,0.00,0.00,0.00,0.00,85977.00,1114811.15,256.61,-212047.81,-178835.68,-390883.48,0.00,0.00,0.00,0.00,0.00,0.00,-390883.48,637950.67,0.00,723927.67,-311761.32,412166.35
Hotel Orion,2025,7,BUDGET,3684,4094,758944.17,403.75,0.00,759347.92,0.00,0.00,0.00,0.00,0.00,0.00,0.00,69999.71,829347.63,225.11,-183677.53,-138333.03,-322010.55,0.00,0.00,0.00,0.00,0.00,0.00,-322010.55,437337.37,0.00,507337.07,-257853.19,249483.88
Hotel Orion,2025,7,REAL,3793,4611,638724.84,279.74,0.00,639004.58,0.00,0.00,0.00,0.00,0.00,0.00,0.00,75581.54,714586.11,188.39,-204048.68,-120109.83,-324158.51,0.00,0.00,0.00,0.00,0.00,0.00,-324158.51,314846.07,0.00,390427.60,-246361.21,144066.39
Hotel Orion,2025,8,BUDGET,0,0,0.00,0.00,0.00,0.00,0.00,0.00,0.00,0.00,0.00,0.00,0.00,0.00,0.00,,-121905.52,-16687.46,-138592.97,0.00,0.00,0.00,0.00,0.00,0.00,-138592.97,-138592.97,0.00,-138592.97,-140645.90,-279238.88
Hotel Orion,2025,8,REAL,705,5386,121472.25,0.00,0.00,121472.25,-7.46,0.00,0.00,0.00,0.00,-7.46,0.00,13824.38,135289.16,191.90,-75793.85,-12752.20,-88546.05,0.00,0.00,0.00,0.00,0.00,0.00,-88546.05,32926.20,-7.46,46743.11,-130368.16,-83625.05
Hotel Orion,2025,9,REAL,0,0,0.00,0.00,0.00,0.00,0.00,0.00,0.00,0.00,0.00,0.00,0.00,0.00,0.00,,665.09,-444.62,220.47,0.00,0.00,0.00,0.00,0.00,0.00,220.47,220.47,0.00,220.47,3661.40,3881.87
Hotel Orion,2025,10,REAL,0,3964,0.00,0.00,0.00,0.00,0.00,0.00,0.00,0.00,0.00,0.00,0.00,0.00,0.00,,0.00,0.00,0.00,0.00,0.00,0.00,0.00,0.00,0.00,0.00,0.00,0.00,0.00,27116.60,27116.60
Hotel Orion,2025,11,REAL,0,0,0.00,0.00,0.00,0.00,0.00,0.00,0.00,0.00,0.00,0.00,0.00,0.00,0.00,,0.00,-457.72,-457.72,0.00,0.00,0.00,0.00,0.00,0.00,-457.72,-457.72,0.00,-457.72,-18969.29,-19427.01
Hotel Orion,2025,12,REAL,0,4094,0.00,0.00,0.00,0.00,0.00,0.00,0.00,0.00,0.00,0.00,0.00,0.00,0.00,,0.00,-423.08,-423.08,0.00,0.00,0.00,0.00,0.00,0.00,-423.08,-423.08,0.00,-423.08,-10093.11,-10516.20
Hotel Orion,2026,1,REAL,0,0,0.00,0.00,0.00,0.00,0.00,0.00,0.00,0.00,0.00,0.00,0.00,0.00,0.00,,0.00,-425.35,-425.35,0.00,0.00,0.00,0.00,0.00,0.00,-425.35,-425.35,0.00,-425.35,189.36,-235.99
Hotel Orion,2026,2,REAL,0,0,0.00,0.00,0.00,0.00,0.00,0.00,0.00,0.00,0.00,0.00,0.00,0.00,0.00,,0.00,0.00,0.00,0.00,0.00,0.00,0.00,0.00,0.00,0.00,0.00,0.00,0.00,-5719.00,-5719.00
Hotel Orion,2026,3,REAL,0,0,0.00,0.00,0.00,0.00,0.00,0.00,0.00,0.00,0.00,0.00,0.00,0.00,0.00,,0.00,0.00,0.00,0.00,0.00,0.00,0.00,0.00,0.00,0.00,0.00,0.00,0.00,-1336.70,-1336.70
Hotel Orion,2026,4,REAL,0,0,0.00,0.00,0.00,0.00,0.00,0.00,0.00,0.00,0.00,0.00,0.00,0.00,0.00,,0.00,0.00,0.00,0.00,0.00,0.00,0.00,0.00,0.00,0.00,0.00,0.00,0.00,0.00,0.00
Hotel Orion,2026,5,REAL,0,0,0.00,0.00,0.00,0.00,0.00,0.00,0.00,0.00,0.00,0.00,0.00,0.00,0.00,,0.00,0.00,0.00,0.00,0.00,0.00,0.00,0.00,0.00,0.00,0.00,0.00,0.00,0.00,0.00
Hotel Orion,2026,6,REAL,0,0,0.00,0.00,0.00,0.00,0.00,0.00,0.00,0.00,0.00,0.00,0.00,0.00,0.00,,0.00,0.00,0.00,0.00,0.00,0.00,0.00,0.00,0.00,0.00,0.00,0.00,0.00,0.00,0.00
Hotel Orion,2026,7,REAL,0,0,0.00,0.00,0.00,0.00,0.00,0.00,0.00,0.00,0.00,0.00,0.00,0.00,0.00,,0.00,0.00,0.00,0.00,0.00,0.00,0.00,0.00,0.00,0.00,0.00,0.00,0.00,0.00,0.00
Hotel Orion,2026,8,REAL,0,0,0.00,0.00,0.00,0.00,0.00,0.00,0.00,0.00,0.00,0.00,0.00,0.00,0.00,,0.00,0.00,0.00,0.00,0.00,0.00,0.00,0.00,0.00,0.00,0.00,0.00,0.00,0.00,0.00
Hotel Orion,2026,9,REAL,0,0,0.00,0.00,0.00,0.00,0.00,0.00,0.00,0.00,0.00,0.00,0.00,0.00,0.00,,0.00,0.00,0.00,0.00,0.00,0.00,0.00,0.00,0.00,0.00,0.00,0.00,0.00,0.00,0.00
Hotel Orion,2026,10,REAL,0,0,0.00,0.00,0.00,0.00,0.00,0.00,0.00,0.00,0.00,0.00,0.00,0.00,0.00,,0.00,0.00,0.00,0.00,0.00,0.00,0.00,0.00,0.00,0.00,0.00,0.00,0.00,0.00,0.00
Hotel Orion,2026,11,REAL,0,0,0.00,0.00,0.00,0.00,0.00,0.00,0.00,0.00,0.00,0.00,0.00,0.00,0.00,,0.00,0.00,0.00,0.00,0.00,0.00,0.00,0.00,0.00,0.00,0.00,0.00,0.00,0.00,0.00
Hotel Orion,2026,12,REAL,0,0,0.00,0.00,0.00,0.00,0.00,0.00,0.00,0.00,0.00,0.00,0.00,0.00,0.00,,0.00,0.00,0.00,0.00,0.00,0.00,0.00,0.00,0.00,0.00,0.00,0.00,0.00,0.00,0.00
Hotel Prisma,2025,1,BUDGET,3615,6025,478301.81,9761.26,0.00,488063.07,76860.48,54072.16,39060.00,37613.39,0.00,207606.03,31655.50,0.00,727324.60,201.18,-116158.33,-127305.19,-243463.53,-53525.96,-9751.85,-63277.81,-141706.63,-8296.72,-213281.15,-456744.68,244599.54,-5675.13,270579.92,-183384.58,87195.34
Hotel Prisma,2025,1,REAL,4545,8099,677302.39,5021.98,0.00,682324.36,83393.31,55220.73,25279.04,50589.90,0.00,214482.98,37794.90,1250.00,935852.24,205.91,-173203.73,-187868.70,-361072.43,-57209.00,-14403.34,-71612.34,-185479.43,-9248.99,-266340.75,-627413.18,321251.94,-51857.78,308439.06,-279852.04,28587.03
Hotel Prisma,2025,2,BUDGET,5161,7374,755122.18,13935.95,0.00,769058.14,109291.01,76199.46,61740.00,56858.69,0.00,304089.15,48711.53,0.00,1121858.82,217.35,-160055.71,-185676.32,-345732.04,-78786.65,-13691.65,-92478.30,-198194.72,-12123.70,-302796.72,-648528.75,423326.10,1292.44,473330.07,-256032.52,217297.55
Hotel Prisma,2025,2,REAL,3651,4682,560338.30,5439.77,0.00,565778.06,62845.45,34851.98,41047.43,40517.92,0.00,179262.78,31518.57,0.00,776559.41,212.69,-109483.68,-114054.57,-223538.25,-46844.63,-10065.58,-56910.22,-116452.89,-7263.46,-180626.57,-404164.82,342239.82,-1363.79,372394.59,-170405.02,201989.58
Hotel Prisma,2025,3,BUDGET,5588,7451,934895.40,15087.98,0.00,949983.38,118147.23,81617.22,64400.00,64978.86,0.00,329143.31,51602.94,0.00,1330729.62,238.13,-158976.25,-218077.16,-377053.41,-85711.45,-14613.42,-100324.86,-187039.06,-12732.19,-300096.11,-677149.51,572929.97,29047.20,653580.11,-250433.85,403146.26
Hotel Prisma,2025,3,REAL,4857,5766,831930.25,6618.32,0.00,838548.57,103103.48,55912.03,33656.27,51256.88,0.00,243928.65,31712.03,0.00,1114189.25,229.41,-129344.25,-177167.91,-306512.16,-65101.78,-18748.38,-83850.16,-128806.31,-9982.09,-222638.56,-529150.72,532036.40,21290.10,585038.53,-200720.99,384317.54
Hotel Prisma,2025,4,BUDGET,5756,7160,1480982.78,15540.82,0.00,1496523.60,132786.25,82821.26,60480.00,66929.14,0.00,343016.66,50098.53,0.00,1889638.79,328.30,-157387.07,-275926.27,-433313.34,-88869.43,-15358.39,-104227.81,-187769.19,-14262.03,-306259.03,-739572.37,1063210.26,36757.63,1150066.42,-251233.24,898833.18
Hotel Prisma,2025,4,REAL,6627,7757,1614047.97,9763.31,0.00,1623811.28,138487.17,78433.56,38854.03,79647.24,0.00,335421.99,41651.30,0.00,2000884.57,301.93,-176612.06,-297933.00,-474545.06,-87122.65,-30605.60,-117728.24,-193696.24,-12488.36,-323912.84,-798457.90,1149266.22,11509.15,1202426.67,-276732.14,925694.52
Hotel Prisma,2025,5,BUDGET,5287,6577,1386744.42,14274.54,0.00,1401018.96,126269.97,73257.09,53760.00,58240.09,0.00,311527.15,44357.15,0.00,1756903.26,332.31,-143534.40,-263874.94,-407409.34,-80039.66,-14042.61,-94082.27,-169424.40,-12312.72,-275819.38,-683228.72,993609.62,35707.77,1073674.54,-227273.85,846400.69
Hotel Prisma,2025,5,REAL,5839,6714,1412818.26,7803.91,0.00,1420622.17,110812.31,61736.45,87105.17,68667.30,0.00,328321.24,70810.91,0.00,1819754.32,311.66,-163623.81,-249682.73,-413306.54,-76402.95,-24445.57,-100848.52,-164974.35,-14437.66,-280260.53,-693567.07,1007315.63,48060.71,1126187.25,-202422.06,923765.19
Hotel Prisma,2025,6,BUDGET,5317,7028,1075621.01,14355.79,0.00,1089976.80,134035.84,71525.91,59360.00,58571.63,0.00,323493.38,55178.96,0.00,1468649.14,276.22,-154286.62,-227912.31,-382198.93,-82680.66,-14119.86,-96800.52,-178767.09,-12856.54,-288424.15,-670623.08,707777.87,35069.23,798026.06,-241245.89,556780.17
Hotel Prisma,2025,6,REAL,5778,7558,1193287.12,9366.31,0.00,1202653.43,123137.27,74365.88,27935.70,62425.15,0.00,287864.00,53019.27,305.52,1543842.22,267.22,-179247.87,-259765.94,-439013.81,-68042.88,-26434.82,-94477.71,-183643.22,-11755.41,-289876.33,-728890.13,763639.62,-2012.33,814952.09,-256163.83,558788.26
Hotel Prisma,2025,7,BUDGET,4134,7947,670883.60,11160.73,0.00,682044.33,116986.34,53701.82,24360.00,50595.29,0.00,245643.45,32715.31,0.00,960403.09,232.34,-151668.04,-160177.77,-311845.80,-63366.57,-11110.94,-74477.51,-185724.60,-10706.51,-270908.62,-582754.42,370198.53,-25265.17,377648.67,-244399.17,133249.50
Hotel Prisma,2025,7,REAL,5304,8838,881210.40,15479.87,0.00,896690.27,95389.95,68946.93,24507.29,56930.49,0.00,245774.66,22801.34,566.10,1165832.38,219.78,-201816.14,-176815.54,-378631.68,-59141.28,-19722.51,-78863.79,-198874.02,-10407.13,-288144.94,-666776.62,518058.59,-42370.28,499055.76,-296632.96,202422.80
Hotel Prisma,2025,8,BUDGET,2494,5275,392371.48,6734.92,0.00,399106.40,74652.15,31943.94,5390.00,32058.22,0.00,144044.31,10470.73,0.00,553621.44,221.94,-99019.44,-98148.93,-197168.37,-37171.64,-6737.76,-43909.40,-121484.46,-6508.35,-171902.21,-369070.58,201938.03,-27857.90,184550.86,-160042.44,24508.42
Hotel Prisma,2025,8,REAL,3018,5481,379769.64,6126.68,96.00,385992.32,65356.34,53891.52,3969.62,29590.27,16.80,152824.56,10173.50,240.00,549230.38,182.01,-122948.44,-109906.33,-232854.77,-33754.33,-12302.01,-46056.34,-120287.62,-5621.37,-171965.32,-404820.09,153137.55,-19140.76,144410.30,-164366.11,-19955.82
Hotel Prisma,2025,9,BUDGET,5063,6299,1176140.71,13670.17,0.00,1189810.88,127180.98,62652.83,59850.00,55774.28,0.00,305458.10,46526.76,0.00,1541795.73,304.52,-142319.29,-237676.11,-379995.40,-78706.69,-12681.17,-91387.86,-161300.10,-12345.31,-265033.27,-645028.68,809815.47,40424.82,896767.06,-219125.86,677641.20
Hotel Prisma,2025,9,REAL,4428,5238,856897.63,15628.84,0.00,872526.47,80594.35,66094.84,36756.65,42865.48,0.00,226311.32,21537.76,0.00,1120375.55,253.02,-120086.90,-181490.91,-301577.82,-51668.69,-21202.61,-72871.30,-132207.70,-7271.89,-212350.89,-513928.70,570948.65,13960.44,606446.85,-190690.49,415756.36
Hotel Prisma,2025,10,BUDGET,4185,5207,1014130.65,11300.68,0.00,1025431.33,87717.23,58544.27,53200.00,43545.26,0.00,243006.76,42460.64,0.00,1310898.73,313.20,-110716.87,-196988.61,-307705.48,-62286.53,-10864.17,-73150.70,-131383.93,-9223.17,-213757.80,-521463.28,717725.85,29248.96,789435.45,-177843.41,611592.04
Hotel Prisma,2025,10,REAL,5384,6371,1169055.67,18853.26,210.18,1188119.11,97524.78,63152.92,82476.97,55521.06,0.00,298675.73,34315.94,3720.16,1524830.94,283.23,-164812.34,-227919.17,-392731.51,-71218.76,-21542.57,-92761.32,-164078.22,-8304.79,-265144.33,-657875.84,795387.60,33531.40,866955.10,-236004.56,630950.54
Hotel Prisma,2025,11,BUDGET,3621,5105,660094.63,9776.50,0.00,669871.13,75579.54,53222.62,64680.00,37672.10,0.00,231154.27,44067.58,0.00,945092.98,261.01,-101693.31,-143260.95,-244954.26,-59484.36,-9580.28,-69064.64,-127054.12,-10466.53,-206585.28,-451539.54,424916.87,24568.98,493553.44,-167356.38,326197.06
Hotel Prisma,2025,11,REAL,4564,6431,780015.92,15825.77,82.01,795923.70,87908.68,56166.03,66823.87,43961.22,0.00,254859.80,28639.02,0.00,1079422.52,236.52,-147834.14,-182640.17,-330474.31,-61158.10,-17007.07,-78165.17,-164381.14,-10476.24,-253022.55,-583496.87,465449.39,1837.25,495925.65,-238459.58,257466.07
Hotel Prisma,2025,12,BUDGET,4694,7194,855722.67,12673.90,0.00,868396.57,102850.69,69682.33,147000.00,60327.74,0.00,379860.76,35724.10,0.00,1283981.43,273.53,-136809.63,-185954.44,-322764.07,-100060.69,-12443.27,-112503.96,-180500.20,-16096.39,-309100.55,-631864.63,545632.49,70760.21,652116.80,-223449.49,428667.32
Hotel Prisma,2025,12,REAL,3788,5960,670562.57,10876.26,0.00,681438.84,96559.38,47993.77,112915.92,36466.97,0.00,293936.03,21865.01,4188.10,1001427.99,264.37,-166112.71,-142544.20,-308656.91,-69506.69,-20998.79,-90505.48,-143794.44,-13043.56,-247343.49,-556000.40,372781.92,46592.55,445427.59,-211045.26,234382.32
Hotel Prisma,2026,1,BUDGET,4563,7605,718635.65,11406.92,0.00,730042.56,91375.66,53983.98,33300.00,50190.43,0.00,228850.07,32565.53,0.00,991458.16,217.29,-160344.98,-158415.57,-318760.56,-55749.76,-16453.24,-72203.00,-177755.08,-9495.57,-259453.65,-578214.21,411282.00,-30603.59,413243.95,-245269.62,167974.33
Hotel Prisma,2026,1,REAL,3797,5618,546589.79,5665.87,70.82,552326.47,75219.17,47216.73,34471.97,41406.32,0.00,198314.20,37296.70,-693.11,787244.26,207.36,-131977.04,-125827.47,-257804.51,-50526.01,-12193.42,-62719.43,-143790.02,-6555.24,-213064.68,-470869.19,294521.97,-14750.49,316375.07,-211952.99,104422.07
Hotel Prisma,2026,2,BUDGET,4038,5569,672272.06,10094.18,0.00,682366.23,85364.58,44234.62,36000.00,44414.37,0.00,210013.57,40441.09,0.00,932820.89,231.03,-134491.26,-156464.82,-290956.07,-50854.94,-14975.25,-65830.19,-144575.74,-7906.24,-218312.16,-509268.24,391410.16,-8298.60,423552.65,-201047.79,222504.87
Hotel Prisma,2026,2,REAL,5819,7983,927223.35,14011.88,200.53,941435.76,121875.70,53734.19,42945.65,56986.45,0.00,275541.99,55713.99,0.00,1272691.73,218.71,-215609.04,-194089.57,-409698.61,-71382.64,-13084.88,-84467.52,-196632.15,-11751.15,-292850.82,-702549.43,531737.15,-17308.83,570142.31,-315965.07,254177.24
Hotel Prisma,2026,3,BUDGET,6669,8084,1230513.25,16673.62,0.00,1247186.87,143407.70,78018.66,59000.00,76698.66,0.00,357125.02,61886.52,0.00,1666198.41,249.83,-189072.74,-256409.98,-445482.72,-84679.64,-26165.05,-110844.68,-193499.99,-12905.51,-317250.19,-762732.90,801704.15,39874.83,903465.51,-287813.58,615651.93
Hotel Prisma,2026,3,REAL,4716,6097,935315.98,11373.59,210.79,946900.36,102188.37,68782.06,57986.69,54926.01,0.00,283883.12,39538.05,46.28,1270367.81,269.37,-133170.90,-188879.23,-322050.13,-63126.51,-24748.80,-87875.31,-152435.53,-14228.18,-254539.02,-576589.15,624850.23,29344.10,693778.66,-220833.42,472945.23
Hotel Prisma,2026,4,BUDGET,5163,5901,1458579.28,12907.78,0.00,1471487.06,114545.26,65100.11,35600.00,61957.35,0.00,277202.72,30646.03,0.00,1779335.81,344.62,-141130.76,-262339.44,-403470.20,-64963.77,-21149.48,-86113.24,-150071.41,-10217.30,-246401.94,-649872.15,1068016.86,30800.78,1129463.67,-224802.73,904660.93
Hotel Prisma,2026,4,REAL,0,0,972500.24,16940.76,211.49,989652.48,72691.08,55178.54,8469.57,40384.43,0.00,176723.62,15023.50,0.00,1181399.60,,-143.93,-18748.65,-18892.58,-40543.86,-13363.64,-53907.51,0.00,-3942.28,-57849.78,-76742.36,970759.90,118873.84,1104657.24,-38662.44,1065994.80
Hotel Prisma,2026,5,BUDGET,4496,5138,1234143.42,11239.92,0.00,1245383.34,103719.54,57764.97,82500.00,51703.64,0.00,295688.14,48772.92,0.00,1589844.41,353.62,-122670.76,-218393.80,-341064.56,-66098.92,-22012.58,-88111.50,-131681.96,-10696.39,-230489.86,-571554.42,904318.78,65198.29,1018289.99,-194327.98,823962.02
Hotel Prisma,2026,5,REAL,0,0,0.00,0.00,0.00,0.00,0.00,0.00,0.00,0.00,0.00,0.00,0.00,0.00,0.00,,0.00,0.00,0.00,0.00,0.00,0.00,0.00,0.00,0.00,0.00,0.00,0.00,0.00,0.00,0.00
Hotel Prisma,2026,6,BUDGET,5039,6299,1010279.40,12597.00,0.00,1022876.40,118019.38,69764.82,42750.00,55426.80,0.00,285961.00,45957.27,0.00,1354794.68,268.87,-159384.21,-207532.58,-366916.79,-62437.19,-23750.33,-86187.52,-161503.55,-10952.54,-258643.61,-625560.40,655959.61,27317.39,729234.28,-230605.98,498628.30
Hotel Prisma,2026,6,REAL,0,0,0.00,0.00,0.00,0.00,0.00,0.00,0.00,0.00,0.00,0.00,0.00,0.00,0.00,,0.00,0.00,0.00,0.00,0.00,0.00,0.00,0.00,0.00,0.00,0.00,0.00,0.00,0.00,0.00
Hotel Prisma,2026,7,BUDGET,5262,8769,881312.64,13153.92,0.00,894466.56,121400.66,90675.20,32000.00,60508.03,0.00,304583.89,23327.61,0.00,1222378.06,232.32,-203451.48,-205955.02,-409406.49,-65337.84,-26533.69,-91871.53,-204377.88,-12060.71,-308310.12,-717716.61,485060.07,-3726.23,504661.45,-291657.22,213004.23
Hotel Prisma,2026,7,REAL,0,0,0.00,0.00,0.00,0.00,0.00,0.00,0.00,0.00,0.00,0.00,0.00,0.00,0.00,,0.00,0.00,0.00,0.00,0.00,0.00,0.00,0.00,0.00,0.00,0.00,0.00,0.00,0.00,0.00
Hotel Prisma,2026,8,BUDGET,4183,7605,616923.99,10456.34,0.00,627380.33,96743.09,81907.03,11100.00,50190.43,0.00,239940.55,15062.08,0.00,882382.96,210.97,-174215.67,-149279.60,-323495.27,-51266.90,-21710.50,-72977.40,-176995.25,-9360.67,-259333.32,-582828.59,303885.06,-19392.77,299554.37,-247515.34,52039.03
Hotel Prisma,2026,8,REAL,0,0,0.00,0.00,0.00,0.00,0.00,0.00,0.00,0.00,0.00,0.00,0.00,0.00,0.00,,0.00,0.00,0.00,0.00,0.00,0.00,0.00,0.00,0.00,0.00,0.00,0.00,0.00,0.00,0.00
Hotel Prisma,2026,9,BUDGET,5523,6497,1201206.83,13806.98,0.00,1215013.80,135006.63,67924.08,68600.00,63512.09,0.00,335042.80,45952.43,0.00,1596009.03,288.99,-168307.00,-234004.62,-402311.61,-73310.65,-26764.72,-100075.37,-169829.41,-12501.98,-282406.76,-684718.37,812702.19,52636.04,911290.66,-247080.90,664209.76
Hotel Prisma,2026,9,REAL,0,0,0.00,0.00,0.00,0.00,0.00,0.00,0.00,0.00,0.00,0.00,0.00,0.00,0.00,,0.00,0.00,0.00,0.00,0.00,0.00,0.00,0.00,0.00,0.00,0.00,0.00,0.00,0.00,0.00
Hotel Prisma,2026,10,BUDGET,6354,7262,1572689.87,15885.76,0.00,1588575.63,116988.26,79867.59,106000.00,73074.48,0.00,375930.33,60434.07,0.00,2024940.03,318.67,-171592.08,-331178.05,-502770.13,-86893.30,-26522.43,-113415.73,-184076.24,-13698.63,-311190.60,-813960.74,1085805.49,64739.73,1210979.29,-273860.16,937119.13
Hotel Prisma,2026,10,REAL,0,0,0.00,0.00,0.00,0.00,0.00,0.00,0.00,0.00,0.00,0.00,0.00,0.00,0.00,,0.00,0.00,0.00,0.00,0.00,0.00,0.00,0.00,0.00,0.00,0.00,0.00,0.00,0.00,0.00
Hotel Prisma,2026,11,BUDGET,5868,7823,1070827.88,14668.88,0.00,1085496.75,113916.08,71367.37,94400.00,64543.05,0.00,344226.50,62571.61,0.00,1492294.86,254.33,-182397.07,-237200.87,-419597.94,-81620.66,-23598.56,-105219.22,-201217.74,-13698.17,-320135.13,-739733.07,665898.81,24091.38,752561.79,-276804.06,475757.74
Hotel Prisma,2026,11,REAL,0,0,0.00,0.00,0.00,0.00,0.00,0.00,0.00,0.00,0.00,0.00,0.00,0.00,0.00,,0.00,0.00,0.00,0.00,0.00,0.00,0.00,0.00,0.00,0.00,0.00,0.00,0.00,0.00,0.00
Hotel Prisma,2026,12,BUDGET,5256,7673,1011796.79,13140.22,0.00,1024937.00,104685.48,71345.24,168000.00,57816.96,0.00,401847.68,44835.76,0.00,1471620.44,279.98,-166608.93,-223286.52,-389895.45,-93670.71,-25759.01,-119429.72,-205715.27,-15887.43,-341032.42,-730927.87,635041.55,60815.26,740692.57,-263171.63,477520.94
Hotel Prisma,2026,12,REAL,0,0,0.00,0.00,0.00,0.00,0.00,0.00,0.00,0.00,0.00,0.00,0.00,0.00,0.00,,0.00,0.00,0.00,0.00,0.00,0.00,0.00,0.00,0.00,0.00,0.00,0.00,0.00,0.00,0.00
Hotel Quasar,2025,1,BUDGET,3463,5092,704733.73,10041.64,0.00,714775.37,127726.21,78013.37,107500.00,31979.75,0.00,345219.33,31210.65,18060.00,1109265.35,320.36,-142158.11,-154383.18,-296541.29,-77129.32,-19935.00,-97064.32,-187530.25,-14232.29,-298826.86,-595368.15,418234.09,46392.47,513897.20,-207637.03,306260.18
Hotel Quasar,2025,1,REAL,5378,7638,1030004.54,23189.49,0.00,1053194.03,186838.53,169746.51,170173.48,45519.30,0.00,572277.82,76905.23,30655.33,1733032.41,322.24,-193329.06,-268513.96,-461843.03,-121281.10,-48220.96,-169502.07,-282676.96,-26460.25,-478639.28,-940482.30,591351.00,93638.55,792550.11,-338715.96,453834.15
Hotel Quasar,2025,2,BUDGET,3629,4653,864903.65,10524.65,0.00,875428.30,141166.96,74119.14,108750.00,35161.46,0.00,359197.56,32419.84,22620.00,1289665.70,355.36,-143811.11,-182837.88,-326648.99,-82488.13,-19316.00,-101804.12,-191175.04,-13626.76,-306605.92,-633254.91,548779.31,52591.64,656410.79,-213416.27,442994.53
Hotel Quasar,2025,2,REAL,5369,6952,1136561.00,23168.31,0.00,1159729.31,182628.73,159726.32,185949.22,45688.54,0.00,573992.81,66154.22,25526.61,1825402.94,339.99,-201415.89,-263260.49,-464676.38,-123380.02,-54955.69,-178335.72,-291051.79,-23442.90,-492830.40,-957506.78,695052.93,81162.41,867896.16,-348104.21,519791.95
Hotel Quasar,2025,3,BUDGET,5773,7401,1678872.46,16741.80,0.00,1695614.25,299147.89,160635.56,162500.00,56954.61,0.00,679238.05,48741.16,38750.00,2462343.46,426.53,-207933.55,-296726.55,-504660.10,-146158.20,-43218.87,-189377.07,-307865.70,-37162.71,-534405.47,-1039065.57,1190954.15,144832.58,1423277.89,-326694.64,1096583.25
Hotel Quasar,2025,3,REAL,5365,6868,1383276.87,19802.10,0.00,1403078.97,233037.62,200499.11,178811.84,52164.52,0.00,664513.09,53196.18,39004.78,2159793.03,402.57,-186678.19,-275137.40,-461815.58,-123324.16,-51760.87,-175085.03,-284200.58,-43363.11,-502648.72,-964464.30,941263.39,161864.37,1195328.73,-350900.09,844428.64
Hotel Quasar,2025,4,BUDGET,5408,6933,1660102.08,15683.28,0.00,1675785.36,254143.58,110458.24,157300.00,55147.24,0.00,577049.06,51042.54,29040.00,2332916.97,431.38,-201279.68,-295905.97,-497185.64,-134770.20,-28727.40,-163497.60,-281470.87,-26580.65,-471549.12,-968734.77,1178599.72,105499.94,1364182.20,-306604.04,1057578.16
Hotel Quasar,2025,4,REAL,5417,6246,1421728.68,19576.48,0.00,1441305.16,168544.99,134033.62,182158.48,59798.50,0.00,544535.58,52066.44,21985.29,2059892.47,380.24,-192192.40,-266658.66,-458851.05,-108009.45,-45977.91,-153987.36,-270105.62,-20102.83,-444195.81,-903046.86,982454.10,100339.78,1156845.61,-272922.78,883922.83
Hotel Quasar,2025,5,BUDGET,5542,7105,1783521.30,16072.12,0.00,1799593.42,259688.65,106211.19,210000.00,55548.50,0.00,631448.35,69901.46,27600.00,2528543.23,456.25,-199616.21,-329314.16,-528930.36,-150660.96,-27828.54,-178489.50,-284352.67,-27989.88,-490832.05,-1019762.42,1270663.06,140616.30,1508780.81,-309571.52,1199209.29
Hotel Quasar,2025,5,REAL,4511,5507,1305324.13,18459.33,0.00,1323783.46,138122.28,108825.83,194842.77,49600.17,0.00,491391.05,75220.46,18909.33,1909304.29,423.30,-149300.92,-205346.36,-354647.28,-100876.02,-39605.31,-140481.33,-223250.82,-32624.24,-396356.39,-751003.67,969136.18,95034.65,1158300.62,-281325.73,876974.90
Hotel Quasar,2025,6,BUDGET,4067,5214,1228170.75,11794.86,0.00,1239965.62,166148.13,76158.68,168350.00,38933.60,0.00,449590.42,45396.17,21931.00,1756883.21,431.97,-151284.62,-218806.32,-370090.95,-105958.77,-20552.46,-126511.23,-214138.98,-25039.26,-365689.46,-735780.41,869874.67,83900.95,1021102.80,-234087.27,787015.52
Hotel Quasar,2025,6,REAL,5001,6590,1387889.87,27260.95,0.00,1415150.82,177165.80,131442.30,189233.01,49111.44,0.00,546952.55,62916.49,24128.38,2049148.23,409.72,-189996.02,-258394.56,-448390.58,-106046.62,-45488.47,-151535.09,-274614.42,-26941.19,-453090.70,-901481.27,966760.24,93861.85,1147666.96,-322964.92,824702.04
Hotel Quasar,2025,7,BUDGET,4557,6158,1162306.71,13214.86,0.00,1175521.57,187040.85,94288.31,109200.00,35027.55,0.00,425556.71,33231.12,19656.00,1653965.40,362.97,-172688.71,-220323.79,-393012.51,-95209.28,-24583.58,-119792.86,-230264.90,-20112.42,-370170.18,-763182.68,782509.06,55386.53,890782.71,-259080.66,631702.06
Hotel Quasar,2025,7,REAL,4378,5625,1030772.89,16552.07,0.00,1047324.95,152024.05,112196.67,82917.72,40950.65,0.00,388089.10,30655.12,16599.44,1482668.61,338.69,-151496.99,-215073.73,-366570.72,-89996.82,-35329.30,-125326.12,-211570.27,-17511.77,-354408.16,-720978.88,680754.23,33680.94,761689.73,-271534.17,490155.56
Hotel Quasar,2025,8,BUDGET,3724,5033,920167.75,10800.60,0.00,930968.35,168806.02,77739.73,25500.00,29328.64,0.00,301374.38,7780.13,17199.75,1257322.61,337.60,-141139.81,-201387.36,-342527.18,-65637.14,-20615.75,-86252.88,-187211.27,-13139.40,-286603.56,-629130.73,588441.17,14770.83,628191.88,-211064.21,417127.66
Hotel Quasar,2025,8,REAL,3471,4559,813524.35,20511.22,0.00,834035.57,124591.39,91953.31,16462.77,28577.36,0.00,261584.82,10304.79,16000.88,1121926.07,323.21,-117421.90,-188555.61,-305977.51,-49608.71,-26118.42,-75727.14,-171639.38,-10674.19,-258040.71,-564018.22,528058.06,3544.11,557907.84,-212703.54,345204.30
Hotel Quasar,2025,9,BUDGET,3620,4641,1147510.15,10498.73,0.00,1158008.87,136036.54,70620.55,133650.00,34073.01,0.00,374380.11,37801.89,21060.00,1591250.87,439.55,-134365.91,-222666.45,-357032.36,-87198.16,-18669.73,-105867.89,-190794.33,-21153.68,-317815.91,-674848.27,800976.51,56564.20,916402.60,-209495.94,706906.66
Hotel Quasar,2025,9,REAL,5118,6303,1509788.21,27292.90,0.00,1537081.12,151527.82,125428.77,177575.64,48239.88,0.00,502772.11,61663.73,17946.75,2119463.71,414.10,-174559.07,-250281.63,-424840.69,-98582.90,-42253.42,-140836.32,-268621.41,-20650.23,-430107.96,-854948.66,1112240.43,72664.14,1264515.05,-292504.14,972010.92
Hotel Quasar,2025,10,BUDGET,5018,6691,1766375.07,14552.48,0.00,1780927.55,199058.96,101264.31,186450.00,51563.17,0.00,538336.44,56606.22,31640.00,2407510.22,479.77,-187448.74,-313529.87,-500978.61,-125952.33,-26722.36,-152674.69,-266745.04,-34091.04,-453510.77,-954489.38,1279948.94,84825.68,1453020.84,-295174.47,1157846.37
Hotel Quasar,2025,10,REAL,4427,5447,1353266.69,22581.70,0.00,1375848.39,137971.97,122274.16,174793.56,44075.68,0.00,479115.37,48005.06,16520.87,1919489.69,433.58,-145763.90,-248750.11,-394514.00,-105540.51,-47139.46,-152679.97,-216898.55,-21384.50,-390963.02,-785477.02,981334.39,88152.36,1134012.67,-253104.51,880908.16
Hotel Quasar,2025,11,BUDGET,3482,5615,1041785.61,10096.59,0.00,1051882.20,158456.82,84747.99,161700.00,33322.19,0.00,438226.99,42101.78,25480.00,1557690.97,447.41,-162370.16,-191232.99,-353603.16,-100139.65,-22071.87,-122211.52,-228926.59,-28120.20,-379258.31,-732861.46,698279.04,58968.68,824829.51,-241744.10,583085.41
Hotel Quasar,2025,11,REAL,4453,5501,1159671.38,13753.97,0.00,1173425.35,151645.42,135626.73,227658.57,43644.13,0.00,558574.85,59958.73,20738.76,1812697.68,407.03,-152641.92,-223086.73,-375728.65,-98906.65,-46315.44,-145222.09,-259736.02,-35884.62,-440842.72,-816571.37,797696.70,117732.12,996126.31,-250392.60,745733.70
Hotel Quasar,2025,12,BUDGET,3156,4855,876577.65,9152.18,0.00,885729.83,125082.46,75565.19,205000.00,32975.93,0.00,438623.57,31099.32,21320.00,1376772.73,436.25,-135942.75,-158931.04,-294873.79,-102261.92,-19684.83,-121946.75,-196003.42,-27103.74,-345053.90,-639927.69,590856.04,93569.67,736845.03,-204050.95,532794.08
Hotel Quasar,2025,12,REAL,4186,5980,1207899.54,12311.82,0.00,1220211.36,184420.25,162409.60,378411.81,41645.30,0.00,766886.96,38627.53,31610.17,2057336.02,491.43,-154516.95,-242563.49,-397080.44,-152216.07,-77450.02,-229666.09,-266353.68,-42887.40,-538907.16,-935987.60,823130.92,227979.80,1121348.42,-269496.81,851851.61
Hotel Quasar,2026,1,BUDGET,5243,6809,959477.33,20972.18,0.00,980449.51,166923.78,155694.38,143750.00,46089.23,0.00,512457.39,53051.29,27552.99,1573511.19,300.11,-195383.39,-209202.42,-404585.82,-108152.67,-38044.61,-146197.29,-290173.48,-22527.42,-458898.19,-863484.01,575863.69,53559.20,710027.18,-293009.92,417017.26
Hotel Quasar,2026,1,REAL,3888,5625,809303.67,14038.10,0.00,823341.77,138531.36,134083.31,139637.10,33755.95,0.00,446007.72,42170.61,18002.32,1329522.43,341.92,-153589.95,-184483.57,-338073.52,-96494.26,-36377.05,-132871.30,-239009.47,-15728.46,-387609.23,-725682.75,485268.26,58398.49,603839.67,-242119.45,361720.22
Hotel Quasar,2026,2,BUDGET,4749,5936,1073279.42,18996.10,0.00,1092275.52,160108.29,147384.91,166500.00,46351.67,0.00,520344.88,56888.61,27400.09,1696909.09,357.32,-188809.45,-226374.45,-415183.91,-111958.71,-35928.69,-147887.40,-280899.67,-27024.66,-455811.73,-870995.63,677091.61,64533.15,825913.46,-301905.50,524007.97
Hotel Quasar,2026,2,REAL,4267,5348,1008236.38,21424.18,0.00,1029660.56,154757.39,127456.09,103962.29,40816.26,0.00,426992.03,23283.93,18668.33,1498604.85,351.21,-167697.07,-213600.09,-381297.16,-80837.18,-40833.95,-121671.13,-249235.19,-21573.49,-392479.81,-773776.97,648363.40,34512.22,724827.88,-270494.04,454333.84
Hotel Quasar,2026,3,BUDGET,5968,7460,1677111.41,23873.47,0.00,1700984.88,252902.98,229237.25,201600.00,55547.54,0.00,739287.77,57419.46,35212.14,2532904.25,424.39,-216970.24,-330147.79,-547118.03,-151633.62,-56386.35,-208019.98,-326688.72,-34209.69,-568918.39,-1116036.41,1153866.85,170369.39,1416867.83,-362031.22,1054836.61
Hotel Quasar,2026,3,REAL,3733,4914,1032519.58,14168.75,0.00,1046688.32,173752.18,145085.65,101516.75,36503.38,0.00,456857.96,31959.55,16672.58,1552178.42,415.85,-141558.24,-210268.95,-351827.20,-96449.11,-36875.91,-133325.02,-209227.07,-15279.95,-357832.05,-709659.25,694861.13,99025.91,842519.17,-230519.54,611999.64
Hotel Quasar,2026,4,BUDGET,5709,7048,1689804.50,22835.20,0.00,1712639.70,194086.17,159523.97,209100.00,58886.18,0.00,621596.32,61520.91,25526.81,2421283.74,424.13,-207253.28,-327344.03,-534597.31,-138454.98,-38972.03,-177427.00,-313937.53,-32579.68,-523944.21,-1058541.53,1178042.39,97652.11,1362742.21,-341776.04,1020966.17
Hotel Quasar,2026,4,REAL,0,0,1195805.41,7801.77,0.00,1203607.19,135827.98,102348.48,79586.06,55008.42,0.00,372770.93,24634.79,841.53,1601854.44,,3191.35,-10109.41,-6918.06,-75865.08,-35780.00,-111645.09,0.00,-10636.41,-122281.50,-129199.55,1196689.13,250489.43,1472654.89,-60989.99,1411664.89
Hotel Quasar,2026,5,BUDGET,4364,5388,1357318.79,17457.48,0.00,1374776.27,142172.97,114779.52,200200.00,41159.69,0.00,498312.18,70868.98,18843.52,1962800.95,449.73,-153060.73,-256618.80,-409679.53,-111930.66,-28228.31,-140158.97,-233560.38,-25059.17,-398778.52,-808458.05,965096.74,99533.66,1154342.89,-259714.70,894628.20
Hotel Quasar,2026,5,REAL,0,0,0.00,0.00,0.00,0.00,0.00,0.00,0.00,0.00,0.00,0.00,0.00,0.00,0.00,,0.00,0.00,0.00,0.00,0.00,0.00,0.00,0.00,0.00,0.00,0.00,0.00,0.00,0.00,0.00
Hotel Quasar,2026,6,BUDGET,5721,7334,1693366.27,22883.33,0.00,1716249.60,201821.58,154990.10,224000.00,57268.48,0.00,638080.15,78952.96,21452.80,2454735.51,429.09,-215806.21,-330712.82,-546519.03,-143741.35,-38048.27,-181789.62,-323990.74,-28175.44,-533955.80,-1080474.83,1169730.57,104124.35,1374260.68,-349636.91,1024623.77
Hotel Quasar,2026,6,REAL,0,0,0.00,0.00,0.00,0.00,0.00,0.00,0.00,0.00,0.00,0.00,0.00,0.00,0.00,,0.00,0.00,0.00,0.00,0.00,0.00,0.00,0.00,0.00,0.00,0.00,0.00,0.00,0.00,0.00
Hotel Quasar,2026,7,BUDGET,4455,5862,1109285.14,17819.84,0.00,1127104.98,164770.44,127203.11,99000.00,45770.04,0.00,436743.58,34273.16,17654.60,1615776.33,362.69,-165031.62,-229639.68,-394671.30,-96178.88,-31087.19,-127266.07,-238245.12,-26136.54,-391647.73,-786319.03,732433.68,45095.85,829457.30,-267383.33,562073.97
Hotel Quasar,2026,7,REAL,0,0,0.00,0.00,0.00,0.00,0.00,0.00,0.00,0.00,0.00,0.00,0.00,0.00,0.00,,0.00,0.00,0.00,0.00,0.00,0.00,0.00,0.00,0.00,0.00,0.00,0.00,0.00,0.00,0.00
Hotel Quasar,2026,8,BUDGET,3600,4737,878392.19,14399.87,0.00,892792.06,134261.20,104096.37,17600.00,38073.71,0.00,294031.29,12207.48,14417.82,1213448.65,337.07,-133358.88,-187067.94,-320426.83,-63300.17,-25481.07,-88781.25,-190505.36,-20554.04,-299840.64,-620267.47,572365.24,-5809.36,593181.18,-212055.15,381126.04
Hotel Quasar,2026,8,REAL,0,0,0.00,0.00,0.00,0.00,0.00,0.00,0.00,0.00,0.00,0.00,0.00,0.00,0.00,,0.00,0.00,0.00,0.00,0.00,0.00,0.00,0.00,0.00,0.00,0.00,0.00,0.00,0.00,0.00
Hotel Quasar,2026,9,BUDGET,4951,6188,1514920.32,19802.88,0.00,1534723.20,161877.56,128368.68,183600.00,50227.66,0.00,524073.90,52020.36,18035.91,2128853.37,430.01,-181654.49,-285916.87,-467571.36,-118216.98,-31319.28,-149536.26,-272834.74,-28541.75,-450912.75,-918484.11,1067151.84,73161.15,1210369.26,-300320.57,910048.69
Hotel Quasar,2026,9,REAL,0,0,0.00,0.00,0.00,0.00,0.00,0.00,0.00,0.00,0.00,0.00,0.00,0.00,0.00,,0.00,0.00,0.00,0.00,0.00,0.00,0.00,0.00,0.00,0.00,0.00,0.00,0.00,0.00,0.00
Hotel Quasar,2026,10,BUDGET,3695,4737,1204473.50,14778.82,0.00,1219252.32,129805.08,100305.70,152000.00,37959.20,0.00,420069.99,38315.20,14566.17,1692203.68,458.01,-134558.88,-231903.25,-366462.13,-95506.84,-24507.77,-120014.61,-203621.41,-24896.93,-348532.95,-714995.08,852790.19,71537.04,977208.60,-229874.36,747334.23
Hotel Quasar,2026,10,REAL,0,0,0.00,0.00,0.00,0.00,0.00,0.00,0.00,0.00,0.00,0.00,0.00,0.00,0.00,,0.00,0.00,0.00,0.00,0.00,0.00,0.00,0.00,0.00,0.00,0.00,0.00,0.00,0.00,0.00
Hotel Quasar,2026,11,BUDGET,3389,5214,935445.42,13557.18,0.00,949002.60,141673.31,111945.29,159250.00,34821.45,0.00,447690.05,38864.58,13579.43,1449136.66,427.56,-151877.73,-188741.98,-340619.71,-99144.70,-27589.16,-126733.86,-227193.11,-25042.44,-378969.41,-719589.12,608382.89,68720.64,729547.54,-247176.96,482370.58
Hotel Quasar,2026,11,REAL,0,0,0.00,0.00,0.00,0.00,0.00,0.00,0.00,0.00,0.00,0.00,0.00,0.00,0.00,,0.00,0.00,0.00,0.00,0.00,0.00,0.00,0.00,0.00,0.00,0.00,0.00,0.00,0.00,0.00
Hotel Quasar,2026,12,BUDGET,4334,7105,1152889.75,17336.69,0.00,1170226.44,187704.55,153492.85,387600.00,45183.00,0.00,773980.40,46354.80,26927.20,2017488.84,465.48,-200158.32,-232041.38,-432199.70,-174985.59,-37892.52,-212878.11,-313232.12,-30523.85,-556634.08,-988833.78,738026.74,217346.32,1028655.05,-342319.72,686335.33
Hotel Quasar,2026,12,REAL,0,0,0.00,0.00,0.00,0.00,0.00,0.00,0.00,0.00,0.00,0.00,0.00,0.00,0.00,,0.00,0.00,0.00,0.00,0.00,0.00,0.00,0.00,0.00,0.00,0.00,0.00,0.00,0.00,0.00
Hotel Riviera,2025,1,BUDGET,0,0,0.00,0.00,0.00,0.00,0.00,0.00,0.00,0.00,0.00,0.00,0.00,15235.38,15235.38,,0.00,0.00,0.00,0.00,0.00,0.00,-6504.34,0.00,-6504.34,-6504.34,0.00,-6504.34,8731.04,-31703.94,-22972.89
Hotel Riviera,2025,1,REAL,0,0,0.00,0.00,0.00,0.00,0.00,0.00,0.00,0.00,0.00,0.00,0.00,19832.48,19832.48,,0.00,-363.35,-363.35,0.00,0.00,0.00,-5577.79,-563.99,-6141.78,-6505.13,-363.35,-6141.78,13327.35,-34886.49,-21559.13
Hotel Riviera,2025,2,BUDGET,0,0,0.00,0.00,0.00,0.00,0.00,0.00,0.00,0.00,0.00,0.00,0.00,0.00,0.00,,-11.48,0.00,-11.48,0.00,0.00,0.00,-6280.75,-58.00,-6338.75,-6350.22,-11.48,-6338.75,-6350.22,-44494.48,-50844.70
Hotel Riviera,2025,2,REAL,0,0,0.00,0.00,0.00,0.00,0.00,0.00,0.00,0.00,0.00,0.00,0.00,0.00,0.00,,0.00,-282.70,-282.70,0.00,0.00,0.00,-4264.66,0.00,-4264.66,-4547.36,-282.70,-4264.66,-4547.36,-61341.74,-65889.10
Hotel Riviera,2025,3,BUDGET,0,0,0.00,0.00,0.00,0.00,0.00,0.00,0.00,0.00,0.00,0.00,0.00,98.01,98.01,,-23387.75,0.00,-23387.75,0.00,0.00,0.00,-13625.56,-874.43,-14499.99,-37887.74,-23387.75,-14499.99,-37789.73,-70379.60,-108169.33
Hotel Riviera,2025,3,REAL,0,0,0.01,0.00,0.00,0.01,0.00,0.00,0.00,0.00,0.00,0.00,210.37,-0.01,210.37,,-22003.67,-8470.75,-30474.43,-1377.79,42.34,-1335.45,-12114.31,-14882.75,-28332.51,-58806.93,-30474.42,-28332.51,-58596.57,-94440.85,-153037.42
Hotel Riviera,2025,4,BUDGET,1759,3078,207893.84,3011.32,0.00,210905.16,2027.71,8049.80,0.00,81247.27,0.00,91324.79,588.98,982.75,303801.67,172.75,-63470.87,-44633.32,-108104.19,-24649.88,-9703.27,-34353.14,-78957.19,-10415.10,-123725.43,-231829.62,102800.96,-32400.65,71972.04,-92272.58,-20300.54
Hotel Riviera,2025,4,REAL,2812,4536,294804.47,2519.03,0.00,297323.50,4077.32,10991.83,0.00,137160.27,221.45,152450.86,886.73,0.00,450661.09,160.25,-94895.04,-64358.18,-159253.21,-48807.39,-12504.42,-61311.81,-120914.19,-3475.76,-185701.77,-344954.98,138070.28,-33250.91,105706.10,-107483.25,-1777.15
Hotel Riviera,2025,5,BUDGET,2893,4557,385161.36,6390.76,0.00,391552.12,2097.58,9864.90,0.00,154600.10,58.80,166621.37,1266.72,585.80,560026.01,193.58,-92958.70,-56674.94,-149633.64,-47861.58,-18315.22,-66176.80,-115280.00,-12826.18,-194282.97,-343916.61,241918.48,-27661.60,216109.40,-129964.81,86144.59
Hotel Riviera,2025,5,REAL,3061,5069,379802.43,5535.61,0.00,385338.04,7611.13,11386.52,0.00,163415.10,133.78,182546.53,1999.79,0.00,569884.36,186.19,-97721.85,-46200.60,-143922.44,-37688.19,-18140.94,-55829.12,-138335.64,-5397.16,-199561.92,-343484.36,241415.60,-17015.39,226400.00,-144208.81,82191.19
Hotel Riviera,2025,6,BUDGET,3390,4005,667533.02,3653.17,0.00,671186.19,4024.88,11758.74,0.00,186682.75,688.36,203154.73,2460.27,189.57,876990.77,258.70,-91637.57,-72587.61,-164225.18,-42490.07,-17540.19,-60030.25,-120820.93,-4225.15,-185076.33,-349301.51,506961.01,18078.40,527689.26,-127070.90,400618.36
Hotel Riviera,2025,6,REAL,3036,3600,573453.87,3810.63,0.00,577264.50,5744.19,10183.86,0.00,166610.74,1276.37,183815.16,3292.50,0.00,764372.17,251.77,-78663.83,-72088.49,-150752.32,-39407.54,-16951.66,-56359.20,-118134.70,-4143.39,-178637.29,-329389.61,426512.18,5177.87,434982.56,-99729.91,335252.65
Hotel Riviera,2025,7,BUDGET,4327,4697,952918.44,3642.44,0.00,956560.88,7575.10,15609.54,0.00,228769.44,1247.35,253201.44,2390.09,473.19,1212625.60,280.26,-103942.73,-122361.51,-226304.24,-51006.44,-17893.71,-68900.15,-139030.04,-5819.27,-213749.46,-440053.70,730256.64,39451.98,772571.90,-156444.41,616127.49
Hotel Riviera,2025,7,REAL,4158,4418,833016.36,2493.38,0.00,835509.74,7287.16,15548.62,0.00,222373.40,2770.10,247979.27,4921.94,0.00,1088410.95,261.75,-97028.77,-98907.96,-195936.73,-54711.40,-18928.54,-73639.94,-150577.23,-5635.90,-229853.08,-425789.81,639573.01,18126.19,662621.14,-155531.20,507089.95
Hotel Riviera,2025,8,BUDGET,4402,4697,1033826.17,1761.11,0.00,1035587.28,10183.90,17098.75,0.00,232956.50,3121.86,263361.01,2888.41,840.83,1302677.53,295.96,-104217.02,-140955.51,-245172.53,-64283.01,-22072.34,-86355.35,-139051.05,-5870.77,-231277.16,-476449.69,790414.75,32083.84,826227.84,-155252.57,670975.27
Hotel Riviera,2025,8,REAL,4908,5162,1066745.12,2163.83,0.00,1068908.95,8826.78,17236.76,565.09,270428.94,3504.05,300561.62,4999.32,249.75,1374719.64,280.07,-110226.16,-119031.57,-229257.74,-62611.40,-28682.97,-91294.37,-166513.02,-6884.28,-264691.67,-493949.40,839651.22,35869.95,880770.24,-156289.27,724480.97
Hotel Riviera,2025,9,BUDGET,3267,3465,580145.18,1868.92,0.00,582014.10,2357.56,10415.04,0.00,180718.77,469.37,193960.73,2090.78,-36.96,778028.65,238.14,-79566.32,-69610.98,-149177.30,-42687.91,-16784.99,-59472.89,-104633.46,-3487.66,-167594.02,-316771.32,432836.80,26366.72,461257.33,-110646.02,350611.31
Hotel Riviera,2025,9,REAL,3871,4095,615571.72,1799.37,0.00,617371.09,9381.65,10895.78,1098.62,211824.40,651.47,233851.93,3503.42,96.49,854822.92,220.82,-99153.57,-73859.37,-173012.94,-50958.89,-18928.73,-69887.62,-141299.91,-5018.48,-216206.01,-389218.95,444358.15,17645.92,465603.98,-153538.89,312065.08
Hotel Riviera,2025,10,BUDGET,2339,3037,267669.77,2042.62,0.00,269712.38,2311.44,7059.26,0.00,129282.89,238.91,138892.50,1265.31,-2009.61,407860.58,174.35,-74088.34,-44067.52,-118155.86,-35355.98,-12962.16,-48318.14,-96801.04,-3901.28,-149020.47,-267176.33,151556.52,-10127.96,140684.26,-105549.43,35134.83
Hotel Riviera,2025,10,REAL,3732,4248,378206.18,3369.53,0.00,381575.70,1659.68,11230.98,0.00,207229.41,4753.80,224873.86,3248.55,0.00,609698.12,163.36,-86639.31,-60641.24,-147280.54,-46553.97,-21023.88,-67577.86,-136582.33,-9849.15,-214009.34,-361289.89,234295.16,10864.52,248408.23,-154525.59,93882.64
Hotel Riviera,2025,11,BUDGET,0,0,0.00,0.00,0.00,0.00,0.00,0.00,0.00,0.00,0.00,0.00,1406.16,0.00,1406.16,,-5891.47,0.00,-5891.47,0.00,0.00,0.00,-12673.77,-3360.00,-16033.77,-21925.24,-5891.47,-16033.77,-20519.08,-52175.79,-72694.87
Hotel Riviera,2025,11,REAL,0,0,4136.59,0.00,0.00,4136.59,0.00,0.00,0.00,0.10,280.01,280.10,574.50,323.40,5314.60,,-2740.14,-4535.16,-7275.30,19.66,-20.50,-0.85,-7760.84,-2025.47,-9787.16,-17062.46,-3138.71,-9507.06,-11747.87,-67944.88,-79692.75
Hotel Riviera,2025,12,BUDGET,0,0,0.00,0.00,0.00,0.00,0.00,0.00,0.00,0.00,0.00,0.00,0.00,22928.03,22928.03,,0.00,0.00,0.00,0.00,0.00,0.00,-7684.47,0.00,-7684.47,-7684.47,0.00,-7684.47,15243.55,-36751.89,-21508.33
Hotel Riviera,2025,12,REAL,0,0,55283.27,0.00,0.00,55283.27,-389.92,389.90,0.00,-50182.52,0.00,-50182.55,0.00,27076.17,32176.89,,-227.00,-12148.84,-12375.83,861.44,-76.19,785.24,-7026.70,-752.44,-6993.90,-19369.73,42907.43,-57176.44,12807.16,-27722.67,-14915.51
Hotel Riviera,2026,1,BUDGET,0,0,0.00,0.00,0.00,0.00,0.00,0.00,0.00,0.00,0.00,0.00,0.00,16970.31,16970.31,,0.00,0.00,0.00,0.00,0.00,0.00,-6918.57,0.00,-6918.57,-6918.57,0.00,-6918.57,10051.73,-45157.30,-35105.57
Hotel Riviera,2026,1,REAL,0,0,-40936.44,0.00,0.00,-40936.44,315.81,-315.79,0.00,40643.70,0.00,40643.72,0.00,19375.07,19082.34,,0.00,-389.62,-389.62,0.00,0.00,0.00,-4573.19,-392.00,-4965.19,-5354.81,-41326.06,35678.53,13727.54,-51098.87,-37371.33
Hotel Riviera,2026,2,BUDGET,0,0,0.00,0.00,0.00,0.00,0.00,0.00,0.00,0.00,0.00,0.00,0.00,0.00,0.00,,215.88,-4040.80,-3824.92,0.00,0.00,0.00,-6170.50,0.00,-6170.50,-9995.42,-3824.92,-6170.50,-9995.42,-50675.67,-60671.09
Hotel Riviera,2026,2,REAL,0,0,34024.92,0.00,0.00,34024.92,-257.80,257.78,0.00,-33178.53,0.00,-33178.54,0.00,-846.38,0.00,,-1788.63,-278.33,-2066.96,0.00,0.00,0.00,-1937.24,0.00,-1937.24,-4004.20,31957.96,-35115.78,-4004.20,-47381.16,-51385.36
Hotel Riviera,2026,3,BUDGET,0,0,0.00,0.00,0.00,0.00,0.00,0.00,0.00,0.00,0.00,0.00,0.00,0.00,0.00,,-25143.74,-4618.06,-29761.80,0.00,0.00,0.00,-12810.68,-528.00,-13338.68,-43100.49,-29761.80,-13338.68,-43100.49,-79776.14,-122876.63
Hotel Riviera,2026,3,REAL,0,0,0.00,0.00,0.00,0.00,0.00,0.00,0.00,0.00,0.00,0.00,0.00,0.00,0.00,,-29304.39,-7061.45,-36365.84,-1525.90,-6253.52,-7779.42,-15534.95,-4337.89,-27652.26,-64018.10,-36365.84,-27652.26,-64018.10,-91632.65,-155650.75
Hotel Riviera,2026,4,BUDGET,2431,3948,275265.84,2297.08,0.00,277562.92,3702.05,9979.89,0.00,119226.78,411.24,133319.96,2384.15,488.57,413755.60,170.21,-87053.04,-60340.86,-147393.90,-44018.23,-11028.85,-55047.08,-116082.94,-7283.39,-178413.41,-325807.31,130169.02,-45093.45,87948.29,-125638.53,-37690.24
Hotel Riviera,2026,4,REAL,0,0,-81460.57,2418.83,0.00,-79041.74,2118.36,6831.42,0.00,79653.66,0.00,88603.44,1861.64,1655.14,13078.48,,0.00,-3378.10,-3378.10,-30284.90,-8676.39,-38961.29,-279.16,-2343.70,-41584.14,-44962.24,-82419.84,47019.30,-31883.75,-24058.28,-55942.03
Hotel Riviera,2026,5,BUDGET,2345,3813,304588.18,4343.53,0.00,308931.71,6124.99,9202.67,0.00,132993.34,696.07,149017.07,2557.11,1091.63,461597.52,196.83,-80735.34,-37194.36,-117929.69,-30140.61,-14189.11,-44329.72,-107511.05,-6493.34,-158334.12,-276263.81,191002.01,-9317.05,185333.71,-110942.45,74391.26
Hotel Riviera,2026,5,REAL,0,0,0.00,0.00,0.00,0.00,0.00,0.00,0.00,0.00,0.00,0.00,0.00,0.00,0.00,,0.00,0.00,0.00,0.00,0.00,0.00,0.00,0.00,0.00,0.00,0.00,0.00,0.00,0.00,0.00
Hotel Riviera,2026,6,BUDGET,3099,3780,625385.04,4123.89,0.00,629508.93,6151.10,10905.26,0.00,174022.80,2073.85,193153.01,4298.43,-113.40,826846.96,266.83,-88544.19,-64131.55,-152675.74,-41757.00,-17633.84,-59390.84,-121212.38,-5406.37,-186009.59,-338685.33,476833.19,7143.42,488161.63,-124524.65,363636.98
Hotel Riviera,2026,6,REAL,0,0,0.00,0.00,0.00,0.00,0.00,0.00,0.00,0.00,0.00,0.00,0.00,0.00,0.00,,0.00,0.00,0.00,0.00,0.00,0.00,0.00,0.00,0.00,0.00,0.00,0.00,0.00,0.00,0.00
Hotel Riviera,2026,7,BUDGET,5326,5952,1179240.96,3369.37,0.00,1182610.33,9807.68,20899.93,0.00,297022.72,5019.32,332749.64,7280.89,-34.56,1522606.30,285.88,-137874.86,-139726.42,-277601.28,-72863.85,-24747.77,-97611.62,-187228.41,-9217.94,-294057.97,-571659.25,905009.05,38691.67,950947.05,-209289.17,741657.88
Hotel Riviera,2026,7,REAL,0,0,0.00,0.00,0.00,0.00,0.00,0.00,0.00,0.00,0.00,0.00,0.00,0.00,0.00,,0.00,0.00,0.00,0.00,0.00,0.00,0.00,0.00,0.00,0.00,0.00,0.00,0.00,0.00,0.00
Hotel Riviera,2026,8,BUDGET,4268,4697,1027121.52,1928.49,0.00,1029050.01,8098.10,15835.10,505.99,245973.38,4228.21,274640.78,5437.41,663.57,1309791.77,306.87,-108387.84,-117592.83,-225980.67,-55475.74,-24949.30,-80425.04,-147778.59,-5826.97,-234030.60,-460011.27,803069.34,40610.18,849780.50,-162387.03,687393.46
Hotel Riviera,2026,8,REAL,0,0,0.00,0.00,0.00,0.00,0.00,0.00,0.00,0.00,0.00,0.00,0.00,0.00,0.00,,0.00,0.00,0.00,0.00,0.00,0.00,0.00,0.00,0.00,0.00,0.00,0.00,0.00,0.00,0.00
Hotel Riviera,2026,9,BUDGET,5068,5535,870044.19,2472.68,0.00,872516.87,8446.96,14992.69,1511.70,287736.36,1846.67,314534.39,6381.81,45.51,1193478.58,235.51,-131991.57,-101507.49,-233499.06,-69141.65,-25301.92,-94443.57,-180376.01,-7042.17,-281861.75,-515360.80,639017.81,32672.64,678117.77,-183830.80,494286.97
Hotel Riviera,2026,9,REAL,0,0,0.00,0.00,0.00,0.00,0.00,0.00,0.00,0.00,0.00,0.00,0.00,0.00,0.00,,0.00,0.00,0.00,0.00,0.00,0.00,0.00,0.00,0.00,0.00,0.00,0.00,0.00,0.00,0.00
Hotel Riviera,2026,10,BUDGET,4018,4536,455807.52,3965.48,0.00,459773.00,6632.49,12606.34,0.00,228120.48,1150.38,248509.68,4508.51,-3126.06,709665.13,176.62,-125075.73,-65955.62,-191031.35,-51764.38,-22967.87,-74732.25,-160827.23,-6170.73,-241730.21,-432761.55,268741.65,6779.47,276903.58,-171483.37,105420.21
Hotel Riviera,2026,10,REAL,0,0,0.00,0.00,0.00,0.00,0.00,0.00,0.00,0.00,0.00,0.00,0.00,0.00,0.00,,0.00,0.00,0.00,0.00,0.00,0.00,0.00,0.00,0.00,0.00,0.00,0.00,0.00,0.00,0.00
Hotel Riviera,2026,11,BUDGET,0,0,0.00,0.00,0.00,0.00,0.00,0.00,0.00,0.00,0.00,0.00,0.00,0.00,0.00,,-6029.60,0.00,-6029.60,0.00,0.00,0.00,-10700.29,-2034.00,-12734.29,-18763.90,-6029.60,-12734.29,-18763.90,-54397.56,-73161.46
Hotel Riviera,2026,11,REAL,0,0,0.00,0.00,0.00,0.00,0.00,0.00,0.00,0.00,0.00,0.00,0.00,0.00,0.00,,0.00,0.00,0.00,0.00,0.00,0.00,0.00,0.00,0.00,0.00,0.00,0.00,0.00,0.00,0.00
Hotel Riviera,2026,12,BUDGET,0,0,0.00,0.00,0.00,0.00,0.00,0.00,0.00,0.00,0.00,0.00,0.00,27602.67,27602.67,,0.00,0.00,0.00,0.00,0.00,0.00,-9576.55,0.00,-9576.55,-9576.55,0.00,-9576.55,18026.12,-54660.14,-36634.02
Hotel Riviera,2026,12,REAL,0,0,0.00,0.00,0.00,0.00,0.00,0.00,0.00,0.00,0.00,0.00,0.00,0.00,0.00,,0.00,0.00,0.00,0.00,0.00,0.00,0.00,0.00,0.00,0.00,0.00,0.00,0.00,0.00,0.00
Hotel Solaris,2025,1,BUDGET,0,0,0.00,0.00,0.00,0.00,0.00,0.00,0.00,0.00,0.00,0.00,0.00,19838.67,19838.67,,0.00,0.00,0.00,0.00,0.00,0.00,-243.80,0.00,-243.80,-243.80,0.00,-243.80,19594.87,-56206.07,-36611.20
Hotel Solaris,2025,1,REAL,0,0,0.00,0.00,0.00,0.00,-661.82,0.00,0.00,0.00,0.00,-661.82,0.00,21094.71,20432.89,,0.00,0.00,0.00,0.00,0.00,0.00,0.00,0.00,0.00,0.00,0.00,-661.82,20432.89,-51867.18,-31434.29
Hotel Solaris,2025,2,BUDGET,0,0,0.00,0.00,0.00,0.00,0.00,0.00,0.00,0.00,0.00,0.00,0.00,0.00,0.00,,0.00,0.00,0.00,0.00,0.00,0.00,-205.30,0.00,-205.30,-205.30,0.00,-205.30,-205.30,-50388.84,-50594.15
Hotel Solaris,2025,2,REAL,0,0,0.00,0.00,0.00,0.00,0.00,0.00,0.00,0.00,0.00,0.00,0.00,0.00,0.00,,0.00,0.00,0.00,0.00,0.00,0.00,0.00,0.00,0.00,0.00,0.00,0.00,0.00,-66273.93,-66273.93
Hotel Solaris,2025,3,BUDGET,0,0,0.00,0.00,0.00,0.00,0.00,0.00,0.00,0.00,0.00,0.00,0.00,0.00,0.00,,-1938.44,0.00,-1938.44,0.00,0.00,0.00,-10233.32,-84.00,-10317.32,-12255.76,-1938.44,-10317.32,-12255.76,-88381.89,-100637.65
Hotel Solaris,2025,3,REAL,0,0,-772.37,0.00,0.00,-772.37,0.00,0.00,0.00,0.00,0.00,0.00,0.00,0.00,-772.37,,-2409.80,-8217.40,-10627.20,0.00,0.00,0.00,-9807.17,-18614.80,-28421.96,-39049.16,-11399.57,-28421.96,-39821.53,-113734.21,-153555.74
Hotel Solaris,2025,4,BUDGET,376,1885,35790.61,141.08,0.00,35931.69,257.20,763.58,0.00,17931.94,0.00,18952.73,0.00,2209.89,57094.31,151.83,-59364.80,-22576.80,-81941.60,-7739.41,-4954.91,-12694.31,-55885.58,-10957.95,-79537.84,-161479.45,-46009.91,-60585.11,-104385.14,-172786.10,-277171.24
Hotel Solaris,2025,4,REAL,382,1742,34130.58,571.35,0.00,34701.93,166.44,1995.90,0.00,18162.83,0.00,20325.16,491.27,0.00,55518.36,145.45,-54598.13,-10486.42,-65084.55,-11751.94,-5867.95,-17619.89,-38786.55,-3580.01,-59986.44,-125070.99,-30382.62,-39661.28,-69552.63,-103836.76,-173389.38
Hotel Solaris,2025,5,BUDGET,3748,7202,411947.53,2958.89,206.31,415112.73,2479.09,8132.62,0.00,179587.91,446.28,190645.90,5317.77,432.96,611509.36,163.16,-79737.69,-67354.69,-147092.38,-61600.74,-15626.01,-77226.75,-126424.32,-14051.12,-217702.19,-364794.57,268020.35,-27056.29,246714.79,-160999.31,85715.48
Hotel Solaris,2025,5,REAL,5034,9903,512095.92,4622.88,207.01,516925.81,3274.55,13737.17,0.00,257447.82,0.00,274459.53,7057.55,329.65,798772.55,158.69,-108856.22,-71143.11,-179999.33,-84414.66,-23247.23,-107661.89,-157699.69,-5502.10,-270863.68,-450863.01,336926.47,3595.85,347909.53,-226888.61,121020.92
Hotel Solaris,2025,6,BUDGET,5610,7049,1053031.64,5162.00,276.38,1058470.02,5284.95,16621.80,0.00,269441.61,0.00,291348.36,10180.19,1796.91,1361795.48,242.76,-102913.02,-129313.82,-232226.84,-90063.06,-24763.39,-114826.45,-158361.17,-4088.67,-277276.29,-509503.13,826243.18,14072.06,852292.35,-193744.83,658547.52
Hotel Solaris,2025,6,REAL,5741,7524,1077548.06,7183.79,1213.15,1085945.00,5645.21,15709.63,0.00,299397.07,0.00,320751.91,12637.97,258.82,1419593.70,247.28,-114169.87,-83659.58,-197829.45,-97316.37,-27450.70,-124767.06,-164483.79,-7653.18,-296904.03,-494733.49,888115.55,23847.88,924860.22,-252327.48,672532.74
Hotel Solaris,2025,7,BUDGET,7092,7857,1748541.84,3715.20,446.56,1752703.61,13274.86,22411.15,0.00,338281.20,162.28,374129.49,15747.64,758.77,2143339.51,302.20,-122888.73,-231630.98,-354519.71,-120625.04,-24001.30,-144626.34,-188350.76,-7776.88,-340753.98,-695273.69,1398183.89,33375.51,1448065.81,-228915.31,1219150.50
Hotel Solaris,2025,7,REAL,8952,9984,2010616.82,6109.78,510.36,2017236.96,13924.31,26775.56,-5.55,460570.26,349.36,501613.94,19928.27,332.38,2539111.56,283.62,-171108.86,-304843.57,-475952.43,-149189.49,-38655.21,-187844.71,-246647.02,-11746.55,-446238.28,-922190.70,1541284.54,55375.67,1616920.85,-254381.92,1362538.93
Hotel Solaris,2025,8,BUDGET,6085,6465,1664421.72,2168.50,198.70,1666788.92,11269.09,22194.08,5616.90,292578.13,181.76,331839.96,14639.18,418.45,2013686.51,330.95,-102584.06,-224333.27,-326917.33,-105238.10,-22857.64,-128095.74,-154996.98,-5781.06,-288873.78,-615791.11,1339871.60,42966.18,1397895.40,-195254.08,1202641.32
Hotel Solaris,2025,8,REAL,6694,6956,1756496.00,1583.65,147.53,1758227.18,10219.86,19572.81,0.00,346246.91,236.46,376276.05,16940.90,231.57,2151675.69,321.45,-123591.65,-231347.17,-354938.82,-109367.53,-21696.30,-131063.83,-181978.34,-6678.07,-319720.24,-674659.06,1403288.36,56555.80,1477016.64,-214341.00,1262675.64
Hotel Solaris,2025,9,BUDGET,8076,8791,1345000.68,4073.70,241.90,1349316.29,6548.62,20631.50,0.00,399991.09,145.62,427316.83,12556.52,417.93,1789607.56,221.59,-140019.77,-159094.88,-299114.65,-123949.25,-39752.70,-163701.95,-212936.91,-7366.72,-384005.58,-683120.24,1050201.63,43311.25,1106487.33,-255821.90,850665.43
Hotel Solaris,2025,9,REAL,8038,8316,1238473.05,1368.18,411.37,1240252.60,5706.78,22060.52,0.00,409137.97,761.72,437667.00,17534.43,158.50,1695612.52,210.96,-141785.40,-175119.18,-316904.57,-132280.95,-36634.12,-168915.08,-211620.13,-8541.98,-389077.19,-705981.76,923348.02,48589.81,989630.76,-241504.44,748126.32
Hotel Solaris,2025,10,BUDGET,5901,7392,544011.98,4424.00,61.10,548497.08,4932.57,13746.58,0.00,285146.91,0.00,303826.06,8802.74,2294.88,863420.76,146.31,-122592.99,-83877.45,-206470.44,-92351.12,-29766.30,-122117.42,-156754.33,-6980.97,-285852.72,-492323.16,342026.64,17973.34,371097.60,-203936.46,167161.13
Hotel Solaris,2025,10,REAL,6493,7603,550127.59,2086.03,118.04,552331.67,2597.78,12849.54,916.36,321769.02,0.00,338132.70,16917.04,326.93,907708.33,139.79,-115559.48,-109223.02,-224782.50,-96010.10,-33042.83,-129052.93,-154342.55,-10793.35,-294188.83,-518971.33,327549.17,43943.87,388737.00,-246440.77,142296.23
Hotel Solaris,2025,11,BUDGET,0,0,0.00,0.00,0.00,0.00,0.00,0.00,0.00,0.00,0.00,0.00,0.00,0.00,0.00,,-2608.89,0.00,-2608.89,0.00,0.00,0.00,-13692.82,-2933.33,-16626.15,-19235.04,-2608.89,-16626.15,-19235.04,-66372.12,-85607.16
Hotel Solaris,2025,11,REAL,0,0,-2802.37,0.00,-45.45,-2847.82,0.00,0.00,0.00,0.00,0.00,0.00,0.00,48.40,-2799.42,,-890.93,-1026.11,-1917.05,-318.63,597.09,278.47,-6948.60,-119.70,-6789.84,-8706.89,-4764.87,-6789.84,-11506.31,-77133.90,-88640.21
Hotel Solaris,2025,12,BUDGET,0,0,0.00,0.00,0.00,0.00,0.00,0.00,0.00,0.00,0.00,0.00,0.00,58961.00,58961.00,,0.00,0.00,0.00,0.00,0.00,0.00,-228.40,0.00,-228.40,-228.40,0.00,-228.40,58732.60,-46261.81,12470.79
Hotel Solaris,2025,12,REAL,0,0,29326.20,-360.58,-38.02,28927.59,-385.49,130.47,0.00,-17939.95,0.00,-18194.98,55.14,51475.63,62263.39,,0.00,-3380.60,-3380.60,0.00,36.20,36.20,-1095.27,-1374.16,-2433.23,-5813.83,25547.00,-20628.21,56449.57,-25383.82,31065.74
Hotel Solaris,2026,1,BUDGET,0,0,0.00,0.00,0.00,0.00,0.00,0.00,0.00,0.00,0.00,0.00,0.00,16981.45,16981.45,,0.00,0.00,0.00,0.00,0.00,0.00,0.00,0.00,0.00,0.00,0.00,0.00,16981.45,-46506.52,-29525.07
Hotel Solaris,2026,1,REAL,0,0,-18791.30,319.82,0.00,-18471.48,341.91,-115.72,0.00,15911.96,0.00,16138.15,-48.91,24268.71,21886.48,,0.00,-222.05,-222.05,0.00,0.00,0.00,0.00,0.00,0.00,-222.05,-18693.53,16138.15,21664.42,-52512.27,-30847.85
Hotel Solaris,2026,2,BUDGET,0,0,0.00,0.00,0.00,0.00,0.00,0.00,0.00,0.00,0.00,0.00,0.00,0.00,0.00,,0.00,0.00,0.00,0.00,0.00,0.00,-5511.39,0.00,-5511.39,-5511.39,0.00,-5511.39,-5511.39,-63205.74,-68717.13
Hotel Solaris,2026,2,REAL,0,0,26604.91,-310.41,0.00,26294.50,-331.86,112.32,0.00,-15443.96,0.00,-15663.50,46.57,-2312.16,8365.40,,0.00,-380.32,-380.32,0.00,0.00,0.00,-4126.65,0.00,-4126.65,-4506.97,25914.18,-19790.15,3858.44,-51073.49,-47215.05
Hotel Solaris,2026,3,BUDGET,0,0,0.00,0.00,0.00,0.00,0.00,0.00,0.00,0.00,0.00,0.00,0.00,0.00,0.00,,-3060.87,-7765.54,-10826.41,0.00,0.00,0.00,-6931.65,0.00,-6931.65,-17758.06,-10826.41,-6931.65,-17758.06,-128057.24,-145815.30
Hotel Solaris,2026,3,REAL,0,0,277.07,0.00,0.00,277.07,0.00,0.00,0.00,0.00,0.00,0.00,0.00,0.00,277.07,,-2386.69,-1748.47,-4135.16,0.00,0.00,0.00,-4761.11,-1448.32,-6209.42,-10344.59,-3858.09,-6209.42,-10067.51,-85745.65,-95813.16
Hotel Solaris,2026,4,BUDGET,276,1645,27362.16,414.26,18.63,27795.06,122.99,1474.81,0.00,12363.88,0.00,13961.68,600.08,703.55,43060.36,156.07,-56136.82,-12735.22,-68872.05,-8862.71,-4425.31,-13288.02,-34313.84,-9114.41,-56716.27,-125588.31,-41076.99,-42754.59,-82527.95,-128808.71,-211336.66
Hotel Solaris,2026,4,REAL,0,0,-267522.76,0.00,0.00,-267522.76,0.00,0.00,0.00,0.00,0.00,0.00,0.00,0.00,-267522.76,,0.00,-1071.00,-1071.00,-18173.76,-1911.67,-20085.42,0.00,-3442.69,-23528.11,-24599.11,-268593.77,-23528.11,-292121.87,-16389.63,-308511.50
Hotel Solaris,2026,5,BUDGET,3117,6138,341025.75,2912.34,198.92,344137.02,2055.03,8621.28,0.00,156008.25,0.00,166684.55,5791.56,969.14,517582.27,166.05,-75495.17,-45827.65,-121322.82,-54069.39,-14883.37,-68952.76,-107472.78,-10662.14,-187087.69,-308410.51,222814.19,-20403.14,209171.76,-149141.95,60029.81
Hotel Solaris,2026,5,REAL,0,0,0.00,0.00,0.00,0.00,0.00,0.00,0.00,0.00,0.00,0.00,0.00,0.00,0.00,,0.00,0.00,0.00,0.00,0.00,0.00,0.00,0.00,0.00,0.00,0.00,0.00,0.00,0.00,0.00
Hotel Solaris,2026,6,BUDGET,6869,9029,1347698.88,8676.68,456.94,1356832.50,6699.13,19081.56,0.00,354568.50,0.00,380349.18,13795.68,2910.17,1753887.53,255.35,-143420.37,-150439.13,-293859.50,-121106.46,-34161.33,-155267.79,-209004.56,-6928.39,-371200.74,-665060.25,1062972.99,9148.44,1088827.28,-249964.53,838862.76
Hotel Solaris,2026,6,REAL,0,0,0.00,0.00,0.00,0.00,0.00,0.00,0.00,0.00,0.00,0.00,0.00,0.00,0.00,,0.00,0.00,0.00,0.00,0.00,0.00,0.00,0.00,0.00,0.00,0.00,0.00,0.00,0.00,0.00
Hotel Solaris,2026,7,BUDGET,8307,9248,1988911.87,5727.95,575.47,1995215.30,13348.28,25241.09,0.00,429985.34,333.29,468908.00,16619.75,3516.21,2484259.26,299.07,-156681.00,-243089.83,-399770.83,-145342.61,-37658.48,-183001.09,-241993.59,-7080.51,-432075.19,-831846.02,1595444.47,36832.81,1652413.23,-285093.37,1367319.86
Hotel Solaris,2026,7,REAL,0,0,0.00,0.00,0.00,0.00,0.00,0.00,0.00,0.00,0.00,0.00,0.00,0.00,0.00,,0.00,0.00,0.00,0.00,0.00,0.00,0.00,0.00,0.00,0.00,0.00,0.00,0.00,0.00,0.00
Hotel Solaris,2026,8,BUDGET,7867,8593,2301902.40,4756.44,549.99,2307208.83,12216.57,23510.00,0.00,402824.10,300.86,438851.54,15794.66,2958.57,2764813.60,351.46,-150177.50,-294771.81,-444949.31,-134712.43,-26724.21,-161436.64,-225547.26,-6703.25,-393687.14,-838636.45,1862259.52,45164.40,1926177.15,-269497.83,1656679.32
Hotel Solaris,2026,8,REAL,0,0,0.00,0.00,0.00,0.00,0.00,0.00,0.00,0.00,0.00,0.00,0.00,0.00,0.00,,0.00,0.00,0.00,0.00,0.00,0.00,0.00,0.00,0.00,0.00,0.00,0.00,0.00,0.00,0.00
Hotel Solaris,2026,9,BUDGET,7965,8633,1363588.91,1421.06,520.24,1365530.21,5771.27,22279.89,0.00,401796.89,107.16,429955.22,15647.53,1650.46,1812783.43,227.60,-155203.12,-188715.60,-343918.72,-136532.75,-36892.65,-173425.40,-233011.37,-6529.97,-412966.74,-756885.46,1021611.49,16988.48,1055897.96,-249703.04,806194.92
Hotel Solaris,2026,9,REAL,0,0,0.00,0.00,0.00,0.00,0.00,0.00,0.00,0.00,0.00,0.00,0.00,0.00,0.00,,0.00,0.00,0.00,0.00,0.00,0.00,0.00,0.00,0.00,0.00,0.00,0.00,0.00,0.00,0.00
Hotel Solaris,2026,10,BUDGET,5163,6146,527837.14,1794.94,321.73,529953.80,2101.25,10405.11,0.00,252872.21,0.00,265378.58,10232.49,757.27,806322.14,156.16,-110557.05,-99238.06,-209795.11,-79260.39,-27278.24,-106538.63,-149200.12,-4699.11,-260437.86,-470232.97,320158.70,4940.72,336089.17,-174039.31,162049.86
Hotel Solaris,2026,10,REAL,0,0,0.00,0.00,0.00,0.00,0.00,0.00,0.00,0.00,0.00,0.00,0.00,0.00,0.00,,0.00,0.00,0.00,0.00,0.00,0.00,0.00,0.00,0.00,0.00,0.00,0.00,0.00,0.00,0.00
Hotel Solaris,2026,11,BUDGET,0,0,0.00,0.00,0.00,0.00,0.00,0.00,0.00,0.00,0.00,0.00,0.00,0.00,0.00,,-2591.25,0.00,-2591.25,0.00,0.00,0.00,-23515.24,-1512.00,-25027.24,-27618.49,-2591.25,-25027.24,-27618.49,-78873.60,-106492.09
Hotel Solaris,2026,11,REAL,0,0,0.00,0.00,0.00,0.00,0.00,0.00,0.00,0.00,0.00,0.00,0.00,0.00,0.00,,0.00,0.00,0.00,0.00,0.00,0.00,0.00,0.00,0.00,0.00,0.00,0.00,0.00,0.00,0.00
Hotel Solaris,2026,12,BUDGET,0,0,0.00,0.00,0.00,0.00,0.00,0.00,0.00,0.00,0.00,0.00,0.00,87610.37,87610.37,,0.00,0.00,0.00,0.00,0.00,0.00,-7941.66,0.00,-7941.66,-7941.66,0.00,-7941.66,79668.70,-66689.84,12978.86
Hotel Solaris,2026,12,REAL,0,0,0.00,0.00,0.00,0.00,0.00,0.00,0.00,0.00,0.00,0.00,0.00,0.00,0.00,,0.00,0.00,0.00,0.00,0.00,0.00,0.00,0.00,0.00,0.00,0.00,0.00,0.00,0.00,0.00
Hotel Titanium,2026,1,BUDGET,0,0,0.00,0.00,0.00,0.00,0.00,0.00,0.00,0.00,0.00,0.00,0.00,0.00,0.00,,-261.80,0.00,-261.80,0.00,0.00,0.00,-916.30,0.00,-916.30,-1178.10,-261.80,-916.30,-1178.10,-76762.20,-77940.30
Hotel Titanium,2026,1,REAL,0,0,0.00,0.00,0.00,0.00,0.00,0.00,0.00,0.00,0.00,0.00,0.00,0.00,0.00,,0.00,0.00,0.00,0.00,0.00,0.00,0.00,0.00,0.00,0.00,0.00,0.00,0.00,-18179.14,-18179.14
Hotel Titanium,2026,2,BUDGET,0,0,0.00,0.00,0.00,0.00,0.00,0.00,0.00,0.00,0.00,0.00,0.00,0.00,0.00,,-217.80,0.00,-217.80,0.00,0.00,0.00,-4671.45,0.00,-4671.45,-4889.25,-217.80,-4671.45,-4889.25,-76088.20,-80977.45
Hotel Titanium,2026,2,REAL,0,0,0.00,0.00,0.00,0.00,0.00,0.00,0.00,0.00,0.00,0.00,0.00,0.00,0.00,,0.00,-28.19,-28.19,0.00,0.00,0.00,0.00,0.00,0.00,-28.19,-28.19,0.00,-28.19,-57299.80,-57327.99
Hotel Titanium,2026,3,BUDGET,576,1496,40765.71,416.21,0.00,41181.92,2136.99,3476.33,0.00,17885.20,199.62,23698.14,1669.03,0.00,66549.08,115.53,-39395.44,-10399.71,-49795.15,-8747.11,-2354.23,-11101.34,-18275.14,-619.10,-29995.58,-79790.73,-8613.23,-6297.44,-13241.64,-106422.12,-119663.76
Hotel Titanium,2026,3,REAL,320,1512,19215.99,136.15,0.00,19352.14,344.74,998.89,0.00,5971.19,0.00,7314.82,1894.79,0.00,28561.75,89.34,-23456.65,-6753.52,-30210.17,0.00,0.00,0.00,-19743.97,0.00,-19743.97,-49954.15,-10858.03,-12429.16,-21392.40,-79806.66,-101199.06
Hotel Titanium,2026,4,BUDGET,2947,7655,233550.41,1957.57,0.00,235507.98,11084.29,18031.24,0.00,109390.81,1035.39,139541.74,13873.18,0.00,388922.90,131.97,-49674.24,-45666.98,-95341.21,-44748.35,-12043.75,-56792.10,-102359.74,-10168.71,-169320.55,-264661.77,140166.77,-29778.82,124261.13,-166561.05,-42299.92
Hotel Titanium,2026,4,REAL,0,0,161780.99,121.27,0.00,161902.26,2696.11,8316.29,0.00,42311.71,0.00,53324.11,8269.71,0.00,223496.08,,0.00,-12458.87,-12458.87,-46190.73,-9640.81,-55831.54,0.00,-4302.94,-60134.48,-72593.35,149443.39,-6810.37,150902.72,-25354.15,125548.57
Hotel Titanium,2026,5,BUDGET,5959,11034,373918.03,3958.07,0.00,377876.10,22411.70,36457.97,0.00,248275.13,2093.50,309238.30,28050.66,0.00,715165.05,120.02,-80659.12,-70616.51,-151275.63,-90478.20,-24351.66,-114829.87,-145764.85,-17116.06,-277710.78,-428986.41,226600.47,31527.52,286178.64,-244351.55,41827.09
Hotel Titanium,2026,5,REAL,0,0,0.00,0.00,0.00,0.00,0.00,0.00,0.00,0.00,0.00,0.00,0.00,0.00,0.00,,0.00,0.00,0.00,0.00,0.00,0.00,0.00,0.00,0.00,0.00,0.00,0.00,0.00,0.00,0.00
Hotel Titanium,2026,6,BUDGET,6776,8978,378888.59,4501.18,0.00,383389.77,25486.94,41460.58,0.00,307694.46,2380.76,377022.74,56047.23,0.00,816459.74,120.49,-86039.71,-80007.01,-166046.72,-102893.23,-27693.09,-130586.33,-146911.10,-16352.57,-293850.00,-459896.72,217343.05,83172.74,356563.02,-216783.10,139779.92
Hotel Titanium,2026,6,REAL,0,0,0.00,0.00,0.00,0.00,0.00,0.00,0.00,0.00,0.00,0.00,0.00,0.00,0.00,,0.00,0.00,0.00,0.00,0.00,0.00,0.00,0.00,0.00,0.00,0.00,0.00,0.00,0.00,0.00
Hotel Titanium,2026,7,BUDGET,6599,8300,1201718.26,4383.26,0.00,1206101.52,24819.25,40374.42,0.00,211364.04,2318.39,278876.11,31063.96,0.00,1516041.59,229.75,-80970.29,-173816.96,-254787.25,-100197.71,-26967.61,-127165.33,-138114.16,-7972.46,-273251.94,-528039.20,951314.27,5624.16,988002.39,-220886.97,767115.43
Hotel Titanium,2026,7,REAL,0,0,0.00,0.00,0.00,0.00,0.00,0.00,0.00,0.00,0.00,0.00,0.00,0.00,0.00,,0.00,0.00,0.00,0.00,0.00,0.00,0.00,0.00,0.00,0.00,0.00,0.00,0.00,0.00,0.00
Hotel Titanium,2026,8,BUDGET,8695,10253,1702564.58,5775.59,0.00,1708340.16,32703.01,53199.24,0.00,273695.83,3054.82,362652.90,40931.34,0.00,2111924.40,242.90,-108052.76,-239815.05,-347867.82,-132025.22,-35533.79,-167559.02,-171069.41,-10449.25,-349077.68,-696945.49,1360472.35,13575.23,1414978.91,-270393.50,1144585.42
Hotel Titanium,2026,8,REAL,0,0,0.00,0.00,0.00,0.00,0.00,0.00,0.00,0.00,0.00,0.00,0.00,0.00,0.00,,0.00,0.00,0.00,0.00,0.00,0.00,0.00,0.00,0.00,0.00,0.00,0.00,0.00,0.00,0.00
Hotel Titanium,2026,9,BUDGET,8877,10773,563169.55,5896.61,0.00,569066.17,33388.30,54314.01,0.00,378325.44,3118.83,469146.58,70766.14,0.00,1108978.89,124.93,-114022.78,-112402.78,-226425.57,-134791.77,-36278.39,-171070.17,-185488.54,-10716.06,-367274.77,-593700.33,342640.60,101871.82,515278.56,-253750.01,261528.55
Hotel Titanium,2026,9,REAL,0,0,0.00,0.00,0.00,0.00,0.00,0.00,0.00,0.00,0.00,0.00,0.00,0.00,0.00,,0.00,0.00,0.00,0.00,0.00,0.00,0.00,0.00,0.00,0.00,0.00,0.00,0.00,0.00,0.00
Hotel Titanium,2026,10,BUDGET,4862,8940,329354.89,3229.84,0.00,332584.72,18288.26,29750.21,0.00,198557.00,1708.32,248303.79,55679.60,0.00,636568.11,130.92,-100574.61,-58379.87,-158954.48,-73831.47,-19871.30,-93702.77,-150687.25,-6391.88,-250781.90,-409736.37,173630.25,-2478.11,226831.74,-235183.79,-8352.05
Hotel Titanium,2026,10,REAL,0,0,0.00,0.00,0.00,0.00,0.00,0.00,0.00,0.00,0.00,0.00,0.00,0.00,0.00,,0.00,0.00,0.00,0.00,0.00,0.00,0.00,0.00,0.00,0.00,0.00,0.00,0.00,0.00,0.00
Hotel Titanium,2026,11,BUDGET,0,0,0.00,0.00,0.00,0.00,0.00,0.00,0.00,0.00,0.00,0.00,0.00,0.00,0.00,,-1673.57,0.00,-1673.57,0.00,0.00,0.00,-3470.27,-1116.00,-4586.27,-6259.84,-1673.57,-4586.27,-6259.84,-80962.62,-87222.47
Hotel Titanium,2026,11,REAL,0,0,0.00,0.00,0.00,0.00,0.00,0.00,0.00,0.00,0.00,0.00,0.00,0.00,0.00,,0.00,0.00,0.00,0.00,0.00,0.00,0.00,0.00,0.00,0.00,0.00,0.00,0.00,0.00,0.00
Hotel Titanium,2026,12,BUDGET,0,0,0.00,0.00,0.00,0.00,0.00,0.00,0.00,0.00,0.00,0.00,0.00,0.00,0.00,,-226.60,0.00,-226.60,0.00,0.00,0.00,-793.10,0.00,-793.10,-1019.70,-226.60,-793.10,-1019.70,-76721.31,-77741.01
Hotel Titanium,2026,12,REAL,0,0,0.00,0.00,0.00,0.00,0.00,0.00,0.00,0.00,0.00,0.00,0.00,0.00,0.00,,0.00,0.00,0.00,0.00,0.00,0.00,0.00,0.00,0.00,0.00,0.00,0.00,0.00,0.00,0.00
Hotel Ulises,2025,1,BUDGET,0,0,0.00,0.00,0.00,0.00,0.00,0.00,0.00,0.00,0.00,0.00,0.00,10436.91,10436.91,,0.00,0.00,0.00,0.00,0.00,0.00,-7735.34,0.00,-7735.34,-7735.34,0.00,-7735.34,2701.57,-55941.98,-53240.41
Hotel Ulises,2025,1,REAL,0,0,0.00,0.00,0.00,0.00,0.00,0.00,0.00,0.00,0.00,0.00,0.00,9168.87,9168.87,,0.00,-1042.58,-1042.58,0.00,0.00,0.00,-5159.41,-10.93,-5170.34,-6212.92,-1042.58,-5170.34,2955.95,-43525.35,-40569.39
Hotel Ulises,2025,2,BUDGET,0,0,0.00,0.00,0.00,0.00,0.00,0.00,0.00,0.00,0.00,0.00,0.00,0.00,0.00,,-20.20,0.00,-20.20,0.00,0.00,0.00,-7306.63,0.00,-7306.63,-7326.83,-20.20,-7306.63,-7326.83,-59880.80,-67207.63
Hotel Ulises,2025,2,REAL,0,0,-943.62,0.00,0.00,-943.62,0.00,0.00,0.00,0.00,0.00,0.00,0.00,0.00,-943.62,,0.00,-1798.06,-1798.06,-480.19,0.00,-480.19,-6085.51,-716.28,-7281.98,-9080.05,-2741.69,-7281.98,-10023.67,-76216.57,-86240.24
Hotel Ulises,2025,3,BUDGET,0,0,0.00,0.00,0.00,0.00,0.00,0.00,0.00,0.00,0.00,0.00,0.00,165.98,165.98,,-21449.32,-2103.03,-23552.35,0.00,0.00,0.00,-13012.79,-307.02,-13319.81,-36872.16,-23552.35,-13319.81,-36706.18,-82847.17,-119553.35
Hotel Ulises,2025,3,REAL,0,0,0.00,0.00,0.00,0.00,0.00,0.00,0.00,0.00,0.00,0.00,337.90,0.00,337.90,,-14419.30,-4220.23,-18639.54,46.25,185.29,231.53,-10967.89,-6791.13,-17527.49,-36167.02,-18639.54,-17527.49,-35829.12,-74308.84,-110137.97
Hotel Ulises,2025,4,BUDGET,3869,5647,426777.78,4573.80,0.00,431351.58,7753.00,15109.07,0.00,197750.20,1575.00,222187.27,3488.25,2463.15,659490.24,170.43,-95709.19,-82918.90,-178628.08,-54926.54,-22383.50,-77310.05,-134257.79,-15464.88,-227032.72,-405660.80,252723.50,-4845.45,253829.45,-188137.95,65691.49
Hotel Ulises,2025,4,REAL,4145,5647,401587.83,2991.39,0.00,404579.22,5122.08,12119.71,0.00,223410.50,171.81,240824.10,1291.76,686.55,647381.64,156.17,-102033.59,-70638.80,-172672.39,-65549.46,-25850.25,-91399.71,-138291.79,-8252.70,-237944.20,-410616.59,231906.83,2879.91,236765.05,-176111.43,60653.62
Hotel Ulises,2025,5,BUDGET,4285,5095,569406.98,4549.12,0.00,573956.10,6632.02,12513.48,0.00,230983.43,643.50,250772.44,3967.99,1071.06,829767.59,193.66,-91468.44,-85327.86,-176796.30,-61373.11,-24756.44,-86129.55,-123389.31,-11852.97,-221371.83,-398168.13,397159.80,29400.61,431599.46,-166242.03,265357.43
Hotel Ulises,2025,5,REAL,3383,4734,438402.98,3734.38,0.00,442137.36,3788.33,9577.37,0.00,186095.64,289.39,199750.72,3573.51,505.99,645967.59,190.95,-79923.91,-53341.08,-133264.99,-46064.14,-20627.15,-66691.30,-114401.76,-4427.79,-185520.84,-318785.83,308872.37,14229.88,327181.75,-146166.92,181014.83
Hotel Ulises,2025,6,BUDGET,4593,5528,945016.72,7205.43,0.00,952222.15,7438.20,16139.08,0.00,251167.47,1809.30,276554.05,4330.06,322.88,1233429.14,268.53,-105547.09,-113066.04,-218613.13,-55485.01,-28852.59,-84337.60,-153450.95,-7290.55,-245079.09,-463692.23,733609.02,31474.96,769736.91,-191521.87,578215.04
Hotel Ulises,2025,6,REAL,3519,4183,716986.33,4754.48,0.00,721740.80,5741.36,12122.58,3003.34,195259.34,634.97,216761.60,4674.89,457.36,943634.66,268.17,-83537.31,-88727.27,-172264.58,-43000.46,-22044.29,-65044.74,-120532.47,-5806.66,-191383.87,-363648.45,549476.22,25377.73,579986.21,-142217.90,437768.31
Hotel Ulises,2025,7,BUDGET,3623,3962,889307.26,4404.34,0.00,893711.60,7407.01,13618.75,0.00,203396.89,2310.00,226732.65,3478.36,1814.80,1125737.40,310.73,-76081.72,-96996.66,-173078.38,-45894.57,-23531.89,-69426.46,-106753.44,-5133.63,-181313.53,-354391.90,720633.22,45419.12,771345.50,-141010.12,630335.38
Hotel Ulises,2025,7,REAL,5460,6072,1294469.22,4373.03,0.00,1298842.25,9645.49,16352.40,0.00,309230.51,2303.10,337531.50,6921.92,642.49,1643938.15,301.10,-119920.31,-141536.36,-261456.67,-59950.10,-33316.27,-93266.37,-164676.23,-6752.60,-264695.20,-526151.88,1037385.58,72836.29,1117786.27,-224492.50,893293.77
Hotel Ulises,2025,8,BUDGET,5090,5403,1351341.64,3654.00,0.00,1354995.64,11900.49,19343.06,0.00,282394.98,8190.00,321828.53,4846.30,956.42,1682626.88,330.55,-104899.42,-143160.56,-248059.98,-67899.46,-35543.06,-103442.52,-145454.31,-5860.00,-254756.84,-502816.82,1106935.65,67071.69,1179810.06,-198033.46,981776.60
Hotel Ulises,2025,8,REAL,4535,4786,1114915.13,3316.78,0.00,1118231.91,6690.72,16955.13,0.00,257056.40,1198.44,281900.69,5402.44,506.37,1406041.41,310.06,-98804.38,-128469.44,-227273.82,-52921.37,-29903.34,-82824.71,-135131.45,-6737.78,-224693.94,-451967.76,890958.09,57206.75,954073.65,-170733.97,783339.68
Hotel Ulises,2025,9,BUDGET,4009,4233,773334.49,2010.25,0.00,775344.74,7917.64,11957.28,0.00,225559.23,1921.00,247355.15,3831.21,123.15,1026654.25,256.06,-85432.77,-91678.31,-177111.07,-52543.06,-26548.36,-79091.42,-117452.20,-4578.29,-201121.91,-378232.98,598233.67,46233.24,648421.27,-151115.80,497305.46
Hotel Ulises,2025,9,REAL,4645,4930,844209.98,2484.09,0.00,846694.06,8811.75,14391.11,0.00,260457.53,1206.91,284867.29,3964.77,539.04,1136065.16,244.57,-105033.52,-83831.55,-188865.06,-56606.12,-30966.98,-87573.10,-144381.56,-7309.55,-239264.21,-428129.27,657829.00,45603.08,707935.89,-163535.08,544400.81
Hotel Ulises,2025,10,BUDGET,3263,4014,390420.87,3026.40,0.00,393447.27,3448.46,5771.93,0.00,178159.96,4446.00,191826.35,2998.98,2186.25,590458.85,180.97,-67524.77,-63563.64,-131088.40,-46229.46,-23786.12,-70015.59,-99873.04,-4771.40,-174660.02,-305748.43,262358.87,17166.33,284710.42,-132467.74,152242.68
Hotel Ulises,2025,10,REAL,3904,4528,405870.56,3684.07,0.00,409554.63,7941.26,9543.53,0.00,219110.50,112.00,236707.29,1859.61,479.14,648600.67,166.15,-84417.13,-48906.41,-133323.55,-39513.75,-22529.29,-62043.04,-124785.28,-7645.78,-194474.10,-327797.65,276231.08,42233.19,320803.02,-136993.63,183809.39
Hotel Ulises,2025,11,BUDGET,19,171,2724.35,0.00,0.00,2724.35,0.00,0.00,0.00,0.00,0.00,0.00,0.00,0.00,2724.35,146.94,-10515.91,-173.62,-10689.53,0.00,0.00,0.00,-23724.46,-2334.67,-26059.13,-36748.66,-7965.18,-26059.13,-34024.31,-58298.35,-92322.65
Hotel Ulises,2025,11,REAL,41,322,9539.14,17.63,0.00,9556.78,-858.94,8.74,0.00,2164.70,925.91,2240.41,2070.51,316.22,14183.92,348.16,-7183.35,-10254.73,-17438.09,-16860.26,-8030.20,-24890.46,-15145.42,-2965.13,-43001.01,-60439.10,-7881.31,-40760.60,-46255.18,-64007.96,-110263.14
Hotel Ulises,2025,12,BUDGET,0,0,0.00,0.00,0.00,0.00,0.00,0.00,0.00,0.00,0.00,0.00,0.00,69129.88,69129.88,,0.00,0.00,0.00,0.00,0.00,0.00,-5816.71,0.00,-5816.71,-5816.71,0.00,-5816.71,63313.17,-40897.30,22415.87
Hotel Ulises,2025,12,REAL,0,0,581.18,0.00,0.00,581.18,0.00,0.00,0.00,0.00,0.00,0.00,0.00,95655.45,96236.63,,0.00,-4659.39,-4659.39,-457.87,-102.33,-560.20,-5699.79,-1351.35,-7611.34,-12270.73,-4078.21,-7611.34,83965.90,-39192.93,44772.97
Hotel Ulises,2026,1,BUDGET,0,0,9290.28,0.00,0.00,9290.28,0.00,0.00,0.00,0.00,0.00,0.00,0.00,9949.20,19239.48,,0.00,0.00,0.00,0.00,0.00,0.00,0.00,0.00,0.00,0.00,9290.28,0.00,19239.48,-5927.27,13312.22
Hotel Ulises,2026,1,REAL,0,0,10656.50,0.00,0.00,10656.50,0.00,0.00,0.00,0.00,0.00,0.00,0.00,11412.32,22068.82,,0.00,-339.46,-339.46,0.00,0.00,0.00,-2790.66,-117.00,-2907.66,-3247.12,10317.04,-2907.66,18821.70,-7491.64,11330.06
Hotel Ulises,2026,2,BUDGET,0,0,0.00,0.00,0.00,0.00,0.00,0.00,0.00,0.00,0.00,0.00,0.00,0.00,0.00,,0.00,0.00,0.00,0.00,0.00,0.00,0.00,0.00,0.00,0.00,0.00,0.00,0.00,-6269.49,-6269.49
Hotel Ulises,2026,2,REAL,0,0,-3875.61,0.00,0.00,-3875.61,0.00,0.00,0.00,0.00,0.00,0.00,0.00,0.00,-3875.61,,-53.98,61.40,7.43,0.00,0.00,0.00,-2588.54,0.00,-2588.54,-2581.11,-3868.19,-2588.54,-6456.73,-8843.50,-15300.23
Hotel Ulises,2026,3,BUDGET,0,0,0.00,0.00,0.00,0.00,0.00,0.00,0.00,0.00,0.00,0.00,0.00,0.00,0.00,,0.00,0.00,0.00,-1236.34,0.00,-1236.34,0.00,0.00,-1236.34,-1236.34,0.00,-1236.34,-1236.34,-17201.59,-18437.93
Hotel Ulises,2026,3,REAL,0,0,0.00,0.00,0.00,0.00,0.00,0.00,0.00,0.00,0.00,0.00,0.00,0.00,0.00,,-196.46,0.00,-196.46,-1151.80,0.00,-1151.80,-2329.22,0.00,-3481.02,-3677.49,-196.46,-3481.02,-3677.49,-14244.70,-17922.18
Hotel Ulises,2026,4,BUDGET,0,0,0.00,0.00,0.00,0.00,0.00,0.00,0.00,0.00,0.00,0.00,0.00,0.00,0.00,,-32854.03,0.00,-32854.03,0.00,0.00,0.00,-45920.87,0.00,-45920.87,-78774.90,-32854.03,-45920.87,-78774.90,-14652.15,-93427.04
Hotel Ulises,2026,4,REAL,0,0,0.00,0.00,0.00,0.00,0.00,0.00,0.00,0.00,0.00,0.00,0.00,0.00,0.00,,0.00,0.00,0.00,0.00,0.00,0.00,0.00,0.00,0.00,0.00,0.00,0.00,0.00,-1923.80,-1923.80
Hotel Ulises,2026,5,BUDGET,0,0,0.00,0.00,0.00,0.00,0.00,0.00,0.00,0.00,0.00,0.00,0.00,0.00,0.00,,-36545.50,0.00,-36545.50,0.00,0.00,0.00,-51080.51,0.00,-51080.51,-87626.01,-36545.50,-51080.51,-87626.01,-16298.45,-103924.47
Hotel Ulises,2026,5,REAL,0,0,0.00,0.00,0.00,0.00,0.00,0.00,0.00,0.00,0.00,0.00,0.00,0.00,0.00,,0.00,0.00,0.00,0.00,0.00,0.00,0.00,0.00,0.00,0.00,0.00,0.00,0.00,0.00,0.00
Hotel Ulises,2026,6,BUDGET,0,0,0.00,0.00,0.00,0.00,0.00,0.00,0.00,0.00,0.00,0.00,0.00,0.00,0.00,,-31746.59,0.00,-31746.59,0.00,0.00,0.00,-44372.97,0.00,-44372.97,-76119.57,-31746.59,-44372.97,-76119.57,-14158.25,-90277.82
Hotel Ulises,2026,6,REAL,0,0,0.00,0.00,0.00,0.00,0.00,0.00,0.00,0.00,0.00,0.00,0.00,0.00,0.00,,0.00,0.00,0.00,0.00,0.00,0.00,0.00,0.00,0.00,0.00,0.00,0.00,0.00,0.00,0.00
Hotel Ulises,2026,7,BUDGET,0,0,0.00,0.00,0.00,0.00,0.00,0.00,0.00,0.00,0.00,0.00,0.00,0.00,0.00,,-31008.30,0.00,-31008.30,0.00,0.00,0.00,-43341.04,0.00,-43341.04,-74349.34,-31008.30,-43341.04,-74349.34,-13651.17,-88000.52
Hotel Ulises,2026,7,REAL,0,0,0.00,0.00,0.00,0.00,0.00,0.00,0.00,0.00,0.00,0.00,0.00,0.00,0.00,,0.00,0.00,0.00,0.00,0.00,0.00,0.00,0.00,0.00,0.00,0.00,0.00,0.00,0.00,0.00
Hotel Ulises,2026,8,BUDGET,0,0,0.00,0.00,0.00,0.00,0.00,0.00,0.00,0.00,0.00,0.00,0.00,0.00,0.00,,-46512.45,0.00,-46512.45,0.00,0.00,0.00,-65011.56,0.00,-65011.56,-111524.01,-46512.45,-65011.56,-111524.01,-20476.76,-132000.77
Hotel Ulises,2026,8,REAL,0,0,0.00,0.00,0.00,0.00,0.00,0.00,0.00,0.00,0.00,0.00,0.00,0.00,0.00,,0.00,0.00,0.00,0.00,0.00,0.00,0.00,0.00,0.00,0.00,0.00,0.00,0.00,0.00,0.00
Hotel Ulises,2026,9,BUDGET,0,0,0.00,0.00,0.00,0.00,0.00,0.00,0.00,0.00,0.00,0.00,0.00,0.00,0.00,,-38760.38,0.00,-38760.38,0.00,0.00,0.00,-54176.30,0.00,-54176.30,-92936.68,-38760.38,-54176.30,-92936.68,-17063.96,-110000.64
Hotel Ulises,2026,9,REAL,0,0,0.00,0.00,0.00,0.00,0.00,0.00,0.00,0.00,0.00,0.00,0.00,0.00,0.00,,0.00,0.00,0.00,0.00,0.00,0.00,0.00,0.00,0.00,0.00,0.00,0.00,0.00,0.00,0.00
Hotel Ulises,2026,10,BUDGET,0,0,0.00,0.00,0.00,0.00,0.00,0.00,0.00,0.00,0.00,0.00,0.00,0.00,0.00,,-33223.18,0.00,-33223.18,0.00,0.00,0.00,-46436.83,0.00,-46436.83,-79660.01,-33223.18,-46436.83,-79660.01,-14381.70,-94041.72
Hotel Ulises,2026,10,REAL,0,0,0.00,0.00,0.00,0.00,0.00,0.00,0.00,0.00,0.00,0.00,0.00,0.00,0.00,,0.00,0.00,0.00,0.00,0.00,0.00,0.00,0.00,0.00,0.00,0.00,0.00,0.00,0.00,0.00
Hotel Ulises,2026,11,BUDGET,0,0,0.00,0.00,0.00,0.00,0.00,0.00,0.00,0.00,0.00,0.00,0.00,0.00,0.00,,0.00,0.00,0.00,0.00,0.00,0.00,0.00,0.00,0.00,0.00,0.00,0.00,0.00,-6813.64,-6813.64
Hotel Ulises,2026,11,REAL,0,0,0.00,0.00,0.00,0.00,0.00,0.00,0.00,0.00,0.00,0.00,0.00,0.00,0.00,,0.00,0.00,0.00,0.00,0.00,0.00,0.00,0.00,0.00,0.00,0.00,0.00,0.00,0.00,0.00
Hotel Ulises,2026,12,BUDGET,0,0,0.00,0.00,0.00,0.00,0.00,0.00,0.00,0.00,0.00,0.00,0.00,0.00,0.00,,0.00,0.00,0.00,0.00,0.00,0.00,0.00,0.00,0.00,0.00,0.00,0.00,0.00,-5153.18,-5153.18
Hotel Ulises,2026,12,REAL,0,0,0.00,0.00,0.00,0.00,0.00,0.00,0.00,0.00,0.00,0.00,0.00,0.00,0.00,,0.00,0.00,0.00,0.00,0.00,0.00,0.00,0.00,0.00,0.00,0.00,0.00,0.00,0.00,0.00
Hotel Vega,2025,1,BUDGET,45589,52516,9246135.08,104281.40,0.00,9350416.48,79059.72,0.00,109395.00,3388964.91,13383.33,3590802.95,384474.14,182975.95,13508669.52,296.31,-490814.57,-750048.54,-1240863.11,-1413234.75,-551059.83,-1964294.58,-879639.02,-209685.38,-3053618.98,-4294482.10,8109553.36,537183.97,9214187.42,-3121931.57,6092255.85
Hotel Vega,2025,1,REAL,69026,76611,12936982.42,100688.73,0.00,13037671.15,114421.66,697.54,172354.42,5205072.98,28348.37,5520894.97,560818.23,262186.05,19381570.40,280.79,-734259.60,-1273511.31,-2007770.91,-2091801.02,-879681.30,-2971482.32,-1284223.47,-250711.77,-4506417.56,-6514188.47,11029900.24,1014477.41,12867381.93,-4329107.57,8538274.36
Hotel Vega,2025,2,BUDGET,56069,63059,11561233.87,137874.69,0.00,11699108.56,103512.09,0.00,142786.80,4144991.68,16173.10,4407463.67,527292.28,237162.96,16871027.47,300.90,-656101.33,-976495.69,-1632597.02,-1731545.83,-675279.69,-2406825.52,-1169591.12,-261063.12,-3837479.76,-5470076.78,10066511.54,569983.91,11400950.69,-4150974.21,7249976.48
Hotel Vega,2025,2,REAL,45640,50224,9488940.30,70516.13,168.73,9559625.17,81523.43,562.56,113595.98,3477987.90,17439.27,3691109.14,341439.92,195370.85,13787545.08,302.09,-473263.84,-880690.01,-1353953.85,-1334043.53,-564286.74,-1898330.27,-839081.33,-170211.09,-2907622.69,-4261576.55,8205671.31,783486.45,9525968.53,-3509287.52,6016681.02
Hotel Vega,2025,3,BUDGET,62802,77847,13187102.37,186032.70,0.00,13373135.07,121433.34,0.00,162162.00,4717019.42,24877.58,5025492.34,464667.02,267635.77,19130930.21,304.62,-799243.87,-1209700.26,-2008944.13,-1972872.53,-771989.44,-2744861.98,-1410730.63,-296965.98,-4452558.59,-6461502.71,11364190.95,572933.76,12669427.49,-4905046.99,7764380.50
Hotel Vega,2025,3,REAL,57553,66726,11018416.73,99694.98,0.00,11118111.71,97353.07,138.38,138147.88,4319580.51,23199.97,4578419.80,363343.76,241764.06,16301639.33,283.24,-593502.35,-929115.19,-1522617.53,-1634986.88,-703198.12,-2338185.00,-1027386.70,-228782.18,-3594353.88,-5116971.41,9595494.18,984065.92,11184667.92,-4122087.17,7062580.75
Hotel Vega,2025,4,BUDGET,33482,39970,5566195.87,86941.43,0.00,5653137.30,57000.56,0.00,112460.40,2413781.08,11776.92,2595018.96,315532.27,167353.34,8731041.86,260.77,-466567.20,-634803.40,-1101370.60,-1021733.74,-411966.36,-1433700.10,-867957.28,-159430.95,-2461088.33,-3562458.93,4551766.70,133930.63,5168582.94,-3230042.16,1938540.77
Hotel Vega,2025,4,REAL,29362,35030,4572747.78,53429.90,119.00,4626296.68,39187.15,88.97,97234.36,2185513.75,12045.45,2334069.67,206513.99,148082.50,7314962.83,249.13,-406746.17,-548658.40,-955404.57,-903657.63,-384867.58,-1288525.20,-747677.81,-127991.04,-2164194.06,-3119598.64,3670892.11,169875.61,4195364.20,-2777793.73,1417570.47
Hotel Vega,2025,5,BUDGET,35989,51048,4645334.21,99711.70,0.00,4745045.91,61091.54,0.00,122265.00,2551982.46,15224.13,2750563.12,493237.05,199232.46,8188078.55,227.52,-552804.71,-678361.05,-1231165.76,-1088190.06,-486644.45,-1574834.51,-1058728.56,-174681.11,-2808244.17,-4039409.93,3513880.16,-57681.05,4148668.62,-4170475.02,-21806.40
Hotel Vega,2025,5,REAL,36561,47799,4198043.25,84594.97,104.74,4282742.97,60897.02,163.35,137428.64,2664515.24,12104.46,2875108.70,343221.10,195527.09,7696599.86,210.51,-566571.56,-619571.78,-1186143.34,-1139308.63,-549467.33,-1688775.96,-1023312.57,-156369.44,-2868457.97,-4054601.31,3096599.62,6650.73,3641998.55,-3870557.21,-228558.66
Hotel Vega,2025,6,BUDGET,34174,46706,5074575.15,103807.60,0.00,5178382.75,59011.58,0.00,115596.00,2519958.41,14876.75,2709442.75,325295.30,190255.77,8403376.56,245.90,-525148.02,-676618.21,-1201766.23,-1064087.29,-472411.58,-1536498.87,-1002047.56,-166450.51,-2704996.95,-3906763.18,3976616.52,4445.80,4496613.38,-3683217.88,813395.50
Hotel Vega,2025,6,REAL,26143,37275,3412551.80,71860.20,0.00,3484411.99,52834.24,158.88,93809.02,1955344.63,12267.67,2114414.44,303611.70,156542.83,6058980.97,231.77,-434240.55,-401151.57,-835392.12,-815298.20,-347652.62,-1162950.82,-830264.63,-90081.64,-2083297.10,-2918689.21,2649019.87,31117.35,3140291.75,-2736867.89,403423.87
Hotel Vega,2025,7,BUDGET,47081,57081,7555518.48,120799.53,0.00,7676318.01,108444.46,0.00,151105.50,3677109.53,25796.38,3962455.88,397242.03,237304.91,12273320.82,260.69,-629974.24,-905106.62,-1535080.86,-1560372.25,-682874.66,-2243246.91,-1203329.09,-224201.29,-3670777.29,-5205858.15,6141237.15,291678.59,7067462.68,-4493156.53,2574306.15
Hotel Vega,2025,7,REAL,32983,41766,4843786.87,76385.71,0.00,4920172.58,71143.05,70.31,88074.20,2537550.54,14324.33,2711162.42,227934.06,174343.41,8033612.47,243.57,-468831.69,-632197.83,-1101029.52,-1070254.01,-478920.52,-1549174.53,-827764.59,-133029.63,-2509968.74,-3610998.26,3819143.06,201193.68,4422614.21,-3114046.23,1308567.98
Hotel Vega,2025,8,BUDGET,28003,39446,4033199.43,65818.05,0.00,4099017.48,61400.84,0.00,99450.00,2063085.54,16514.93,2240451.30,309961.69,156540.91,6805971.37,243.04,-424314.56,-546724.11,-971038.67,-883565.72,-389773.51,-1273339.23,-818446.05,-139106.71,-2230891.99,-3201930.66,3127978.81,9559.31,3604040.72,-3059674.93,544365.79
Hotel Vega,2025,8,REAL,22849,38054,3337547.76,61509.71,86.49,3399143.97,41087.42,103.86,71936.57,1736436.76,11459.30,1861023.90,244208.70,128602.21,5632978.77,246.53,-403381.20,-460261.06,-863642.26,-720586.60,-321043.12,-1041629.72,-738819.09,-129779.74,-1910228.55,-2773870.81,2535501.71,-49204.65,2859107.96,-2691826.41,167281.56
Hotel Vega,2025,9,BUDGET,31225,51647,3421027.50,76101.25,0.00,3497128.75,68659.65,0.00,100912.50,2229358.27,5671.18,2404601.60,333114.54,201819.39,6436664.28,206.14,-556956.38,-604769.26,-1161725.65,-967065.18,-429591.69,-1396656.87,-1084026.21,-161592.29,-2642275.37,-3804001.01,2335403.10,-237673.77,2632663.26,-4012162.76,-1379499.49
Hotel Vega,2025,9,REAL,25784,48952,2801583.95,71280.21,0.00,2872864.16,53597.71,0.00,84405.73,1864939.42,5893.28,2008836.14,285034.78,163627.18,5330362.26,206.73,-525194.99,-179931.36,-705126.35,-780350.08,-359833.10,-1140183.17,-964617.59,-113779.91,-2218580.68,-2923707.03,2167737.81,-209744.54,2406655.23,-3400730.72,-994075.49
Hotel Vega,2025,10,BUDGET,28498,42694,3200776.63,66661.36,0.00,3267437.99,59946.25,0.00,80730.00,2023307.40,4536.95,2168520.60,280533.59,165126.25,5881618.43,206.39,-450462.75,-523019.74,-973482.50,-876838.82,-388439.35,-1265278.17,-882750.00,-141231.53,-2289259.70,-3262742.20,2293955.49,-120739.10,2618876.23,-3368198.74,-749322.51
Hotel Vega,2025,10,REAL,23272,36662,2565002.63,48907.31,1013.95,2614923.89,49855.38,3.09,99429.31,1664141.16,4071.15,1817500.09,237363.67,138314.76,4808102.41,206.61,-376060.35,-443597.93,-819658.28,-705771.52,-334583.83,-1040355.35,-682444.83,-134798.14,-1857598.32,-2677256.60,1795265.61,-40098.24,2130845.80,-2634826.26,-503980.46
Hotel Vega,2025,11,BUDGET,39788,48054,5751897.70,101781.61,0.00,5853679.31,82641.48,0.00,130197.60,2752093.31,5276.67,2970209.06,356437.98,198556.45,9378882.80,235.72,-543954.19,-766284.42,-1310238.60,-1185125.03,-523160.59,-1708285.62,-1040301.90,-188204.15,-2936791.67,-4247030.27,4543440.70,33417.39,5131852.53,-3878459.42,1253393.11
Hotel Vega,2025,11,REAL,45883,56587,6230815.08,88156.27,0.00,6318971.34,114624.82,93.53,136311.93,3266112.40,6828.44,3523971.12,397528.98,214038.44,10454509.89,227.85,-649172.66,-693138.11,-1342310.77,-1347197.71,-625780.23,-1972977.94,-1167467.94,-220464.81,-3360910.69,-4703221.47,4976660.57,163060.43,5751288.42,-4420129.39,1331159.03
Hotel Vega,2025,12,BUDGET,28970,35733,5333134.39,74210.29,0.00,5407344.68,70257.60,0.00,103603.50,2152568.61,4329.46,2330759.18,288730.61,706066.29,8732900.76,301.45,-399059.77,-641446.62,-1040506.38,-1048908.98,-467929.94,-1516838.92,-785315.88,-144607.63,-2446762.44,-3487268.82,4366838.30,-116003.26,5245631.95,-2781735.70,2463896.25
Hotel Vega,2025,12,REAL,55254,59401,10366232.47,119916.08,224.01,10486372.57,107843.75,72.01,173822.59,4113162.24,15456.67,4410357.26,531137.57,795407.49,16223274.89,293.61,-566243.58,-1378904.18,-1945147.76,-2165927.64,-1005145.09,-3171072.73,-1196990.00,-482505.29,-4850568.03,-6795715.79,8541224.81,-440210.76,9427559.10,-5369967.36,4057591.74
Hotel Vega,2026,1,BUDGET,45478,56562,10150666.92,94270.28,0.00,10244937.20,77028.22,0.00,141566.92,3488004.27,23284.53,3729883.94,540662.54,263325.60,14778809.27,324.96,-577195.16,-1093769.93,-1670965.09,-1513863.51,-641424.19,-2155287.70,-972799.24,-194888.47,-3322975.40,-4993940.49,8573972.11,406908.53,9784868.78,-3908395.15,5876473.63
Hotel Vega,2026,1,REAL,38633,46066,8642926.96,133030.73,151.17,8776108.86,94013.88,326.51,113933.46,2863494.75,20842.27,3092610.87,449355.93,248544.65,12566620.31,325.29,-501712.13,-759757.76,-1261469.89,-1241299.21,-498474.37,-1739773.58,-868274.76,-139214.09,-2747262.43,-4008732.32,7514638.97,345348.44,8557887.99,-3096855.96,5461032.04
Hotel Vega,2026,2,BUDGET,44999,58944,10315119.54,93614.55,0.00,10408734.09,88905.60,0.00,140480.36,3473293.36,21566.57,3724245.88,445542.19,278302.39,14856824.55,330.16,-620319.08,-1158998.68,-1779317.76,-1511961.00,-641553.81,-2153514.81,-1041672.91,-200075.27,-3395262.98,-5174580.74,8629416.33,328982.90,9682243.81,-4087761.82,5594481.99
Hotel Vega,2026,2,REAL,44460,51159,10349682.37,131329.25,107.10,10481118.71,101842.55,124.33,123586.24,3425291.56,21436.34,3672281.02,437339.84,267203.35,14857942.91,334.19,-593998.86,-976417.80,-1570416.67,-1485147.87,-638184.27,-2123332.13,-1009035.43,-229102.34,-3361469.90,-4931886.57,8910702.04,310811.12,9926056.35,-3525353.75,6400702.60
Hotel Vega,2026,3,BUDGET,59474,78189,13217802.83,120296.10,0.00,13338098.93,110096.85,0.00,170574.25,4551451.24,28645.51,4860767.86,606493.89,345881.98,19151242.66,322.01,-892260.80,-1414557.77,-2306818.57,-1956094.29,-830453.50,-2786547.80,-1476751.22,-257762.48,-4521061.50,-6827880.07,11031280.35,339706.37,12323362.59,-5309268.44,7014094.15
Hotel Vega,2026,3,REAL,62689,73264,14660887.57,190259.78,297.49,14851444.84,108398.47,34.40,173094.43,4678572.94,24841.52,4984941.76,737549.77,358862.98,20932799.35,333.91,-835797.38,-1326991.51,-2162788.90,-2015804.06,-836609.25,-2852413.30,-1371960.22,-280808.56,-4505182.09,-6667970.98,12688655.95,479759.67,14264828.37,-5130583.59,9134244.78
Hotel Vega,2026,4,BUDGET,53387,70304,10313648.90,122493.63,0.00,10436142.53,73396.13,0.00,154453.03,4034272.35,19133.73,4281255.23,567122.14,332702.07,15617221.96,292.53,-815455.92,-1139575.24,-1955031.17,-1775055.02,-751796.29,-2526851.31,-1353986.17,-234751.81,-4115589.29,-6070620.46,8481111.36,165665.95,9546601.51,-4712495.20,4834106.31
Hotel Vega,2026,4,REAL,0,0,4645897.64,88221.55,643.62,4734762.80,15344.11,37637.19,85404.82,4764608.54,13694.84,4916689.49,350884.88,114172.88,10116510.05,,-2992.38,-152996.92,-155989.30,-1129074.71,-445634.95,-1574709.66,-5063.08,-124958.12,-1704730.86,-1860720.15,4578773.51,3211958.63,8255789.90,-893487.20,7362302.70
Hotel Vega,2026,5,BUDGET,43355,62797,6515663.50,116169.22,0.00,6631832.73,74348.60,0.00,142899.10,3200318.29,12586.28,3430152.27,451214.62,282040.70,10795240.32,249.00,-685207.30,-876059.73,-1561267.03,-1394334.76,-594194.98,-1988529.73,-1148510.62,-187258.48,-3324298.83,-4885565.86,5070565.69,105853.44,5909674.46,-4011202.74,1898471.72
Hotel Vega,2026,5,REAL,0,0,0.00,0.00,0.00,0.00,0.00,0.00,0.00,0.00,0.00,0.00,0.00,0.00,0.00,,0.00,0.00,0.00,0.00,0.00,0.00,0.00,0.00,0.00,0.00,0.00,0.00,0.00,0.00,0.00
Hotel Vega,2026,6,BUDGET,34414,49451,5330947.07,106512.24,0.00,5437459.31,68870.22,0.00,98499.47,2620185.20,12881.06,2800435.95,384595.73,227463.69,8849954.69,257.16,-557690.15,-720514.83,-1278204.98,-1176720.28,-497503.41,-1674223.68,-934603.13,-154599.35,-2763426.16,-4041631.14,4159254.34,37009.79,4808323.55,-3244457.55,1563866.00
Hotel Vega,2026,6,REAL,0,0,0.00,0.00,0.00,0.00,0.00,0.00,0.00,0.00,0.00,0.00,0.00,0.00,0.00,,0.00,0.00,0.00,0.00,0.00,0.00,0.00,0.00,0.00,0.00,0.00,0.00,0.00,0.00,0.00
Hotel Vega,2026,7,BUDGET,48843,63413,8542289.09,143032.44,0.00,8685321.54,109745.16,0.00,105835.83,3935773.14,17213.07,4168567.20,383336.43,311165.12,13548390.28,277.39,-710685.30,-1112838.59,-1823523.89,-1759254.97,-738279.22,-2497534.20,-1181651.57,-227735.08,-3906920.85,-5730444.73,6861797.65,261646.35,7817945.55,-4337155.77,3480789.78
Hotel Vega,2026,7,REAL,0,0,0.00,0.00,0.00,0.00,0.00,0.00,0.00,0.00,0.00,0.00,0.00,0.00,0.00,,0.00,0.00,0.00,0.00,0.00,0.00,0.00,0.00,0.00,0.00,0.00,0.00,0.00,0.00,0.00
Hotel Vega,2026,8,BUDGET,45536,67723,7692111.76,142974.14,0.00,7835085.90,82665.79,0.00,101325.29,3499924.17,16140.84,3700056.09,404036.66,309992.04,12249170.69,269.00,-726821.30,-971952.76,-1698774.05,-1613988.93,-675680.24,-2289669.17,-1229446.67,-207958.55,-3727074.38,-5425848.44,6136311.85,-27018.29,6823322.25,-4400527.96,2422794.29
Hotel Vega,2026,8,REAL,0,0,0.00,0.00,0.00,0.00,0.00,0.00,0.00,0.00,0.00,0.00,0.00,0.00,0.00,,0.00,0.00,0.00,0.00,0.00,0.00,0.00,0.00,0.00,0.00,0.00,0.00,0.00,0.00,0.00
Hotel Vega,2026,9,BUDGET,37948,62559,5318910.05,105417.15,0.00,5424327.20,65245.07,0.00,96739.53,2689826.22,5961.94,2857772.75,368131.51,262206.42,8912437.88,234.86,-685141.60,-716016.98,-1401158.58,-1220315.38,-518422.13,-1738737.51,-1141743.16,-162825.70,-3043306.37,-4444464.95,4023168.62,-185533.62,4467972.93,-3893522.42,574450.52
Hotel Vega,2026,9,REAL,0,0,0.00,0.00,0.00,0.00,0.00,0.00,0.00,0.00,0.00,0.00,0.00,0.00,0.00,,0.00,0.00,0.00,0.00,0.00,0.00,0.00,0.00,0.00,0.00,0.00,0.00,0.00,0.00,0.00
Hotel Vega,2026,10,BUDGET,41308,62182,5891853.46,126039.45,0.00,6017892.91,74959.59,0.00,103669.87,3016705.08,5734.82,3201069.36,371650.40,259570.10,9850182.77,238.46,-667062.99,-806272.59,-1473335.57,-1334029.55,-565997.61,-1900027.16,-1121298.63,-178123.62,-3199449.41,-4672784.99,4544557.34,1619.95,5177397.79,-3899876.84,1277520.94
Hotel Vega,2026,10,REAL,0,0,0.00,0.00,0.00,0.00,0.00,0.00,0.00,0.00,0.00,0.00,0.00,0.00,0.00,,0.00,0.00,0.00,0.00,0.00,0.00,0.00,0.00,0.00,0.00,0.00,0.00,0.00,0.00,0.00
Hotel Vega,2026,11,BUDGET,53901,69709,8813686.23,163538.51,0.00,8977224.74,108086.87,0.00,142106.45,3961331.37,6643.30,4218168.00,481102.27,315322.32,13991817.33,259.58,-806137.41,-1245732.13,-2051869.54,-1715856.42,-724316.75,-2440173.17,-1343123.20,-225738.45,-4009034.82,-6060904.36,6925355.20,209133.17,7930912.97,-4653964.63,3276948.35
Hotel Vega,2026,11,REAL,0,0,0.00,0.00,0.00,0.00,0.00,0.00,0.00,0.00,0.00,0.00,0.00,0.00,0.00,,0.00,0.00,0.00,0.00,0.00,0.00,0.00,0.00,0.00,0.00,0.00,0.00,0.00,0.00,0.00
Hotel Vega,2026,12,BUDGET,60638,72648,13612827.80,171002.45,0.00,13783830.25,152062.93,0.00,154330.07,4587125.55,8382.49,4901901.03,584850.93,331325.59,19601907.81,323.26,-837923.13,-1465574.60,-2303497.73,-2301496.90,-980714.31,-3282211.21,-1366720.29,-261066.14,-4909997.65,-7213495.38,11480332.52,-8096.61,12388412.43,-5180052.79,7208359.64
Hotel Vega,2026,12,REAL,0,0,0.00,0.00,0.00,0.00,0.00,0.00,0.00,0.00,0.00,0.00,0.00,0.00,0.00,,0.00,0.00,0.00,0.00,0.00,0.00,0.00,0.00,0.00,0.00,0.00,0.00,0.00,0.00,0.00
Hotel Windrose,2025,1,BUDGET,11428,14387,1872704.50,80251.94,0.00,1952956.44,15090.33,11689.18,0.00,770905.12,5203.06,802887.68,152363.55,33969.35,2942177.01,257.46,-198053.27,-241263.15,-439316.41,-307093.95,-127419.23,-434513.18,-318720.62,-35135.00,-788368.80,-1227685.21,1513640.03,14518.88,1714491.81,-901007.58,813484.23
Hotel Windrose,2025,1,REAL,12249,14545,1974878.94,63593.57,0.00,2038472.51,10106.93,14868.10,1539.29,826787.13,5887.44,859188.88,165739.27,38912.33,3102312.99,253.27,-201491.97,-245702.21,-447194.18,-282240.93,-127187.92,-409428.85,-318888.96,-24776.97,-753094.78,-1200288.96,1591278.33,106094.10,1902024.04,-847697.18,1054326.85
Hotel Windrose,2025,2,BUDGET,15749,18421,2914556.45,104423.98,0.00,3018980.43,35631.96,21100.34,0.00,1061359.24,9554.77,1127646.31,184639.91,47451.24,4378717.89,278.02,-284970.56,-347050.73,-632021.30,-422797.82,-175427.01,-598224.82,-454857.45,-51676.51,-1104758.78,-1736780.08,2386959.13,22887.53,2641937.81,-1285687.53,1356250.27
Hotel Windrose,2025,2,REAL,11808,13852,2040101.60,52628.91,0.00,2092730.51,8750.51,22626.82,2766.79,781137.47,6447.77,821729.36,177569.56,36191.51,3128220.95,264.93,-204104.79,-248228.50,-452333.29,-272241.98,-110588.93,-382830.92,-318810.33,-40845.53,-742486.77,-1194820.06,1640397.22,79242.59,1933400.89,-974158.11,959242.78
Hotel Windrose,2025,3,BUDGET,9364,12332,1760641.71,71249.03,0.00,1831890.74,20790.75,9940.62,0.00,672257.98,7763.36,710752.71,134743.20,29351.23,2706737.88,289.06,-171298.70,-215811.03,-387109.73,-267797.36,-111114.32,-378911.68,-272529.19,-30192.68,-681633.55,-1068743.28,1444781.01,29119.17,1637994.61,-775527.67,862466.93
Hotel Windrose,2025,3,REAL,11642,14229,1886723.00,44118.58,0.00,1930841.57,16352.93,17961.53,2319.64,817557.42,4698.66,858890.18,168019.69,35942.03,2993693.47,257.16,-211268.40,-266662.75,-477931.15,-296917.43,-118802.66,-415720.10,-321122.80,-27042.25,-763885.14,-1241816.29,1452910.42,95005.04,1751877.18,-970369.38,781507.80
Hotel Windrose,2025,4,BUDGET,14031,18666,2557108.00,94088.34,0.00,2651196.34,29075.95,13833.40,0.00,1002552.09,8970.80,1054432.24,150231.76,44818.03,3900678.36,278.01,-264520.44,-311048.89,-575569.32,-399371.69,-165707.05,-565078.75,-425527.02,-46253.62,-1036859.38,-1612428.70,2075627.02,17572.86,2288249.66,-1265934.07,1022315.58
Hotel Windrose,2025,4,REAL,10216,13923,1606939.64,54082.03,0.00,1661021.67,17047.79,19217.73,925.62,749640.72,8502.12,795333.98,132287.38,34831.30,2623474.33,256.81,-195690.12,-235116.25,-430806.37,-279850.61,-113428.01,-393278.62,-300072.70,-32408.66,-725759.98,-1156566.35,1230215.30,69574.00,1466907.98,-825552.52,641355.46
Hotel Windrose,2025,5,BUDGET,11665,16917,1639303.48,70877.35,0.00,1710180.83,17998.66,14564.31,0.00,819899.07,11609.04,864071.08,173319.62,37988.15,2785559.67,238.79,-227905.13,-245810.87,-473716.00,-326610.94,-135517.21,-462128.15,-360518.22,-39416.32,-862062.68,-1335778.68,1236464.84,2008.39,1449780.99,-1086555.17,363225.82
Hotel Windrose,2025,5,REAL,9412,12806,1137491.43,55328.35,0.00,1192819.78,11112.32,13315.35,496.22,682707.86,5356.20,712987.94,146033.12,30385.94,2082226.78,221.23,-185427.31,-141811.04,-327238.35,-270288.25,-104280.62,-374568.87,-301409.25,-34140.75,-710118.87,-1037357.22,865581.43,2869.07,1044869.57,-840302.43,204567.14
Hotel Windrose,2025,6,BUDGET,8266,11475,1156505.44,49251.70,0.00,1205757.14,14753.55,9648.13,0.00,611424.94,8537.77,644364.39,97132.84,27431.95,1974686.32,238.89,-161266.10,-184990.61,-346256.70,-243564.21,-101059.51,-344623.73,-254303.27,-28259.41,-627186.41,-973443.12,859500.44,17177.98,1001243.21,-733348.57,267894.64
Hotel Windrose,2025,6,REAL,11249,15759,1364104.66,70048.61,0.00,1434153.27,13080.23,16523.42,603.74,821511.43,5517.90,857236.73,112889.14,40072.33,2444351.46,217.30,-243588.32,-140739.89,-384328.21,-303208.42,-122926.38,-426134.80,-365482.70,-85463.26,-877080.76,-1261408.97,1049825.06,-19844.04,1182942.50,-963620.98,219321.52
Hotel Windrose,2025,7,BUDGET,14312,16917,2343300.20,81248.15,0.00,2424548.35,26899.73,13252.20,0.00,1061068.26,6265.25,1107485.44,101432.25,43348.06,3676814.11,256.91,-238688.99,-317452.83,-556141.82,-422681.90,-175378.91,-598060.82,-378541.34,-44100.16,-1020702.31,-1576844.13,1868406.53,86783.13,2099969.98,-1152713.55,947256.43
Hotel Windrose,2025,7,REAL,10356,13280,1586393.95,60259.55,0.00,1646653.50,17254.21,19108.56,-28.98,776898.15,8792.08,822024.03,109450.29,33915.83,2612043.66,252.22,-216524.72,-202406.92,-418931.64,-289988.33,-116710.40,-406698.73,-327942.51,-32830.34,-767471.58,-1186403.22,1227721.87,54552.45,1425640.44,-914097.69,511542.75
Hotel Windrose,2025,8,BUDGET,16610,20395,2227245.29,86918.49,0.00,2314163.78,14758.60,21135.17,0.00,1303859.24,11584.02,1351337.03,92110.55,52774.38,3810385.74,229.41,-280094.78,-362237.94,-642332.72,-519398.91,-215508.68,-734907.59,-452094.57,-53406.09,-1240408.26,-1882740.97,1671831.06,110928.77,1927644.76,-1338334.14,589310.62
Hotel Windrose,2025,8,REAL,9644,12016,1360489.45,52400.65,0.00,1412890.10,15031.64,15643.13,-6.55,715649.64,10574.47,756892.33,70313.72,30570.54,2270666.68,235.46,-197618.43,-235692.25,-433310.68,-268950.07,-108835.75,-377785.82,-309267.82,-29835.01,-716888.65,-1150199.33,979579.42,40003.68,1120467.35,-754095.61,366371.74
Hotel Windrose,2025,9,BUDGET,8203,11934,912217.47,64386.61,0.00,976604.08,9839.28,14090.41,0.00,570468.81,6320.84,600719.34,65160.62,27087.37,1669571.41,203.54,-158752.02,-162332.41,-321084.42,-227249.13,-94290.07,-321539.20,-262324.73,-39760.13,-623624.06,-944708.48,655519.66,-22904.72,724862.92,-780732.05,-55869.13
Hotel Windrose,2025,9,REAL,8624,13617,1011513.25,47264.19,0.00,1058777.43,14380.79,9917.83,-15.21,610846.92,5904.97,641035.30,81324.11,31907.69,1813044.54,210.23,-186754.57,-241744.91,-428499.47,-238520.69,-98176.47,-336697.16,-333626.62,-34746.82,-705070.60,-1133570.07,630277.96,-64035.30,679474.47,-844694.03,-165219.56
Hotel Windrose,2025,10,BUDGET,14153,18340,1598229.79,98946.51,0.00,1697176.29,11247.47,18471.95,0.00,989324.97,5504.63,1024549.00,160063.51,43431.04,2925219.85,206.69,-249362.07,-282324.89,-531686.96,-394102.60,-163520.81,-557623.40,-405297.20,-44788.62,-1007709.23,-1539396.19,1165489.33,16839.78,1385823.66,-1204914.92,180908.74
Hotel Windrose,2025,10,REAL,12728,18340,1611380.78,66374.41,0.00,1677755.19,15680.57,17206.30,0.23,898321.43,6116.46,937324.99,218977.07,42392.58,2876449.84,226.00,-295876.42,-257564.88,-553441.30,-347235.53,-142631.05,-489866.57,-440448.79,-49987.24,-980302.60,-1533743.90,1124313.89,-42977.61,1342705.94,-1098496.88,244209.06
Hotel Windrose,2025,11,BUDGET,9318,11475,1317852.91,60172.12,0.00,1378025.03,12873.41,18435.47,0.00,655098.22,3113.04,689520.14,127702.46,28423.67,2223671.30,238.65,-166591.20,-193321.56,-359912.76,-260961.69,-108278.06,-369239.75,-264625.79,-29257.63,-663123.17,-1023035.93,1018112.27,26396.97,1200635.37,-820821.88,379813.49
Hotel Windrose,2025,11,REAL,9557,12087,1536931.27,52426.33,0.00,1589357.60,19818.69,14558.18,47.65,674198.93,5990.38,714613.83,186409.19,30965.24,2521345.85,263.81,-197182.76,-150134.64,-347317.40,-257050.41,-105412.22,-362462.63,-301202.94,-26759.84,-690425.41,-1037742.82,1242040.20,24188.41,1483603.04,-747043.11,736559.93
Hotel Windrose,2025,12,BUDGET,16012,19921,2667211.16,107310.96,0.00,2774522.12,33003.69,47263.19,0.00,1130413.21,8835.34,1219515.43,170175.62,48416.27,4212629.44,263.09,-277801.60,-355606.69,-633408.29,-543009.01,-192794.43,-735803.44,-442423.11,-64483.48,-1242710.04,-1876118.33,2141113.83,-23194.61,2336511.11,-1229067.51,1107443.60
Hotel Windrose,2025,12,REAL,16309,20553,3267289.69,78445.93,0.00,3345735.62,46864.03,26277.30,67.00,1169249.82,12523.30,1254981.45,241240.14,60057.41,4902014.62,300.58,-325551.68,-380851.89,-706403.57,-541524.37,-184237.87,-725762.25,-511530.44,-75466.46,-1312759.14,-2019162.70,2639332.05,-57777.68,2882851.92,-1291291.16,1591560.76
Hotel Windrose,2026,1,BUDGET,12158,15968,1983840.04,75072.55,0.00,2058912.59,10657.81,16946.31,0.00,916988.33,6303.78,950896.22,163039.23,38630.19,3211478.23,264.14,-257457.11,-295228.68,-552685.79,-319855.90,-136487.45,-456343.34,-413478.01,-42862.32,-912683.67,-1465369.47,1506226.80,38212.54,1746108.76,-1062165.28,683943.48
Hotel Windrose,2026,1,REAL,13285,16601,2292159.31,58211.49,0.00,2350370.80,7834.90,26169.59,144.83,955162.03,11698.67,1001010.01,206137.14,46629.53,3604147.49,271.30,-291585.33,-352532.90,-644118.23,-347654.20,-138978.40,-486632.60,-453008.83,-62195.90,-1001837.33,-1645955.56,1706252.57,-827.32,1958191.94,-1136917.09,821274.85
Hotel Windrose,2026,2,BUDGET,14205,16708,2374370.64,87449.79,0.00,2461820.43,10893.94,31878.10,0.00,1028590.19,8540.00,1079902.24,186213.35,46793.56,3774729.58,265.73,-307674.41,-336633.00,-644307.41,-357777.47,-152793.13,-510570.60,-490645.79,-48698.26,-1049914.66,-1694222.07,1817513.02,29987.58,2080507.51,-1212911.38,867596.13
Hotel Windrose,2026,2,REAL,9699,12852,1843394.58,39267.35,0.00,1882661.93,10099.54,19893.50,170.68,670373.45,7189.64,707726.81,189484.56,40074.31,2819947.61,290.74,-237116.13,-220796.31,-457912.44,-263230.72,-111370.80,-374601.52,-356860.67,-50654.27,-782116.46,-1240028.90,1424749.49,-74389.65,1579918.71,-932851.88,647066.83
Hotel Windrose,2026,3,BUDGET,10847,14387,1727717.01,71040.91,0.00,1798757.92,16309.05,19852.79,0.00,852251.10,4709.15,893122.09,172444.00,38684.32,2903008.32,267.63,-225864.07,-267733.92,-493597.98,-299143.59,-127419.01,-426562.59,-366787.01,-38906.24,-832255.84,-1325853.83,1305159.93,60866.25,1577154.50,-962460.02,614694.48
Hotel Windrose,2026,3,REAL,9528,15020,1623663.50,62612.90,0.00,1686276.40,12576.33,14852.53,0.00,695226.19,8542.19,731197.24,164470.57,45079.97,2627024.18,275.73,-236178.45,-240620.39,-476798.83,-267063.11,-110893.71,-377956.82,-393260.74,-41311.09,-812528.64,-1289327.48,1209477.57,-81331.41,1337696.70,-1018368.28,319328.42
Hotel Windrose,2026,4,BUDGET,8916,11781,1586678.88,57095.77,0.00,1643774.65,15956.33,18607.60,0.00,733569.44,7907.94,776041.30,149733.16,31100.54,2600649.65,291.69,-193615.56,-230283.51,-423899.07,-258345.63,-109936.04,-368281.67,-310335.62,-33426.29,-712043.58,-1135942.65,1219875.58,63997.72,1464707.00,-818144.34,646562.66
Hotel Windrose,2026,4,REAL,0,0,1381760.69,27774.53,0.00,1409535.22,9111.68,11402.17,0.00,127211.76,5982.14,153707.75,100589.87,6967.78,1670800.62,,0.00,-34797.67,-34797.67,-199319.77,-79336.83,-278656.59,0.00,-11949.25,-290605.84,-325403.50,1374737.55,-136898.09,1345397.12,-188824.00,1156573.11
Hotel Windrose,2026,5,BUDGET,9239,13755,1323848.56,60358.01,0.00,1384206.57,11621.11,14448.75,0.00,741765.24,5336.45,773171.56,168661.14,31961.53,2358000.80,255.21,-206350.93,-212788.58,-419139.51,-262629.84,-111588.60,-374218.44,-338401.49,-36411.02,-749030.95,-1168170.46,965067.06,24140.61,1189830.34,-904884.76,284945.58
Hotel Windrose,2026,5,REAL,0,0,0.00,0.00,0.00,0.00,0.00,0.00,0.00,0.00,0.00,0.00,0.00,0.00,0.00,,0.00,0.00,0.00,0.00,0.00,0.00,0.00,0.00,0.00,0.00,0.00,0.00,0.00,0.00,0.00
Hotel Windrose,2026,6,BUDGET,13211,19431,1941597.97,89795.10,0.00,2031393.07,16908.39,21374.34,0.00,1053214.34,6686.74,1098183.81,166048.09,48196.49,3343821.46,253.12,-300231.09,-306802.31,-607033.40,-371460.28,-158004.40,-529464.68,-497561.90,-53211.44,-1080238.02,-1687271.42,1424359.67,17945.80,1656550.04,-1322001.51,334548.53
Hotel Windrose,2026,6,REAL,0,0,0.00,0.00,0.00,0.00,0.00,0.00,0.00,0.00,0.00,0.00,0.00,0.00,0.00,,0.00,0.00,0.00,0.00,0.00,0.00,0.00,0.00,0.00,0.00,0.00,0.00,0.00,0.00,0.00
Hotel Windrose,2026,7,BUDGET,9566,11858,1626016.73,59460.37,0.00,1685477.10,17056.09,18604.46,0.00,794285.41,8671.17,838617.12,119013.08,32524.25,2675631.55,279.72,-195695.62,-237032.18,-432727.80,-278952.29,-118799.64,-397751.93,-310875.19,-34761.90,-743389.02,-1176116.82,1252749.30,95228.10,1499514.73,-828545.76,670968.96
Hotel Windrose,2026,7,REAL,0,0,0.00,0.00,0.00,0.00,0.00,0.00,0.00,0.00,0.00,0.00,0.00,0.00,0.00,,0.00,0.00,0.00,0.00,0.00,0.00,0.00,0.00,0.00,0.00,0.00,0.00,0.00,0.00,0.00
Hotel Windrose,2026,8,BUDGET,10078,12648,1566699.47,58672.43,0.00,1625371.89,16838.00,17483.62,0.00,824662.20,11702.19,870686.01,106922.50,34243.93,2637224.34,261.69,-207601.24,-238639.64,-446240.88,-289480.28,-123300.45,-412780.73,-332444.62,-36488.90,-781714.26,-1227955.13,1179131.02,88971.76,1409269.21,-882069.52,527199.69
Hotel Windrose,2026,8,REAL,0,0,0.00,0.00,0.00,0.00,0.00,0.00,0.00,0.00,0.00,0.00,0.00,0.00,0.00,,0.00,0.00,0.00,0.00,0.00,0.00,0.00,0.00,0.00,0.00,0.00,0.00,0.00,0.00,0.00
Hotel Windrose,2026,9,BUDGET,10872,17748,1436288.79,63635.31,0.00,1499924.10,19398.31,13353.61,0.00,832871.19,7948.04,873571.16,120992.83,39604.05,2534092.14,233.09,-266882.44,-238977.87,-505860.31,-289926.75,-123787.60,-413714.35,-432325.14,-45740.51,-891779.99,-1397640.30,994063.79,-18208.83,1136451.84,-1160781.24,-24329.40
Hotel Windrose,2026,9,REAL,0,0,0.00,0.00,0.00,0.00,0.00,0.00,0.00,0.00,0.00,0.00,0.00,0.00,0.00,,0.00,0.00,0.00,0.00,0.00,0.00,0.00,0.00,0.00,0.00,0.00,0.00,0.00,0.00,0.00
Hotel Windrose,2026,10,BUDGET,12786,17707,1672431.66,70539.60,0.00,1742971.26,16819.44,19470.23,0.00,984315.24,6362.28,1026967.19,254056.02,42105.53,3066100.01,239.80,-274466.39,-275429.99,-549896.37,-341599.62,-145980.23,-487579.85,-438807.43,-46262.00,-972649.28,-1522545.66,1193074.89,54317.91,1543554.35,-1151000.95,392553.40
Hotel Windrose,2026,10,REAL,0,0,0.00,0.00,0.00,0.00,0.00,0.00,0.00,0.00,0.00,0.00,0.00,0.00,0.00,,0.00,0.00,0.00,0.00,0.00,0.00,0.00,0.00,0.00,0.00,0.00,0.00,0.00,0.00,0.00
Hotel Windrose,2026,11,BUDGET,10875,13311,1740481.05,71899.07,0.00,1812380.13,15948.12,22838.63,0.00,822418.63,3784.42,864989.80,210080.95,35045.27,2922496.15,268.73,-224387.66,-254703.47,-479091.12,-286166.41,-122198.15,-408364.56,-358037.46,-37372.98,-803775.00,-1282866.13,1333289.00,61214.80,1639630.02,-912459.72,727170.29
Hotel Windrose,2026,11,REAL,0,0,0.00,0.00,0.00,0.00,0.00,0.00,0.00,0.00,0.00,0.00,0.00,0.00,0.00,,0.00,0.00,0.00,0.00,0.00,0.00,0.00,0.00,0.00,0.00,0.00,0.00,0.00,0.00,0.00
Hotel Windrose,2026,12,BUDGET,13013,16126,2653582.93,94315.33,0.00,2747898.26,29558.11,42328.93,0.00,1000242.09,7611.95,1079741.09,205058.27,42350.02,4075047.64,313.15,-260599.54,-349388.51,-609988.05,-414566.95,-152786.41,-567353.37,-419495.98,-56575.75,-1043425.10,-1653413.15,2137910.21,36315.99,2421634.49,-1150790.48,1270844.00
Hotel Windrose,2026,12,REAL,0,0,0.00,0.00,0.00,0.00,0.00,0.00,0.00,0.00,0.00,0.00,0.00,0.00,0.00,,0.00,0.00,0.00,0.00,0.00,0.00,0.00,0.00,0.00,0.00,0.00,0.00,0.00,-1584.42,-1584.42
Hotel Xenon,2025,1,BUDGET,38190,44320,9817235.45,234095.69,0.00,10051331.14,102258.24,56214.39,153512.93,3131175.73,5562.52,3448723.81,559810.61,195483.41,14255348.98,373.27,-768153.85,-1048946.88,-1817100.74,-1254380.65,-499619.32,-1753999.97,-1224126.11,-166592.18,-3144718.26,-4961818.99,8234230.40,304005.56,9293529.98,-3129131.01,6164398.97
Hotel Xenon,2025,1,REAL,37616,43357,9399755.11,240006.30,4081.01,9643842.41,98316.48,52058.22,89071.39,3045553.43,6493.48,3291493.00,633994.21,190138.51,13759468.13,365.79,-701211.58,-974417.05,-1675628.63,-1097377.45,-421226.69,-1518604.15,-1126975.28,-131860.10,-2777439.52,-4453068.15,7968213.78,514053.48,9306399.98,-2568452.36,6737947.61
Hotel Xenon,2025,2,BUDGET,33584,39596,9152551.32,206775.45,0.00,9359326.77,91018.90,49487.65,126242.70,2730486.57,4878.26,3002114.08,516187.42,178877.88,13056506.16,388.77,-753759.97,-1135978.56,-1889738.53,-1091893.11,-438105.56,-1529998.66,-1210153.77,-151151.49,-2891303.92,-4781042.46,7469588.24,110810.16,8275463.71,-3233150.33,5042313.38
Hotel Xenon,2025,2,REAL,50269,55695,12050181.39,190695.77,4699.34,12245576.50,110624.64,81463.88,175709.56,4094640.46,7114.51,4469553.05,784238.05,259690.84,17759058.44,353.28,-952307.93,-1440390.39,-2392698.32,-1505526.34,-609862.21,-2115388.54,-1476176.68,-206450.23,-3798015.45,-6190713.77,9852878.18,671537.60,11568344.68,-4397167.10,7171177.57
Hotel Xenon,2025,3,BUDGET,39955,52028,10654456.33,246944.04,0.00,10901400.37,111182.19,59756.60,154946.75,3283217.15,5727.79,3614830.47,596376.10,216259.79,15328866.73,383.66,-850942.18,-1360934.94,-2211877.12,-1338241.43,-540488.30,-1878729.73,-1397175.97,-181414.68,-3457320.38,-5669197.50,8689523.25,157510.09,9659669.23,-4032297.88,5627371.36
Hotel Xenon,2025,3,REAL,44499,51646,10777696.67,144245.27,3471.59,10925413.53,101674.42,59814.71,153006.86,3609596.30,5216.04,3929308.33,618573.78,211342.73,15684638.38,352.47,-840541.60,-1495946.05,-2336487.65,-1417340.70,-559543.11,-1976883.82,-1283992.04,-188244.76,-3449120.61,-5785608.27,8588925.88,480187.72,9899030.11,-3656990.62,6242039.49
Hotel Xenon,2025,4,BUDGET,40378,49417,8914597.50,246650.06,0.00,9161247.56,110444.94,59894.03,168817.24,3306718.82,5855.71,3651730.74,579946.65,213791.05,13606716.00,336.99,-851752.94,-1111648.94,-1963401.88,-1334572.92,-538336.28,-1872909.20,-1388300.44,-180007.53,-3441217.17,-5404619.05,7197845.68,210513.57,8202096.94,-3982413.73,4219683.21
Hotel Xenon,2025,4,REAL,50321,59789,10669002.55,225620.19,3969.02,10898591.76,121958.63,69783.24,164663.56,4190467.01,10350.21,4557222.66,592924.31,259460.57,16308199.30,324.09,-981104.59,-1233533.45,-2214638.04,-1577438.62,-630028.70,-2207467.32,-1589182.05,-196717.75,-3993367.12,-6208005.16,8683953.72,563855.54,10100194.14,-4391974.73,5708219.40
Hotel Xenon,2025,5,BUDGET,30748,41911,6266742.14,189525.40,0.00,6456267.54,84066.07,46169.52,117713.44,2472426.10,4399.58,2724774.70,541230.35,164528.63,9886801.22,321.55,-670826.55,-826337.45,-1497163.99,-982612.36,-401506.32,-1384118.68,-1106953.94,-139138.09,-2630210.70,-4127374.70,4959103.54,94564.00,5759426.53,-3295733.12,2463693.41
Hotel Xenon,2025,5,REAL,33665,46336,5577751.93,206265.70,7069.80,5791087.43,78347.27,40355.87,125973.44,2626779.48,5865.88,2877321.94,550568.83,177126.48,9396104.68,279.10,-740066.03,-733082.59,-1473148.62,-964814.86,-405888.86,-1370703.72,-1237084.20,-135438.13,-2743226.05,-4216374.67,4317938.81,134095.88,5179730.01,-3600507.44,1579222.57
Hotel Xenon,2025,6,BUDGET,33629,45688,6808030.28,207834.06,0.00,7015864.33,93638.49,50721.00,147649.78,2758127.79,4789.29,3054926.35,463761.08,185392.35,10719944.12,318.77,-761591.61,-970281.86,-1731873.48,-1111463.84,-452605.98,-1564069.82,-1248349.43,-154311.66,-2966730.90,-4698604.38,5283990.86,88195.45,6021339.74,-3360555.63,2660784.11
Hotel Xenon,2025,6,REAL,37257,52315,6340515.36,215932.77,3034.12,6559482.26,102351.96,48752.51,150463.99,3076156.24,6243.29,3383968.00,683417.62,186108.45,10812976.33,290.23,-876815.96,-1177989.18,-2054805.13,-1164221.51,-480159.36,-1644380.86,-1369926.33,-145072.52,-3159379.72,-5214184.85,4504677.13,224588.28,5598791.48,-3741653.19,1857138.28
Hotel Xenon,2025,7,BUDGET,39991,50101,8505398.00,240409.00,0.00,8745807.00,111730.38,58626.27,164571.00,3451364.61,5892.01,3792184.27,395579.93,220264.40,13153835.59,328.92,-814434.76,-1172914.69,-1987349.46,-1409439.44,-558014.50,-1967453.94,-1327218.65,-180422.48,-3475095.08,-5462444.54,6758457.54,317089.19,7691391.05,-3801899.38,3889491.67
Hotel Xenon,2025,7,REAL,32254,46247,5693537.01,179898.14,5993.82,5879428.97,80960.03,34337.81,95310.95,2759649.00,5152.19,2975409.97,348656.92,264730.03,9468225.90,293.55,-818574.24,-953711.88,-1772286.12,-1074797.90,-419977.05,-1494774.95,-1267003.17,-123220.03,-2884998.15,-4657284.27,4107142.86,90411.82,4810941.63,-3363543.46,1447398.17
Hotel Xenon,2025,8,BUDGET,43043,57327,8718774.91,264257.44,0.00,8983032.35,121299.92,64615.68,185405.81,3570871.59,6171.29,3948364.28,470469.39,236543.34,13638409.37,316.85,-940254.80,-1295239.04,-2235493.84,-1462274.58,-588704.93,-2050979.52,-1541366.05,-196255.70,-3788601.26,-6024095.10,6747538.51,159763.03,7614314.27,-4089289.24,3525025.02
Hotel Xenon,2025,8,REAL,32039,53576,5739254.05,224215.99,237.26,5963707.30,85620.79,46386.89,104915.89,2745091.23,3422.71,2985437.51,278018.68,204307.43,9431470.92,294.37,-912671.24,-991760.45,-1904431.68,-1067982.84,-415485.88,-1483468.71,-1500949.46,-106597.87,-3091016.05,-4995447.73,4059275.62,-105578.54,4436023.19,-3939839.14,496184.05
Hotel Xenon,2025,9,BUDGET,41057,59674,6141277.94,257923.86,0.00,6399201.81,115263.09,63003.17,167088.38,3314356.16,5723.19,3665433.99,463521.20,228115.44,10756272.44,261.98,-969863.08,-1061999.35,-2031862.44,-1307811.97,-541400.28,-1849212.25,-1628706.19,-191841.75,-3669760.19,-5701622.63,4367339.37,-4326.21,5054649.81,-4426573.48,628076.33
Hotel Xenon,2025,9,REAL,28862,49513,3550122.82,223068.04,1695.75,3774886.61,78404.09,28807.65,113074.79,2302336.35,2929.94,2525552.81,302626.18,175779.44,6778845.05,234.87,-815737.96,-160358.86,-976096.81,-897700.01,-336481.80,-1234181.81,-1344839.86,-153855.89,-2732877.56,-3708974.38,2798789.80,-207324.75,3069870.67,-3246449.87,-176579.20
Hotel Xenon,2025,10,BUDGET,29306,37576,4184339.26,180745.55,0.00,4365084.81,78908.28,43696.97,110170.92,2302339.80,4215.24,2539331.21,410372.30,151772.37,7466560.68,254.78,-617892.88,-677026.14,-1294919.02,-922415.85,-373388.48,-1295804.33,-1015936.71,-130497.28,-2442238.32,-3737157.33,3070165.79,97092.90,3729403.35,-2760745.78,968657.57
Hotel Xenon,2025,10,REAL,29406,40544,3528328.33,181291.03,1970.12,3711589.48,79022.32,31475.03,108098.12,2379757.92,2328.82,2600682.21,480076.62,184513.69,6976862.00,237.26,-669762.78,-717684.91,-1387447.69,-891654.48,-364848.38,-1256502.86,-1071537.47,-120644.44,-2448684.77,-3836132.46,2324141.79,151997.44,3140729.53,-3022197.96,118531.58
Hotel Xenon,2025,11,BUDGET,38155,47552,7096991.93,234249.94,0.00,7331241.87,103210.45,56735.09,142554.03,3038408.93,5510.87,3346419.38,538557.68,199825.51,11416044.44,299.20,-816917.48,-1110507.05,-1927424.53,-1219687.96,-493394.76,-1713082.72,-1331685.97,-170203.17,-3214971.86,-5142396.39,5403817.34,131447.52,6273648.05,-3677901.66,2595746.40
Hotel Xenon,2025,11,REAL,44219,49417,7265851.01,173046.91,929.06,7439826.97,125948.11,50672.95,155143.62,3578806.19,5454.31,3916025.18,929083.00,205201.75,12490136.91,282.46,-929903.56,-1236808.25,-2166711.82,-1419119.42,-566305.13,-1985424.55,-1389763.62,-231544.16,-3606732.33,-5773444.15,5273115.16,309292.85,6716692.77,-3333311.49,3383381.28
Hotel Xenon,2025,12,BUDGET,44935,52991,10326902.23,274015.27,0.00,10600917.50,119730.66,66308.07,184328.06,3583117.73,6547.45,3960031.96,543401.40,227234.21,15331585.07,341.19,-905555.89,-1320033.67,-2225589.56,-1583549.07,-583330.40,-2166879.47,-1452679.48,-196846.08,-3816405.03,-6041994.59,8375327.95,143626.93,9289590.49,-4124526.59,5165063.89
Hotel Xenon,2025,12,REAL,36112,40544,7482713.27,151254.39,2248.31,7636215.97,117554.17,55554.32,152543.50,3009057.13,6376.28,3341085.41,451935.37,190971.87,11620208.63,321.79,-770423.35,-1073799.92,-1844223.27,-1333212.11,-488096.43,-1821308.54,-1178837.76,-243234.00,-3243380.31,-5087603.57,5791992.70,97705.10,6532605.06,-3112958.26,3419646.80
Hotel Xenon,2026,1,BUDGET,39064,45765,9093589.15,242598.01,4634.15,9340821.32,58420.19,61189.64,194429.02,3495571.54,6116.80,3815727.19,566048.50,209733.44,13932330.45,356.65,-822628.45,-1265072.54,-2087700.99,-1309767.98,-511750.51,-1821518.49,-1374316.78,-170600.78,-3366436.06,-5454137.05,7253120.33,449291.13,8478193.40,-3485234.26,4992959.13
Hotel Xenon,2026,1,REAL,49691,59254,12115199.60,317454.27,3146.67,12435800.54,63756.91,91490.95,227874.97,4129512.55,11659.61,4524295.00,768046.39,284762.04,18012903.97,362.50,-1274709.61,-1699906.14,-2974615.75,-1651154.73,-679652.48,-2330807.21,-1982233.10,-149746.53,-4462786.85,-7437402.60,9461184.79,61508.15,10575501.37,-4459246.86,6116254.51
Hotel Xenon,2026,2,BUDGET,48180,53520,12179137.85,301254.93,5818.68,12486211.46,73082.95,76110.96,245704.12,4292851.99,7534.39,4695284.41,787137.11,274179.83,18242812.82,378.64,-1079616.69,-1617028.09,-2696644.78,-1612265.73,-632263.82,-2244529.56,-1783612.00,-212783.74,-4240925.30,-6937570.08,9789566.68,454359.12,11305242.74,-4355914.37,6949328.37
Hotel Xenon,2026,2,REAL,38854,45252,10153656.32,253335.12,3100.16,10410091.60,56713.23,71351.76,211743.59,3214338.16,7939.26,3562086.00,755863.45,227160.68,14955201.73,384.90,-1002553.18,-1516161.13,-2518714.31,-1339190.72,-530461.37,-1869652.09,-1506167.75,-144918.11,-3520737.95,-6039452.26,7891377.29,41348.05,8915749.47,-3574113.41,5341636.06
Hotel Xenon,2026,3,BUDGET,50086,59254,11231870.45,312923.21,6223.80,11551017.46,76471.24,79448.87,261823.10,4606135.41,7816.94,5031695.57,816718.89,283770.06,17683201.98,353.06,-1062197.75,-1613037.46,-2675235.21,-1725252.28,-677353.80,-2402606.07,-1776808.03,-220761.31,-4400175.41,-7075410.62,8875782.25,631520.16,10607791.36,-4514486.08,6093305.27
Hotel Xenon,2026,3,REAL,29327,37094,6833611.33,170007.83,3476.24,7007095.40,44846.20,52700.40,128867.56,2494383.29,6461.46,2727258.92,608040.16,173829.27,10516223.75,358.59,-735726.78,-999723.66,-1735450.45,-1023864.13,-415916.51,-1439780.63,-1173039.19,-115873.80,-2728693.63,-4464144.08,5271644.96,-1434.71,6052079.67,-2781327.96,3270751.72
Hotel Xenon,2026,4,BUDGET,48758,60140,11565463.33,305343.02,6032.79,11876839.13,73766.54,77094.28,248620.33,4265358.84,7612.97,4672452.95,862246.21,276264.21,17687802.49,362.77,-1096375.18,-1539708.28,-2636083.46,-1602976.43,-634159.44,-2237135.87,-1851740.77,-218343.07,-4307219.70,-6943303.17,9240755.67,365233.25,10744499.33,-4590286.70,6154212.62
Hotel Xenon,2026,4,REAL,0,0,1043626.01,110733.13,5718.00,1160077.14,23865.47,42497.79,97861.34,4641290.86,2719.52,4808234.97,358325.18,63467.97,6390105.26,,-358966.27,-430216.83,-789183.10,-701588.59,-245923.94,-947512.53,-604381.32,-55138.32,-1607032.17,-2396215.27,370894.04,3201202.80,3993889.99,-903794.52,3090095.47
Hotel Xenon,2026,5,BUDGET,36757,51546,7163949.67,232563.45,4796.99,7401310.11,57212.30,58950.25,188106.77,3155589.52,5715.91,3465574.75,719679.95,204787.05,11791351.86,320.80,-861627.64,-1051753.93,-1913381.57,-1150529.06,-464894.34,-1615423.39,-1492013.45,-168892.51,-3276329.36,-5189710.93,5487928.54,189245.39,6601640.93,-3698439.11,2903201.82
Hotel Xenon,2026,5,REAL,0,0,0.00,0.00,0.00,0.00,0.00,0.00,0.00,0.00,0.00,0.00,0.00,0.00,0.00,,0.00,0.00,0.00,0.00,0.00,0.00,0.00,0.00,0.00,0.00,0.00,0.00,0.00,0.00,0.00
Hotel Xenon,2026,6,BUDGET,30981,43823,5842867.45,192638.71,3783.87,6039290.03,46865.14,48927.16,158873.87,2760471.25,4841.50,3019978.92,539685.93,179752.86,9778707.73,315.63,-749693.32,-871824.07,-1621517.39,-1032196.08,-406219.17,-1438415.24,-1292682.29,-142718.07,-2873815.60,-4495332.99,4417772.63,146163.32,5283374.74,-3222667.22,2060707.53
Hotel Xenon,2026,6,REAL,0,0,0.00,0.00,0.00,0.00,0.00,0.00,0.00,0.00,0.00,0.00,0.00,0.00,0.00,,0.00,0.00,0.00,0.00,0.00,0.00,0.00,0.00,0.00,0.00,0.00,0.00,0.00,0.00,0.00
Hotel Xenon,2026,7,BUDGET,41239,59254,8048558.84,246509.12,4102.03,8299169.98,55523.56,61840.89,204013.77,3860035.34,6532.93,4187946.49,583526.64,250566.62,13321209.74,323.02,-979063.48,-1168847.14,-2147910.62,-1504329.21,-565817.37,-2070146.57,-1681750.81,-187227.96,-3939125.34,-6087035.96,6151259.37,248821.15,7234173.78,-4252728.71,2981445.07
Hotel Xenon,2026,7,REAL,0,0,0.00,0.00,0.00,0.00,0.00,0.00,0.00,0.00,0.00,0.00,0.00,0.00,0.00,,0.00,0.00,0.00,0.00,0.00,0.00,0.00,0.00,0.00,0.00,0.00,0.00,0.00,0.00,0.00
Hotel Xenon,2026,8,BUDGET,38411,62144,6920013.02,233865.06,4176.83,7158054.91,54048.21,58567.34,196039.15,3556775.04,6051.33,3871481.07,477121.50,243966.08,11750623.56,305.92,-973213.82,-1051691.35,-2024905.17,-1372124.17,-525226.75,-1897350.92,-1697170.00,-180572.23,-3775093.15,-5799998.32,5133149.74,96387.91,5950625.24,-4298611.35,1652013.88
Hotel Xenon,2026,8,REAL,0,0,0.00,0.00,0.00,0.00,0.00,0.00,0.00,0.00,0.00,0.00,0.00,0.00,0.00,,0.00,0.00,0.00,0.00,0.00,0.00,0.00,0.00,0.00,0.00,0.00,0.00,0.00,0.00,0.00
Hotel Xenon,2026,9,BUDGET,23406,38695,3465084.03,144840.63,2643.53,3612568.19,32289.27,35649.39,112691.26,1970619.45,3680.30,2154929.67,341306.22,134057.64,6242861.73,266.72,-612705.85,-567724.15,-1180429.99,-734206.11,-289900.94,-1024107.05,-1089314.69,-112625.89,-2226047.63,-3406477.62,2432138.20,-71117.96,2836384.10,-2709652.80,126731.30
Hotel Xenon,2026,9,REAL,0,0,0.00,0.00,0.00,0.00,0.00,0.00,0.00,0.00,0.00,0.00,0.00,0.00,0.00,,0.00,0.00,0.00,0.00,0.00,0.00,0.00,0.00,0.00,0.00,0.00,0.00,0.00,0.00,0.00
Hotel Xenon,2026,10,BUDGET,34021,48656,5392161.25,212467.83,4211.55,5608840.63,50394.20,53228.67,171696.81,2915301.46,5313.08,3195934.23,620827.73,189558.28,9615160.87,282.63,-803973.77,-845292.88,-1649266.65,-1076556.31,-431602.42,-1508158.73,-1383173.73,-156928.94,-3048261.40,-4697528.06,3959573.97,147672.83,4917632.81,-3403608.40,1514024.40
Hotel Xenon,2026,10,REAL,0,0,0.00,0.00,0.00,0.00,0.00,0.00,0.00,0.00,0.00,0.00,0.00,0.00,0.00,,0.00,0.00,0.00,0.00,0.00,0.00,0.00,0.00,0.00,0.00,0.00,0.00,0.00,0.00,0.00
Hotel Xenon,2026,11,BUDGET,43961,54079,8367290.68,272214.22,5267.57,8644772.47,64349.89,68732.84,217918.29,3805001.63,6881.68,4162884.33,927123.22,236357.26,13971137.28,317.81,-983164.65,-1225170.26,-2208334.90,-1423716.98,-561821.48,-1985538.46,-1654522.67,-197038.40,-3837099.53,-6045434.44,6436437.56,325784.80,7925702.84,-4006776.46,3918926.38
Hotel Xenon,2026,11,REAL,0,0,0.00,0.00,0.00,0.00,0.00,0.00,0.00,0.00,0.00,0.00,0.00,0.00,0.00,,0.00,0.00,0.00,0.00,0.00,0.00,0.00,0.00,0.00,0.00,0.00,0.00,0.00,0.00,0.00
Hotel Xenon,2026,12,BUDGET,30925,37576,7770588.29,191973.08,3753.34,7966314.71,45761.21,48536.77,158991.30,2801858.74,4836.36,3059984.39,414993.23,170831.39,11612123.73,375.49,-661109.55,-1033574.63,-1694684.18,-1152776.20,-420350.63,-1573126.82,-1112504.83,-149278.05,-2834909.71,-4529593.89,6271630.53,225074.69,7082529.84,-3021426.98,4061102.86
Hotel Xenon,2026,12,REAL,0,0,0.00,0.00,0.00,0.00,0.00,0.00,0.00,0.00,0.00,0.00,0.00,0.00,0.00,,0.00,0.00,0.00,0.00,0.00,0.00,0.00,0.00,0.00,0.00,0.00,0.00,0.00,0.00,0.00
Hotel Yaris,2025,1,REAL,0,0,56745.60,0.00,0.00,56745.60,0.00,0.00,0.00,0.00,0.00,0.00,0.00,0.00,56745.60,,0.00,0.00,0.00,0.00,0.00,0.00,0.00,0.00,0.00,0.00,56745.60,0.00,56745.60,-14011.12,42734.48
Hotel Yaris,2025,2,REAL,0,0,0.00,0.00,0.00,0.00,0.00,0.00,0.00,0.00,0.00,0.00,0.00,0.00,0.00,,0.00,-15.51,-15.51,0.00,0.00,0.00,0.00,0.00,0.00,-15.51,-15.51,0.00,-15.51,-12781.56,-12797.06
Hotel Yaris,2025,3,REAL,0,0,0.00,0.00,0.00,0.00,0.00,0.00,0.00,0.00,0.00,0.00,0.00,0.00,0.00,,0.00,0.00,0.00,0.00,-26.82,-26.82,0.00,0.00,-26.82,-26.82,0.00,-26.82,-26.82,-25202.21,-25229.03
Hotel Yaris,2025,4,REAL,0,0,0.00,0.00,0.00,0.00,0.00,0.00,0.00,0.00,0.00,0.00,0.00,0.00,0.00,,0.00,-0.87,-0.87,0.00,-14.00,-14.00,0.00,0.00,-14.00,-14.87,-0.87,-14.00,-14.87,-6617.08,-6631.96
Hotel Yaris,2025,5,REAL,0,0,0.00,0.00,0.00,0.00,0.00,0.00,0.00,0.00,0.00,0.00,756.53,0.00,756.53,,0.00,0.00,0.00,0.00,-21.53,-21.53,0.00,0.00,-21.53,-21.53,0.00,-21.53,735.01,-11631.82,-10896.81
Hotel Yaris,2025,6,REAL,0,0,0.00,0.00,0.00,0.00,0.00,0.00,0.00,0.00,0.00,0.00,0.00,0.00,0.00,,0.00,-3.56,-3.56,0.00,0.00,0.00,0.00,0.00,0.00,-3.56,-3.56,0.00,-3.56,-13266.88,-13270.44
Hotel Yaris,2025,7,REAL,0,0,0.00,0.00,0.00,0.00,0.00,0.00,0.00,0.00,0.00,0.00,0.00,0.00,0.00,,0.00,-20.93,-20.93,0.00,0.00,0.00,0.00,0.00,0.00,-20.93,-20.93,0.00,-20.93,-17000.10,-17021.03
Hotel Yaris,2025,8,REAL,0,0,0.00,0.00,0.00,0.00,0.00,0.00,0.00,0.00,0.00,0.00,0.00,0.00,0.00,,0.00,0.00,0.00,0.00,0.00,0.00,0.00,0.00,0.00,0.00,0.00,0.00,0.00,-12507.14,-12507.14
Hotel Yaris,2025,9,REAL,0,0,0.00,0.00,0.00,0.00,0.00,0.00,0.00,0.00,0.00,0.00,0.00,0.00,0.00,,0.00,0.00,0.00,0.00,-78.10,-78.10,0.00,0.00,-78.10,-78.10,0.00,-78.10,-78.10,-18620.76,-18698.86
Hotel Yaris,2025,10,REAL,0,0,208437.00,0.00,0.00,208437.00,0.00,0.00,0.00,0.00,0.00,0.00,0.00,0.00,208437.00,,0.00,-7.78,-7.78,0.00,-19.89,-19.89,0.00,0.00,-19.89,-27.67,208429.22,-19.89,208409.33,-14138.76,194270.58
Hotel Yaris,2025,11,REAL,0,0,0.00,0.00,0.00,0.00,0.00,0.00,0.00,0.00,0.00,0.00,0.00,0.00,0.00,,0.00,0.00,0.00,0.00,-27.61,-27.61,0.00,0.00,-27.61,-27.61,0.00,-27.61,-27.61,-16770.50,-16798.11
Hotel Yaris,2025,12,REAL,0,0,0.00,0.00,0.00,0.00,0.00,0.00,0.00,0.00,0.00,0.00,0.00,0.00,0.00,,0.00,-58.14,-58.14,0.00,-67.26,-67.26,0.00,0.00,-67.26,-125.39,-58.14,-67.26,-125.39,10393.66,10268.27
Hotel Yaris,2026,1,REAL,0,0,0.00,0.00,0.00,0.00,0.00,0.00,0.00,0.00,0.00,0.00,0.00,0.00,0.00,,0.00,0.00,0.00,0.00,-25.04,-25.04,0.00,0.00,-25.04,-25.04,0.00,-25.04,-25.04,-11788.51,-11813.55
Hotel Yaris,2026,2,REAL,0,0,48110.40,0.00,0.00,48110.40,0.00,0.00,0.00,0.00,0.00,0.00,0.00,0.00,48110.40,,0.00,0.00,0.00,0.00,0.00,0.00,0.00,0.00,0.00,0.00,48110.40,0.00,48110.40,-10261.36,37849.04
Hotel Yaris,2026,3,REAL,0,0,0.00,0.00,0.00,0.00,0.00,0.00,0.00,0.00,0.00,0.00,0.00,0.00,0.00,,0.00,0.00,0.00,0.00,-23.99,-23.99,0.00,0.00,-23.99,-23.99,0.00,-23.99,-23.99,-15403.43,-15427.41
Hotel Yaris,2026,4,REAL,0,0,0.00,0.00,0.00,0.00,0.00,0.00,0.00,0.00,0.00,0.00,0.00,0.00,0.00,,0.00,0.00,0.00,0.00,0.00,0.00,0.00,0.00,0.00,0.00,0.00,0.00,0.00,-7374.86,-7374.86
Hotel Yaris,2026,5,REAL,0,0,0.00,0.00,0.00,0.00,0.00,0.00,0.00,0.00,0.00,0.00,0.00,0.00,0.00,,0.00,0.00,0.00,0.00,0.00,0.00,0.00,0.00,0.00,0.00,0.00,0.00,0.00,-1605.45,-1605.45
Hotel Yaris,2026,6,REAL,0,0,0.00,0.00,0.00,0.00,0.00,0.00,0.00,0.00,0.00,0.00,0.00,0.00,0.00,,0.00,0.00,0.00,0.00,0.00,0.00,0.00,0.00,0.00,0.00,0.00,0.00,0.00,-1387.76,-1387.76
Hotel Yaris,2026,7,REAL,0,0,0.00,0.00,0.00,0.00,0.00,0.00,0.00,0.00,0.00,0.00,0.00,0.00,0.00,,0.00,0.00,0.00,0.00,0.00,0.00,0.00,0.00,0.00,0.00,0.00,0.00,0.00,-1687.08,-1687.08
Hotel Yaris,2026,8,REAL,0,0,0.00,0.00,0.00,0.00,0.00,0.00,0.00,0.00,0.00,0.00,0.00,0.00,0.00,,0.00,0.00,0.00,0.00,0.00,0.00,0.00,0.00,0.00,0.00,0.00,0.00,0.00,-1687.08,-1687.08
Hotel Yaris,2026,9,REAL,0,0,0.00,0.00,0.00,0.00,0.00,0.00,0.00,0.00,0.00,0.00,0.00,0.00,0.00,,0.00,0.00,0.00,0.00,0.00,0.00,0.00,0.00,0.00,0.00,0.00,0.00,0.00,-1578.24,-1578.24
Hotel Yaris,2026,10,REAL,0,0,0.00,0.00,0.00,0.00,0.00,0.00,0.00,0.00,0.00,0.00,0.00,0.00,0.00,,0.00,0.00,0.00,0.00,0.00,0.00,0.00,0.00,0.00,0.00,0.00,0.00,0.00,-1360.55,-1360.55
Hotel Yaris,2026,11,REAL,0,0,0.00,0.00,0.00,0.00,0.00,0.00,0.00,0.00,0.00,0.00,0.00,0.00,0.00,,0.00,0.00,0.00,0.00,0.00,0.00,0.00,0.00,0.00,0.00,0.00,0.00,0.00,-1632.66,-1632.66
Hotel Yaris,2026,12,REAL,0,0,0.00,0.00,0.00,0.00,0.00,0.00,0.00,0.00,0.00,0.00,0.00,0.00,0.00,,0.00,0.00,0.00,0.00,0.00,0.00,0.00,0.00,0.00,0.00,0.00,0.00,0.00,-1428.58,-1428.58
Hotel Zenith,2025,1,BUDGET,4875,8608,326330.58,10140.19,0.00,336470.77,51936.06,59086.75,0.00,71633.54,0.00,182656.35,449632.01,39147.70,1007906.84,206.75,-46107.17,-70752.05,-116859.22,-60667.90,-15625.05,-76292.95,-55429.89,-17525.57,-149248.40,-266107.62,219611.56,33407.95,741799.22,-317481.63,424317.59
Hotel Zenith,2025,1,REAL,3465,8111,222769.48,13373.34,0.00,236142.83,48584.94,44062.28,0.00,44161.68,0.00,136808.90,245399.04,37587.99,655938.75,189.29,-41720.26,-54773.33,-96493.58,-50116.00,-11511.56,-61627.56,-50936.74,-16495.26,-129059.57,-225553.15,139649.25,7749.33,430385.60,-290639.03,139746.57
Hotel Zenith,2025,2,BUDGET,5778,8896,391912.54,9920.98,0.00,401833.52,68469.70,70039.02,0.00,86029.58,0.00,224538.30,609574.59,44794.00,1280740.42,221.65,-52757.24,-82075.39,-134832.63,-73924.24,-18522.42,-92446.66,-63424.58,-19027.65,-174898.89,-309731.52,267000.88,49639.42,971008.90,-351263.10,619745.80
Hotel Zenith,2025,2,REAL,5097,9195,329150.88,18800.71,0.00,347951.59,63415.80,52442.56,0.00,71587.40,0.00,187445.76,352799.09,47768.91,935965.35,183.63,-46921.84,-72974.42,-119896.27,-63548.38,-18768.55,-82316.93,-59005.92,-18707.56,-160030.40,-279926.67,228055.32,27415.36,656038.68,-384771.48,271267.20
Hotel Zenith,2025,3,BUDGET,5468,9436,363555.41,11207.58,0.00,374762.99,74549.73,79453.35,0.00,79804.85,0.00,233807.93,470440.35,42911.90,1121923.17,205.18,-50540.55,-77598.68,-128139.23,-73712.11,-20776.64,-94488.75,-60759.68,-19753.33,-175001.75,-303140.98,246623.76,58806.18,818782.19,-353228.98,465553.21
Hotel Zenith,2025,3,REAL,4621,7946,317678.97,15170.51,0.00,332849.47,57886.78,46394.37,0.00,58918.65,0.00,163199.80,322527.94,37091.67,855668.88,185.15,-30313.65,-58821.18,-89134.83,-49476.78,-14945.24,-64422.02,-38580.91,-18933.46,-121936.39,-211071.22,243714.64,41263.41,644597.66,-306122.09,338475.57
Hotel Zenith,2025,4,BUDGET,4082,6728,271775.73,8882.19,0.00,280657.92,49694.46,52080.49,0.00,59658.09,0.00,161433.03,352812.94,31619.30,826523.19,202.49,-37240.41,-56449.88,-93690.29,-52365.31,-13512.83,-65878.14,-44770.29,-13077.11,-123725.54,-217415.83,186967.63,37707.49,609107.36,-253906.18,355201.17
Hotel Zenith,2025,4,REAL,5143,9692,369591.45,15242.29,0.00,384833.74,60404.53,60320.02,0.00,76894.52,0.00,197619.08,257316.60,46639.18,886408.60,172.37,-45105.18,-146986.92,-192092.10,-75592.32,-19198.48,-94790.80,-57464.03,-16260.59,-168515.41,-360607.50,192741.64,29103.67,525801.10,-340282.78,185518.31
Hotel Zenith,2025,5,BUDGET,4421,7367,305051.84,8589.40,0.00,313641.24,49697.15,54005.49,0.00,66962.60,0.00,170665.24,634356.11,33501.40,1152163.99,260.61,-39457.10,-61614.06,-101071.15,-57476.28,-14151.10,-71627.38,-47435.19,-15335.35,-134397.92,-235469.08,212570.09,36267.32,916694.91,-286714.04,629980.87
Hotel Zenith,2025,5,REAL,4394,7201,296531.90,11962.39,0.00,308494.29,65889.32,55704.99,0.00,51619.07,0.00,173213.37,440468.18,44123.02,966298.86,219.94,-38550.84,-49770.30,-88321.14,-50676.87,-16260.52,-66937.39,-44853.11,-19506.20,-131296.70,-219617.84,220173.15,41916.67,746681.02,-287598.87,459082.16
Hotel Zenith,2025,6,BUDGET,5071,7049,341142.84,9039.23,0.00,350182.07,46683.14,60828.67,0.00,74889.54,0.00,182401.35,467364.96,43684.96,1043633.33,205.79,-39013.76,-61056.75,-100070.51,-59010.68,-15628.21,-74638.90,-46902.21,-13696.66,-135237.77,-235308.28,250111.56,47163.58,808325.06,-292143.65,516181.41
Hotel Zenith,2025,6,REAL,6116,9372,427823.53,19293.79,0.00,447117.33,69995.96,69926.42,0.00,106222.95,0.00,246145.34,581111.93,44684.13,1319058.71,215.69,-54965.63,-73313.05,-128278.68,-73561.25,-20108.32,-93669.57,-62105.12,-21520.00,-177294.69,-305573.37,318838.64,68850.65,1013485.34,-381581.06,631904.28
Hotel Zenith,2025,7,BUDGET,4774,6953,342029.82,6197.92,0.00,348227.74,42800.67,52678.47,0.00,75068.44,0.00,170547.58,571304.50,31619.30,1121699.12,234.97,-37240.41,-63848.99,-101089.40,-57010.16,-13626.99,-70637.14,-44770.29,-13420.63,-128828.07,-229917.47,247138.34,41719.51,891781.65,-265891.91,625889.74
Hotel Zenith,2025,7,REAL,3902,6373,282977.09,14003.54,0.00,296980.62,37947.04,38760.71,0.00,47701.49,0.00,124409.25,433516.15,29406.92,884312.94,226.65,-35153.99,-56024.01,-91178.00,-29526.84,-12121.71,-41648.55,-40073.81,-14032.63,-95754.99,-186932.99,205802.62,28654.26,697379.94,-241236.30,456143.64
Hotel Zenith,2025,8,BUDGET,6323,9353,391114.24,21946.90,0.00,413061.14,69755.55,77511.92,0.00,85854.35,0.00,233121.81,382294.92,42535.48,1071013.36,169.39,-50097.21,-80172.69,-130269.90,-75569.83,-19923.42,-95493.25,-60226.70,-19013.64,-174733.59,-305003.49,282791.24,58388.23,766009.88,-368035.84,397974.03
Hotel Zenith,2025,8,REAL,5404,10429,352113.05,17560.07,0.00,369673.11,73126.31,69447.46,0.00,67806.90,0.00,210380.66,410944.82,48053.78,1039052.37,192.27,-54815.76,-69325.73,-124141.49,-54287.13,-21946.68,-76233.81,-60364.34,-22434.88,-159033.03,-283174.52,245531.63,51347.63,755877.86,-374867.41,381010.44
Hotel Zenith,2025,9,BUDGET,5203,7289,328244.34,10032.75,0.00,338277.09,62151.50,59683.38,0.00,72053.64,0.00,193888.52,283541.58,34254.24,849961.43,163.36,-40343.77,-66197.51,-106541.28,-64266.81,-15310.90,-79577.70,-48501.15,-14155.04,-142233.89,-248775.17,231735.82,51654.63,601186.26,-286182.80,315003.46
Hotel Zenith,2025,9,REAL,3563,8891,228630.73,10006.03,0.00,238636.76,50448.87,42233.08,0.00,45953.45,0.00,138635.39,260473.58,42255.90,680001.63,190.85,-44006.75,-46855.86,-90862.61,-51955.60,-13245.81,-65201.41,-49692.22,-15177.44,-130071.08,-220933.69,147774.14,8564.32,459067.94,-180465.47,278602.47
Hotel Zenith,2025,10,BUDGET,5255,7449,356136.08,9922.50,0.00,366058.58,61419.53,58447.88,0.00,78170.38,0.00,198037.79,471810.30,33877.82,1069784.48,203.57,-39900.44,-67525.34,-107425.78,-67830.99,-15226.81,-83057.80,-47968.17,-15140.00,-146165.98,-253591.76,258632.80,51871.81,816192.72,-283256.27,532936.45
Hotel Zenith,2025,10,REAL,5623,9601,348289.95,13077.33,0.00,361367.28,77004.55,48328.28,0.00,64157.76,0.00,189490.58,379529.38,44082.81,974470.05,173.32,-48232.34,-67199.73,-115432.06,-65298.02,-17878.18,-83176.20,-49520.19,-19184.87,-151881.26,-267313.32,245935.22,37609.32,707156.73,-336036.62,371120.11
Hotel Zenith,2025,11,BUDGET,6008,7930,398877.61,10914.75,0.00,409792.36,67460.06,64432.35,0.00,87558.50,0.00,219450.91,672094.83,37265.60,1338603.70,222.82,-43890.48,-74450.44,-118340.92,-75071.48,-16850.88,-91922.36,-52764.99,-15795.44,-160482.78,-278823.70,291451.45,58968.13,1059780.00,-310661.13,749118.87
Hotel Zenith,2025,11,REAL,4521,6809,293210.85,7746.32,0.00,300957.17,68592.38,39995.82,0.00,60207.87,0.00,168796.07,548959.88,32291.93,1051005.05,232.46,-34160.21,-59503.98,-93664.19,-45875.56,-14147.17,-60022.73,-42955.65,-24206.41,-127184.79,-220848.98,207292.99,41611.27,830156.07,-246554.60,583601.47
Hotel Zenith,2025,12,BUDGET,3742,6870,250563.08,9150.75,0.00,259713.83,49176.89,48210.56,0.00,55003.36,0.00,152390.81,732418.28,31242.88,1175765.80,314.24,-36797.07,-58311.00,-95108.07,-50989.98,-12711.88,-63701.85,-44237.31,-16990.30,-124929.47,-220037.54,164605.76,27461.34,955728.26,-262210.41,693517.85
Hotel Zenith,2025,12,REAL,3851,8360,270395.97,10070.80,0.00,280466.77,103690.70,44796.70,0.00,45108.83,0.00,193596.23,933342.17,38412.87,1445818.04,375.43,-49396.99,-165123.22,-214520.21,-41901.73,-13941.20,-55842.93,-61320.84,-24319.26,-141483.03,-356003.24,65946.56,52113.20,1089814.80,-338421.42,751393.38
Hotel Zenith,2026,1,BUDGET,3393,7201,215625.15,12568.98,0.00,228194.13,40732.32,44150.52,0.00,47332.35,0.00,132215.19,186859.86,28482.80,575751.99,169.69,-84455.94,-56003.60,-140459.53,-37342.32,-10811.47,-48153.79,-41918.45,-15835.70,-105907.94,-246367.48,87734.60,26307.25,329384.51,-266912.59,62471.93
Hotel Zenith,2026,1,REAL,4014,9022,264070.90,10097.55,0.00,274168.45,57759.00,47245.69,0.00,51567.45,0.00,156572.15,270905.79,35528.04,737174.42,183.63,-99426.26,-69047.02,-168473.28,-43770.63,-14263.17,-58033.80,-56803.54,-17007.59,-131844.93,-300318.21,105695.17,24727.22,436856.22,-330418.33,106437.89
Hotel Zenith,2026,2,BUDGET,3306,5682,216026.44,12072.22,0.00,228098.66,38205.73,35656.19,0.00,47420.44,0.00,121282.36,194231.58,24881.53,568494.13,171.96,-38057.60,-51410.28,-89467.88,-36374.96,-8710.29,-45085.25,-36618.42,-12847.14,-94550.81,-184018.69,138630.78,26731.55,384475.44,-225226.11,159249.33
Hotel Zenith,2026,2,REAL,4681,9420,326464.60,12687.72,21.65,339173.97,64798.70,52821.82,0.00,65291.74,0.00,182912.26,406598.90,40991.00,969676.13,207.16,-55519.85,-80228.53,-135748.38,-53916.85,-15902.55,-69819.40,-59504.26,-20432.48,-149756.13,-285504.51,203425.59,33156.13,684171.62,-365214.60,318957.02
Hotel Zenith,2026,3,BUDGET,3844,6622,254875.22,13310.30,0.00,268185.52,47073.17,42472.00,0.00,55948.22,0.00,145493.39,196288.42,26191.08,636158.41,165.49,-40060.63,-57570.72,-97631.35,-45041.23,-10601.80,-55643.02,-38545.70,-13195.44,-107384.17,-205015.52,170554.17,38109.22,431142.89,-239908.01,191234.88
Hotel Zenith,2026,3,REAL,3899,7698,280378.31,8172.77,0.00,288551.07,55240.61,44088.75,0.00,55557.58,0.00,154886.93,341325.50,30452.45,815215.96,209.11,-41846.98,-65543.41,-107390.39,-44221.50,-12078.96,-56300.46,-46414.95,-18067.46,-120782.88,-228173.27,181160.68,34104.06,587042.69,-288608.92,298433.77
Hotel Zenith,2026,4,BUDGET,5731,10013,386397.29,17406.70,0.00,403804.00,60576.40,67999.52,0.00,84818.92,0.00,213394.84,331312.27,40923.57,989434.68,172.64,-62594.74,-87572.17,-150166.91,-62886.03,-17081.66,-79967.70,-60227.66,-21519.51,-161714.87,-311881.78,253637.09,51679.97,677552.90,-364895.24,312657.66
Hotel Zenith,2026,4,REAL,0,0,126509.89,6475.62,0.00,132985.51,32245.63,29145.91,0.00,31814.57,0.00,93206.11,111392.15,27039.55,364623.32,,0.00,-22552.35,-22552.35,-31003.58,-8597.46,-39601.03,0.00,-8908.38,-48509.42,-71061.76,110433.17,44696.70,293561.56,-48975.93,244585.63
Hotel Zenith,2026,5,BUDGET,4197,6870,283087.57,11624.76,0.00,294712.33,62012.48,57745.03,0.00,62141.17,0.00,181898.69,465765.80,37755.75,980132.57,233.51,-41562.91,-63870.00,-105432.91,-55087.59,-14499.70,-69587.28,-39991.17,-14781.06,-124359.52,-229792.42,189279.42,57539.17,750340.15,-256330.69,494009.45
Hotel Zenith,2026,5,REAL,0,0,0.00,0.00,0.00,0.00,0.00,0.00,0.00,0.00,0.00,0.00,0.00,0.00,0.00,,0.00,0.00,0.00,0.00,0.00,0.00,0.00,0.00,0.00,0.00,0.00,0.00,0.00,0.00,0.00
Hotel Zenith,2026,6,BUDGET,5746,8491,398305.60,17892.14,0.00,416197.75,61385.11,70444.10,0.00,87432.94,0.00,219262.14,553486.97,34703.19,1223650.05,212.95,-53080.34,-82949.37,-136029.70,-67530.18,-17628.79,-85158.97,-51073.06,-17483.96,-153715.98,-289745.69,280168.04,65546.16,933904.36,-318380.11,615524.26
Hotel Zenith,2026,6,REAL,0,0,0.00,0.00,0.00,0.00,0.00,0.00,0.00,0.00,0.00,0.00,0.00,0.00,0.00,,0.00,0.00,0.00,0.00,0.00,0.00,0.00,0.00,0.00,0.00,0.00,0.00,0.00,0.00,0.00
Hotel Zenith,2026,7,BUDGET,4783,7118,344398.31,16836.53,0.00,361234.84,51757.77,55895.85,0.00,75599.61,0.00,183253.23,514520.16,28155.42,1087163.64,227.28,-42972.05,-68776.44,-111748.50,-53102.98,-14061.32,-67164.30,-51117.28,-15315.32,-133596.90,-245345.40,249486.34,49656.32,841818.24,-254925.83,586892.41
Hotel Zenith,2026,7,REAL,0,0,0.00,0.00,0.00,0.00,0.00,0.00,0.00,0.00,0.00,0.00,0.00,0.00,0.00,,0.00,0.00,0.00,0.00,0.00,0.00,0.00,0.00,0.00,0.00,0.00,0.00,0.00,0.00,0.00
Hotel Zenith,2026,8,BUDGET,6976,10595,498025.36,19340.59,0.00,517365.95,73148.97,78254.25,0.00,109322.64,0.00,260725.86,467818.25,41905.74,1287815.80,184.61,-63958.41,-100971.07,-164929.47,-75948.67,-19540.89,-95489.56,-76081.54,-21616.31,-193187.41,-358116.88,352436.48,67538.45,929698.92,-382282.99,547415.93
Hotel Zenith,2026,8,REAL,0,0,0.00,0.00,0.00,0.00,0.00,0.00,0.00,0.00,0.00,0.00,0.00,0.00,0.00,,0.00,0.00,0.00,0.00,0.00,0.00,0.00,0.00,0.00,0.00,0.00,0.00,0.00,0.00,0.00
Hotel Zenith,2026,9,BUDGET,3369,6168,222608.58,8913.71,0.00,231522.29,46969.44,44776.61,0.00,48865.30,0.00,140611.35,294749.22,25208.92,692091.78,205.44,-38474.98,-53679.77,-92154.75,-44536.48,-13058.97,-57595.45,-45767.80,-12700.61,-116063.86,-208218.62,139367.54,24547.49,483873.17,-226128.88,257744.28
Hotel Zenith,2026,9,REAL,0,0,0.00,0.00,0.00,0.00,0.00,0.00,0.00,0.00,0.00,0.00,0.00,0.00,0.00,,0.00,0.00,0.00,0.00,0.00,0.00,0.00,0.00,0.00,0.00,0.00,0.00,0.00,0.00,0.00
Hotel Zenith,2026,10,BUDGET,4263,6953,300408.28,8970.49,0.00,309378.77,51191.37,48279.16,0.00,65943.28,0.00,165413.82,366345.17,27500.64,868638.39,203.76,-41972.70,-64754.42,-106727.12,-55298.42,-14486.73,-69785.15,-49928.51,-15289.64,-135003.30,-241730.42,202651.65,30410.52,626907.98,-249185.59,377722.38
Hotel Zenith,2026,10,REAL,0,0,0.00,0.00,0.00,0.00,0.00,0.00,0.00,0.00,0.00,0.00,0.00,0.00,0.00,,0.00,0.00,0.00,0.00,0.00,0.00,0.00,0.00,0.00,0.00,0.00,0.00,0.00,0.00,0.00
Hotel Zenith,2026,11,BUDGET,5935,9131,404153.33,12174.23,0.00,416327.56,69351.39,65690.61,0.00,88716.58,0.00,223758.58,807379.57,37322.30,1484788.01,250.18,-56962.96,-87892.20,-144855.15,-75457.64,-19780.87,-95238.51,-67760.12,-19252.02,-182250.66,-327105.81,271472.41,41507.92,1157682.20,-340367.83,817314.37
Hotel Zenith,2026,11,REAL,0,0,0.00,0.00,0.00,0.00,0.00,0.00,0.00,0.00,0.00,0.00,0.00,0.00,0.00,,0.00,0.00,0.00,0.00,0.00,0.00,0.00,0.00,0.00,0.00,0.00,0.00,0.00,0.00,0.00
Hotel Zenith,2026,12,BUDGET,4032,6953,275606.10,8970.49,0.00,284576.59,43258.10,42231.22,0.00,60498.90,0.00,145988.21,702440.40,27500.64,1160505.84,287.82,-41972.70,-60523.30,-102496.01,-47249.31,-13048.74,-60298.05,-49928.51,-18179.15,-128405.70,-230901.71,182080.58,17582.51,929604.13,-260873.91,668730.22
Hotel Zenith,2026,12,REAL,0,0,0.00,0.00,0.00,0.00,0.00,0.00,0.00,0.00,0.00,0.00,0.00,0.00,0.00,,0.00,0.00,0.00,0.00,0.00,0.00,0.00,0.00,0.00,0.00,0.00,0.00,0.00,0.00,0.00
