id_hotel,fecha,compset_adr,compset_occ_pct,compset_revpar,fuente_dato
H01,2021-01-01,125.56785460347373,0.8327500072434706,104.56663183058981,STR_Global
H01,2021-01-02,111.74386848806887,0.5546065241548528,61.97387849778486,STR_Global
H01,2021-01-03,122.42676028183702,0.8031616510212273,98.32847891714023,STR_Global
H01,2021-01-04,131.27783645188788,0.5072045730035308,66.58471898240715,STR_Global
H01,2021-01-05,112.36379921297042,0.5743186887373967,64.5326298255453,STR_Global
H01,2021-01-06,120.59415435917371,0.6064847850358381,73.13851978310215,STR_Global
H01,2021-01-07,122.68446947333712,0.6019301990693147,73.84748713279907,STR_Global
H01,2021-01-08,116.7926842390486,0.6022506269873263,70.33846731049985,STR_Global
H01,2021-01-09,112.79217077180064,0.7748115864875547,87.39268077907404,STR_Global
H01,2021-01-10,109.11480990527994,0.7073450991017148,77.18182602591502,STR_Global
H01,2021-01-11,109.56123823164671,0.559683443290552,61.3196110646645,STR_Global
H01,2021-01-12,117.249996060958,0.6971508762459387,81.74093749372973,STR_Global
H01,2021-01-13,113.78461118462428,0.5808128389677522,66.08756305298347,STR_Global
H01,2021-01-14,127.99667788166795,0.7134988302239174,91.32547994111764,STR_Global
H01,2021-01-15,112.3736661069135,0.6368712126506343,71.56755300350748,STR_Global
H01,2021-01-16,112.99059990883654,0.6488045560719357,73.30881601415439,STR_Global
H01,2021-01-17,128.21483459027996,0.5109596523594455,65.51260730957326,STR_Global
H01,2021-01-18,130.23981277905105,0.638302582600635,83.13240885429147,STR_Global
H01,2021-01-19,121.6906553857296,0.6142892690820424,74.75326375101454,STR_Global
H01,2021-01-20,128.26881236827566,0.8364102085222722,107.28534409985366,STR_Global
H01,2021-01-21,122.08202797593236,0.688892246336178,84.10136248961616,STR_Global
H01,2021-01-22,111.38218139939431,0.689943629105387,76.84742645237264,STR_Global
H01,2021-01-23,131.68528647841242,0.5260927252879198,69.27867124374845,STR_Global
H01,2021-01-24,108.13253081096646,0.5695504885369603,61.586935750123864,STR_Global
H01,2021-01-25,125.49617203298371,0.747400070346666,93.79584780568932,STR_Global
H01,2021-01-26,116.60317748506255,0.5259156281069316,61.323433326320696,STR_Global
H01,2021-01-27,122.95915504386139,0.8020861990564577,98.62384130832446,STR_Global
H01,2021-01-28,115.46357572117589,0.5222454226001083,60.30032389742511,STR_Global
H01,2021-01-29,123.30137931252511,0.7553621624183224,93.13719650667078,STR_Global
H01,2021-01-30,110.87026190251923,0.6652752238066822,73.75923830070396,STR_Global
H01,2021-01-31,121.47065274166793,0.766274767015914,93.0798961288926,STR_Global
H01,2021-02-01,120.54558790516785,0.6728284587275367,81.10650211663888,STR_Global
H01,2021-02-02,110.58939424783931,0.5088966943604333,56.27857716404814,STR_Global
H01,2021-02-03,115.54454354583184,0.7227436439423232,83.50908443996694,STR_Global
H01,2021-02-04,113.983013499573,0.8176482658741325,93.1980133270337,STR_Global
H01,2021-02-05,113.49115597179895,0.7644428984900671,86.75750822407028,STR_Global
H01,2021-02-06,111.86931089409612,0.6014130085198188,67.27965882585728,STR_Global
H01,2021-02-07,110.5318622359265,0.6034717900431998,66.70286076032292,STR_Global
H01,2021-02-08,117.9962387488888,0.5764541530258918,68.0194218682316,STR_Global
H01,2021-02-09,110.93011091281616,0.6135207573518459,68.05792566035524,STR_Global
H01,2021-02-10,114.53117398523126,0.8173899545410139,93.61663109731714,STR_Global
H01,2021-02-11,116.46165255202006,0.5001821319483606,58.25203766369862,STR_Global
H01,2021-02-12,120.81814606501062,0.5576295486000296,67.37176825292431,STR_Global
H01,2021-02-13,114.46589601116452,0.7423526115115946,84.9740568329026,STR_Global
H01,2021-02-14,113.25034126975369,0.5589018647605257,63.29582692043126,STR_Global
H01,2021-02-15,109.55741393061555,0.6413426598703142,70.263843258774,STR_Global
H01,2021-02-16,124.71130254815493,0.5864066219935105,73.1315336516742,STR_Global
H01,2021-02-17,131.94577164117462,0.55183042548369,72.81169130552318,STR_Global
H01,2021-02-18,117.86488831963754,0.8418152345414285,99.22045860499496,STR_Global
H01,2021-02-19,123.22443227283274,0.620774936809339,76.49463915753442,STR_Global
H01,2021-02-20,118.7467959497542,0.6858271041609978,81.43977119461682,STR_Global
H01,2021-02-21,109.94047983198517,0.7074438533577877,77.77671669234374,STR_Global
H01,2021-02-22,127.27535415311752,0.584755978397099,74.42502424364352,STR_Global
H01,2021-02-23,117.57178661866928,0.844198099313195,99.25387879633713,STR_Global
H01,2021-02-24,111.61722105517032,0.7794207937445929,86.99678303038654,STR_Global
H01,2021-02-25,128.60061131552928,0.7435344823768086,95.61898896783322,STR_Global
H01,2021-02-26,125.06758877851244,0.5770843666479419,72.1745502584331,STR_Global
H01,2021-02-27,110.30823722619411,0.6220330955521053,68.6153742667055,STR_Global
H01,2021-02-28,130.48151972968162,0.6353573712051881,82.9023953663084,STR_Global
H01,2021-03-01,110.72336450977414,0.6193732228675904,68.5790871231618,STR_Global
H01,2021-03-02,113.48520052313519,0.7435245397707788,84.37903148975865,STR_Global
H01,2021-03-03,120.39926139050434,0.8437589201653024,101.58795077955192,STR_Global
H01,2021-03-04,131.17006443093106,0.8486887949152735,111.32256391084566,STR_Global
H01,2021-03-05,112.5289706001931,0.8089227201162689,91.02724098979185,STR_Global
H01,2021-03-06,128.31986741371935,0.7451252404904699,95.61437206635284,STR_Global
H01,2021-03-07,129.30648237026304,0.6415778444927666,82.96017423805529,STR_Global
H01,2021-03-08,126.84817562673464,0.8274722479773315,104.96334503767747,STR_Global
H01,2021-03-09,116.93478639748184,0.7032403175027591,82.23325631328244,STR_Global
H01,2021-03-10,111.85939323401998,0.5017715543461765,56.12786161125438,STR_Global
H01,2021-03-11,123.64707022806242,0.7421633191924426,91.76632004887986,STR_Global
H01,2021-03-12,113.69397809992321,0.7492627274716375,85.18666012824909,STR_Global
H01,2021-03-13,123.59118957713316,0.7612719917913084,94.08651105724137,STR_Global
H01,2021-03-14,121.63940648005132,0.7301645123051201,88.81677790959094,STR_Global
H01,2021-03-15,114.36485682436141,0.6287005310708017,71.90124622131222,STR_Global
H01,2021-03-16,117.43434539200226,0.840553694163356,98.70987284090297,STR_Global
H01,2021-03-17,127.07547128499957,0.720898519099042,91.60851906316903,STR_Global
H01,2021-03-18,119.82042465165274,0.7019163596192257,84.10391627951782,STR_Global
H01,2021-03-19,114.73853669858055,0.7528582403415269,86.38185283825506,STR_Global
H01,2021-03-20,112.25065630576918,0.7259153035675088,81.48446924785453,STR_Global
H01,2021-03-21,129.20385653439024,0.5978461196288655,77.24402427016985,STR_Global
H01,2021-03-22,115.93800731209234,0.8335751464583836,96.64304142527052,STR_Global
H01,2021-03-23,131.5279580091851,0.7003023642097934,92.10933995351877,STR_Global
H01,2021-03-24,112.58186474760831,0.6069939567505136,68.33651154150193,STR_Global
H01,2021-03-25,116.94448481025718,0.6698479559967105,78.33502411523914,STR_Global
H01,2021-03-26,130.32040403545997,0.7954745992542089,103.66657117475411,STR_Global
H01,2021-03-27,124.10744440377721,0.573121551165376,71.12865104786346,STR_Global
H01,2021-03-28,115.08697412205453,0.5889572771744086,67.78131091716686,STR_Global
H01,2021-03-29,111.2789119546087,0.797034428223636,88.69312396308987,STR_Global
H01,2021-03-30,115.11624344754716,0.6934869919177677,79.83161738931292,STR_Global
H01,2021-03-31,122.67632906077634,0.5896724302580603,72.33884909240548,STR_Global
H01,2021-04-01,123.06946595876727,0.5018147019708954,61.758067381816055,STR_Global
H01,2021-04-02,117.52281185313333,0.5248293209499747,61.6794175410116,STR_Global
H01,2021-04-03,108.66280252496891,0.8103160021327309,88.05120772257122,STR_Global
H01,2021-04-04,124.12862724708481,0.6534659430563304,81.11383046430399,STR_Global
H01,2021-04-05,131.56418131945276,0.5542645658547105,72.9213638410569,STR_Global
H01,2021-04-06,114.00603265238074,0.8011416164090863,91.33497727951539,STR_Global
H01,2021-04-07,120.88997825271973,0.606142930135628,73.27660564213589,STR_Global
H01,2021-04-08,114.51702997967381,0.7897541513256561,90.44029982393201,STR_Global
H01,2021-04-09,109.24036130804659,0.5298716127478188,57.88336642344907,STR_Global
H01,2021-04-10,123.29831763595698,0.6892222925635373,84.97994915028148,STR_Global
H01,2021-04-11,120.3912083592287,0.8415482278118871,101.31500803884056,STR_Global
H01,2021-04-12,114.49997403028978,0.7783151681690463,89.11706654273642,STR_Global
H01,2021-04-13,108.60841784197099,0.5274597334697931,57.28656712750195,STR_Global
H01,2021-04-14,124.5239976183688,0.6499100662290377,80.9293995392586,STR_Global
H01,2021-04-15,118.6164535135465,0.8203248046692682,97.30401905906136,STR_Global
H01,2021-04-16,112.38878393057537,0.5328556515284522,59.886998685817176,STR_Global
H01,2021-04-17,125.70952600069846,0.834202848232118,104.86724463969215,STR_Global
H01,2021-04-18,118.07040149826696,0.7141022611820232,84.31434068858178,STR_Global
H01,2021-04-19,126.18830665114486,0.6245904375279415,78.81600966214862,STR_Global
H01,2021-04-20,109.10406340852208,0.5406254241774207,58.98443055971245,STR_Global
H01,2021-04-21,124.88778862512058,0.7994112044038525,99.83669752014139,STR_Global
H01,2021-04-22,119.79878100280399,0.5342419562278505,64.00153511664986,STR_Global
H01,2021-04-23,118.41243958171137,0.5606206544685053,66.38445937551137,STR_Global
H01,2021-04-24,123.24224762082345,0.7155475343182758,88.1856864089226,STR_Global
H01,2021-04-25,123.02063797714169,0.6311144151192649,77.6400979845426,STR_Global
H01,2021-04-26,123.8086471588547,0.7997714444159127,99.01862056941731,STR_Global
H01,2021-04-27,123.41806267695159,0.5246990615901505,64.75734166987087,STR_Global
H01,2021-04-28,130.565525794199,0.7050214534457122,92.05149676532982,STR_Global
H01,2021-04-29,123.43891724261648,0.6358594741722827,78.48980501028603,STR_Global
H01,2021-04-30,130.59515541063664,0.6909658762605773,90.23679599369682,STR_Global
H01,2021-05-01,129.72841540694554,0.83641669733837,108.5070127656175,STR_Global
H01,2021-05-02,110.41867203305824,0.524276455306308,57.88990997312153,STR_Global
H01,2021-05-03,124.39216256199258,0.533055036264575,66.30786872551185,STR_Global
H01,2021-05-04,128.2770074632669,0.6116414706028165,78.45953748936103,STR_Global
H01,2021-05-05,114.7645145945616,0.7850639689061275,90.09748531719173,STR_Global
H01,2021-05-06,123.09462832271723,0.7438580078774527,91.56492500455191,STR_Global
H01,2021-05-07,127.28354232923638,0.75727486533136,96.38862737627095,STR_Global
H01,2021-05-08,126.0147540393806,0.562103840322903,70.83337718288189,STR_Global
H01,2021-05-09,117.90282424587424,0.8466767997002356,99.82558590811614,STR_Global
H01,2021-05-10,116.17928496607243,0.7717445362596989,89.66072839912498,STR_Global
H01,2021-05-11,124.31627471760592,0.583508900926619,72.53965282776187,STR_Global
H01,2021-05-12,117.06549326823108,0.5833826533413928,68.2939780775396,STR_Global
H01,2021-05-13,117.35083406926088,0.6737964167390772,79.07057149721001,STR_Global
H01,2021-05-14,109.28364712193685,0.5349947105066521,58.46617315511173,STR_Global
H01,2021-05-15,115.66352730216995,0.5319503368751467,61.52725231255703,STR_Global
H01,2021-05-16,119.83261578652332,0.6688823323749249,80.15391954187797,STR_Global
H01,2021-05-17,122.45858222162687,0.5320964515404684,65.15977706080434,STR_Global
H01,2021-05-18,130.70866902916057,0.5744547632584801,75.08621752297746,STR_Global
H01,2021-05-19,130.34229853649504,0.5397126107061068,70.3473822285665,STR_Global
H01,2021-05-20,118.59673203296106,0.6923351088133074,82.10868137694276,STR_Global
H01,2021-05-21,110.80960839426255,0.6228202543932275,69.01446848932852,STR_Global
H01,2021-05-22,122.83723351959027,0.7665287211011153,94.15826751337057,STR_Global
H01,2021-05-23,124.82325915501887,0.529437382140249,66.08609955724707,STR_Global
H01,2021-05-24,124.94981345175592,0.7876510207516246,98.41684810800062,STR_Global
H01,2021-05-25,131.67934988402823,0.5296931999298171,69.7496562047489,STR_Global
H01,2021-05-26,127.50718961418005,0.6297247514734118,80.29443329086273,STR_Global
H01,2021-05-27,116.40523792080752,0.7071610585874495,82.31725127320216,STR_Global
H01,2021-05-28,117.07170216293412,0.6685834457874403,78.27220203629543,STR_Global
H01,2021-05-29,115.92606069645838,0.5870534540506007,68.05479434633548,STR_Global
H01,2021-05-30,117.72485008275402,0.5887887608555986,69.31506860213585,STR_Global
H01,2021-05-31,126.41267647460573,0.7593408513187339,95.9903093717068,STR_Global
H01,2021-06-01,124.34494625032583,0.7604740799301543,94.56110859368103,STR_Global
H01,2021-06-02,119.46515738112548,0.6400780125052087,76.46702050013276,STR_Global
H01,2021-06-03,118.47205995855735,0.6849295424540232,81.14501382100029,STR_Global
H01,2021-06-04,121.34412092742204,0.8422652340639948,102.20393441522481,STR_Global
H01,2021-06-05,130.19143992536632,0.5151902741543605,67.07336362770043,STR_Global
H01,2021-06-06,131.26326085485837,0.6938489995404622,91.0768822205622,STR_Global
H01,2021-06-07,124.6979685356308,0.7202895233473419,89.81864031891135,STR_Global
H01,2021-06-08,122.02354348615441,0.7196453280294222,87.81367297940605,STR_Global
H01,2021-06-09,131.00885777778834,0.8203390195841872,107.47167794627511,STR_Global
H01,2021-06-10,110.56214558246123,0.6380826295128454,70.54778457783888,STR_Global
H01,2021-06-11,123.52436068004938,0.5593879663634479,69.09804091715787,STR_Global
H01,2021-06-12,114.38251019914173,0.5802881609967324,66.37481649364994,STR_Global
H01,2021-06-13,118.87778032389195,0.5909824519989919,70.25468210401118,STR_Global
H01,2021-06-14,117.86896130093248,0.597917227509131,70.4758825504346,STR_Global
H01,2021-06-15,111.19644300537,0.5948351748802955,66.14355562116607,STR_Global
H01,2021-06-16,117.9993373857235,0.8291861394973842,97.84341503011743,STR_Global
H01,2021-06-17,109.98596208084736,0.8217117931424458,90.37676212195014,STR_Global
H01,2021-06-18,111.95602226728802,0.6930557553904245,77.59176558296248,STR_Global
H01,2021-06-19,119.52888196479252,0.772160799307329,92.29551703824556,STR_Global
H01,2021-06-20,117.14138055914452,0.7079457503732473,82.92974255970168,STR_Global
H01,2021-06-21,109.52428391016002,0.6991785142080117,76.57702609400212,STR_Global
H01,2021-06-22,108.32812715584794,0.5468482415802216,59.2390458488541,STR_Global
H01,2021-06-23,120.82431060070712,0.7421000390091193,89.66372561003469,STR_Global
H01,2021-06-24,122.04358877581134,0.819608013290175,100.02790333134583,STR_Global
H01,2021-06-25,117.06841318261888,0.7649784207148596,89.55480983203444,STR_Global
H01,2021-06-26,114.03461854828318,0.5717658649772837,65.20110231161372,STR_Global
H01,2021-06-27,129.0772960195006,0.5725296771528198,73.90058261780364,STR_Global
H01,2021-06-28,114.44813956860737,0.5164137637269269,59.10259450616917,STR_Global
H01,2021-06-29,119.42905672293635,0.6743578153260625,80.53791777813176,STR_Global
H01,2021-06-30,127.59325764511351,0.6077220339198672,77.54123405055003,STR_Global
H01,2021-07-01,117.68358878909754,0.8068287609304208,94.95050412455272,STR_Global
H01,2021-07-02,126.12329413616688,0.5100739367096686,64.3322051508261,STR_Global
H01,2021-07-03,113.11113987621385,0.7464279188347283,84.42931273482615,STR_Global
H01,2021-07-04,116.41410141135833,0.5050906329837587,58.799672170098454,STR_Global
H01,2021-07-05,118.4993981285695,0.6372854157849063,75.51793820662655,STR_Global
H01,2021-07-06,118.82185073798651,0.691606207414689,82.17792954689313,STR_Global
H01,2021-07-07,128.6967290099219,0.7177303450797557,92.36954772292707,STR_Global
H01,2021-07-08,128.21019396044906,0.6607713827811603,84.7176271498867,STR_Global
H01,2021-07-09,109.1006703937112,0.523182592248153,57.079571552593144,STR_Global
H01,2021-07-10,113.01913898588434,0.621594692878895,70.25209698736792,STR_Global
H01,2021-07-11,120.8943220011377,0.6195471236597907,74.8997294626054,STR_Global
H01,2021-07-12,117.60721173384677,0.7046681370822038,82.87405479992209,STR_Global
H01,2021-07-13,124.7160351894499,0.5630235453222545,70.21806429089914,STR_Global
H01,2021-07-14,120.36566531674109,0.806011161699046,97.01606973062505,STR_Global
H01,2021-07-15,108.9808467903955,0.5673011565830348,61.824960429589886,STR_Global
H01,2021-07-16,112.24825162264193,0.5975066186611855,67.0690732776747,STR_Global
H01,2021-07-17,119.05869043278543,0.5422225548852103,64.55630730775226,STR_Global
H01,2021-07-18,120.08201450051658,0.6274944513668264,75.35079780802494,STR_Global
H01,2021-07-19,127.18584957381705,0.5137592489443846,65.34290655339773,STR_Global
H01,2021-07-20,128.96588697856265,0.5286156611821051,68.17338761510953,STR_Global
H01,2021-07-21,128.8392265688541,0.5009082585342763,64.53663261150777,STR_Global
H01,2021-07-22,131.6701679008036,0.7090473287894007,93.36038083131668,STR_Global
H01,2021-07-23,113.6667967948177,0.8234146156876017,93.59490179924553,STR_Global
H01,2021-07-24,125.29238547339516,0.6859430138907369,85.94343650918066,STR_Global
H01,2021-07-25,111.19480628609948,0.5517086821671794,61.347140039938736,STR_Global
H01,2021-07-26,125.99078956820611,0.7955542354217701,100.23250626511934,STR_Global
H01,2021-07-27,116.49952009903502,0.803525243376153,93.61030524078215,STR_Global
H01,2021-07-28,125.69772494625167,0.5367042082863683,67.4624979506757,STR_Global
H01,2021-07-29,128.17703966107035,0.6973877822065927,89.38910141904033,STR_Global
H01,2021-07-30,113.59719387719524,0.6873674474054332,78.0830131877878,STR_Global
H01,2021-07-31,116.52250327870333,0.6658894795006947,77.59110905837375,STR_Global
H01,2021-08-01,122.02078763314006,0.6678537356139875,81.49203884335364,STR_Global
H01,2021-08-02,122.07685043185822,0.6952097930826531,84.86902192891414,STR_Global
H01,2021-08-03,116.09872401292604,0.6325704190829513,73.44061850385253,STR_Global
H01,2021-08-04,113.86447573115171,0.7126443278027504,81.1448727680392,STR_Global
H01,2021-08-05,130.408603770237,0.6156219684483198,80.28240135563028,STR_Global
H01,2021-08-06,116.76856367217738,0.5788664791993848,67.59340733408251,STR_Global
H01,2021-08-07,110.10930298896345,0.7977861312426512,87.84367484539004,STR_Global
H01,2021-08-08,128.2155368471564,0.5194787212749413,66.60524312894093,STR_Global
H01,2021-08-09,124.72707509679412,0.5063848684999264,63.159903521270536,STR_Global
H01,2021-08-10,131.26729039860888,0.6392494596660095,83.9125444591319,STR_Global
H01,2021-08-11,114.18966784907856,0.785975224832248,89.75024986119925,STR_Global
H01,2021-08-12,130.30502373906208,0.7340251269735508,95.6471615953566,STR_Global
H01,2021-08-13,114.71949824784683,0.700064441314465,80.31104144875464,STR_Global
H01,2021-08-14,115.76830167370186,0.5654653119951332,65.46295882506652,STR_Global
H01,2021-08-15,113.81783357796193,0.6776636325395593,77.13020655022471,STR_Global
H01,2021-08-16,114.92713327776615,0.7137170148545714,82.02545048880073,STR_Global
H01,2021-08-17,119.54736244451563,0.5540269503459708,66.23246063703944,STR_Global
H01,2021-08-18,116.0785026766541,0.5181382378878494,60.144710833541566,STR_Global
H01,2021-08-19,131.75904557735868,0.5221812396654687,68.80210175672414,STR_Global
H01,2021-08-20,114.11137571433034,0.7834560560491222,89.40124836748882,STR_Global
H01,2021-08-21,122.29532977458825,0.7660797509613902,93.68797577745767,STR_Global
H01,2021-08-22,116.3728383970319,0.644144319951544,74.96090285008704,STR_Global
H01,2021-08-23,117.80443903046202,0.7610910839420513,89.65990819487963,STR_Global
H01,2021-08-24,112.34959358797585,0.8284191598873631,93.07255593383763,STR_Global
H01,2021-08-25,121.7873547163179,0.7593922272515207,92.48437054909564,STR_Global
H01,2021-08-26,127.08641548463737,0.5489203318192013,69.76031735754003,STR_Global
H01,2021-08-27,111.94237915034384,0.5572795800029966,62.383202037439816,STR_Global
H01,2021-08-28,120.55357019445887,0.7328190272436701,88.34395004065485,STR_Global
H01,2021-08-29,117.41868257814325,0.8070201892845879,94.7592474397601,STR_Global
H01,2021-08-30,117.04666630619778,0.6536972179995765,76.51308014048625,STR_Global
H01,2021-08-31,125.94262512423003,0.6054822559574498,76.2560247814222,STR_Global
H01,2021-09-01,129.58978975858966,0.5812744433013861,75.32723289946787,STR_Global
H01,2021-09-02,129.75533066314915,0.690243501389896,89.56277376093581,STR_Global
H01,2021-09-03,130.5559709667234,0.5409143142479275,70.61959350643752,STR_Global
H01,2021-09-04,111.34252974392129,0.6172169651299801,68.72249829843764,STR_Global
H01,2021-09-05,120.80306620743174,0.7170254645749797,86.61887466946578,STR_Global
H01,2021-09-06,111.64019711358603,0.7760090239285857,86.6338003933088,STR_Global
H01,2021-09-07,125.85471102174427,0.586971198935063,73.87309062005912,STR_Global
H01,2021-09-08,126.29900845777658,0.6994613897049607,88.341279974235,STR_Global
H01,2021-09-09,127.71017531212833,0.6197286120505676,79.14564969091995,STR_Global
H01,2021-09-10,111.05972789596758,0.7962583021070814,88.43223036691761,STR_Global
H01,2021-09-11,111.59801825637058,0.7790533780228437,86.94081310328048,STR_Global
H01,2021-09-12,125.28087687710578,0.7527883989375732,94.3099907218117,STR_Global
H01,2021-09-13,121.0253866403423,0.742881955563485,89.90757590020436,STR_Global
H01,2021-09-14,112.35834520323421,0.6209935977263717,69.77381302233803,STR_Global
H01,2021-09-15,118.16632469809159,0.5795728440604955,68.48599287744891,STR_Global
H01,2021-09-16,129.88445781223118,0.715232592103429,92.89759743499057,STR_Global
H01,2021-09-17,114.1443727644879,0.5352781110555602,61.09898424099681,STR_Global
H01,2021-09-18,110.45310394140479,0.7075370168405876,78.1496596634849,STR_Global
H01,2021-09-19,124.97372722352158,0.8228747834120534,102.83772872125236,STR_Global
H01,2021-09-20,122.56116111318855,0.7017009260583846,86.00128025191528,STR_Global
H01,2021-09-21,130.42480835445636,0.757755482468653,98.83011358051269,STR_Global
H01,2021-09-22,113.66174483028196,0.5429837736460068,61.716483127136,STR_Global
H01,2021-09-23,128.0997789360598,0.5652123078229423,72.40357168405909,STR_Global
H01,2021-09-24,113.45749490105071,0.6090054924159745,69.09623755049729,STR_Global
H01,2021-09-25,125.86199164423894,0.632756994434942,79.64005554640443,STR_Global
H01,2021-09-26,122.48931676152333,0.7757264610500723,95.01820420785779,STR_Global
H01,2021-09-27,128.72443537471096,0.6450766044712697,83.03712168399994,STR_Global
H01,2021-09-28,125.70002995463396,0.6214336206636797,78.11422473224117,STR_Global
H01,2021-09-29,118.85854838718465,0.5786116880289937,68.77294531898474,STR_Global
H01,2021-09-30,119.96082654574752,0.5617354452771781,67.38624831549382,STR_Global
H01,2021-10-01,116.6974535787992,0.8201960653738349,95.71479226447686,STR_Global
H01,2021-10-02,108.31426695812,0.7212925007718356,78.12626848349058,STR_Global
H01,2021-10-03,131.06568761926692,0.562312588404413,73.69988605619422,STR_Global
H01,2021-10-04,110.04839203388745,0.6451184433044583,70.99424735706023,STR_Global
H01,2021-10-05,115.43848623044666,0.604858569118267,69.82395760252673,STR_Global
H01,2021-10-06,127.19476852978248,0.6493761168678622,82.59724487377672,STR_Global
H01,2021-10-07,122.99942368922527,0.6638811399544827,81.65699761254727,STR_Global
H01,2021-10-08,122.09888650161778,0.7927976846523165,96.79971451710855,STR_Global
H01,2021-10-09,120.66354552347488,0.7499207199264398,90.48809292784102,STR_Global
H01,2021-10-10,119.92828677170999,0.6683807819356551,80.15776208867901,STR_Global
H01,2021-10-11,116.02470747145158,0.5360435177659604,62.19429234076341,STR_Global
H01,2021-10-12,114.53524451328718,0.7636361772616078,87.46325628185016,STR_Global
H01,2021-10-13,127.21799451566693,0.6843024633307528,87.05558702706908,STR_Global
H01,2021-10-14,123.81417460584365,0.7505902800965891,92.93371599732818,STR_Global
H01,2021-10-15,113.54579511811372,0.5776902566765323,65.59429952632406,STR_Global
H01,2021-10-16,110.49860596762977,0.5068986882140275,56.01159841447024,STR_Global
H01,2021-10-17,123.66590658844501,0.5624906317190168,69.56091391903935,STR_Global
H01,2021-10-18,113.83613258398691,0.5348044874657708,60.88007454166465,STR_Global
H01,2021-10-19,127.9252767496078,0.7994937638371999,102.27546099845938,STR_Global
H01,2021-10-20,112.91962308997971,0.7338297977997261,82.86378417974109,STR_Global
H01,2021-10-21,108.31204616425767,0.8137175364823919,88.13541137614685,STR_Global
H01,2021-10-22,108.63677289297168,0.5727601893011096,62.222818607240114,STR_Global
H01,2021-10-23,118.11418921421995,0.7040645463393922,83.1600130453549,STR_Global
H01,2021-10-24,116.20361644074903,0.7861052466084544,91.34827255894926,STR_Global
H01,2021-10-25,122.1670786203554,0.6328923428585433,77.31860860822059,STR_Global
H01,2021-10-26,117.82587965258978,0.7184521177471969,84.65225276182947,STR_Global
H01,2021-10-27,115.06717822900602,0.6526442851973608,75.09793628494695,STR_Global
H01,2021-10-28,110.74171022208952,0.7729155711758108,85.59399220929245,STR_Global
H01,2021-10-29,119.30557086465156,0.8448785592846071,100.7987188267544,STR_Global
H01,2021-10-30,120.29898374116614,0.6696724285026212,80.56091258834407,STR_Global
H01,2021-10-31,117.66120104632755,0.7445960486063166,87.6100653733689,STR_Global
H01,2021-11-01,118.12089442927876,0.7257689587192653,85.7284785529259,STR_Global
H01,2021-11-02,124.58932458263172,0.815200305432735,101.56525545341954,STR_Global
H01,2021-11-03,120.71188028772197,0.7879043565690859,95.1094163683421,STR_Global
H01,2021-11-04,109.61220959797704,0.674331763728852,73.91499462442046,STR_Global
H01,2021-11-05,125.2848619591751,0.6741127128929617,84.45611817971975,STR_Global
H01,2021-11-06,114.3284112632308,0.5490064885311572,62.76703960697235,STR_Global
H01,2021-11-07,114.01753585347835,0.7562646024606718,86.2274264257762,STR_Global
H01,2021-11-08,121.7590650763056,0.672995847548395,81.94334519772848,STR_Global
H01,2021-11-09,126.50187304954251,0.6415335255421585,81.15519260515957,STR_Global
H01,2021-11-10,131.0070522555173,0.6238549817964373,81.72940220007065,STR_Global
H01,2021-11-11,126.50366221285148,0.5316179362021628,67.25161582761163,STR_Global
H01,2021-11-12,118.49264151257385,0.7929776467460603,93.96201602336535,STR_Global
H01,2021-11-13,121.59371136712554,0.6039926004681112,73.44170192919908,STR_Global
H01,2021-11-14,130.4839137437942,0.7322849078769268,95.5514007552952,STR_Global
H01,2021-11-15,108.74839524147083,0.5752291325067649,62.555245056254066,STR_Global
H01,2021-11-16,109.23421952362202,0.7082772757450891,77.36811542233202,STR_Global
H01,2021-11-17,116.02185337960707,0.7088949971209112,82.24731141749933,STR_Global
H01,2021-11-18,109.80330676165941,0.5373093885968201,58.998347622016304,STR_Global
H01,2021-11-19,124.52165751426566,0.6734219606721694,83.85561874940515,STR_Global
H01,2021-11-20,127.6584556241808,0.5862407116336874,74.83858387117726,STR_Global
H01,2021-11-21,114.5314832935191,0.7431437647990493,85.11335768276521,STR_Global
H01,2021-11-22,110.19796975983922,0.6263408639290093,69.02149158260055,STR_Global
H01,2021-11-23,124.57344557869538,0.7765047455771497,96.73187166475375,STR_Global
H01,2021-11-24,130.99609903209435,0.5303468241517643,69.47336509794124,STR_Global
H01,2021-11-25,126.2168602929324,0.7236322848669916,91.33459500251254,STR_Global
H01,2021-11-26,131.5338432043197,0.7230310529263204,95.10305314746482,STR_Global
H01,2021-11-27,131.70403219191954,0.5774233046368608,76.04897750225767,STR_Global
H01,2021-11-28,122.11833016727836,0.515457903198535,62.9468584101317,STR_Global
H01,2021-11-29,129.97171914211302,0.6987808306934203,90.82174586877765,STR_Global
H01,2021-11-30,115.13637617694123,0.744097093536394,85.67264287357487,STR_Global
H01,2021-12-01,127.08820411101834,0.6476169309056794,82.30447270069224,STR_Global
H01,2021-12-02,118.92344844086776,0.5192089151262662,61.74611464805741,STR_Global
H01,2021-12-03,123.60401641063748,0.7255913277190378,89.68600237880018,STR_Global
H01,2021-12-04,119.54548521225809,0.6962370179012298,83.23199212773814,STR_Global
H01,2021-12-05,118.58477188195589,0.685592796422215,81.3008653676406,STR_Global
H01,2021-12-06,127.29544750562157,0.700349715801713,89.15133048341394,STR_Global
H01,2021-12-07,125.7085384057566,0.7315793112781895,91.96576594867125,STR_Global
H01,2021-12-08,129.03996906869878,0.6493859698292025,83.79674546040725,STR_Global
H01,2021-12-09,131.76819152020266,0.6616799977014556,87.18837666221266,STR_Global
H01,2021-12-10,117.21513335807342,0.5649155183518528,66.2166478196576,STR_Global
H01,2021-12-11,116.41708357084104,0.8492769386866681,98.87034434587389,STR_Global
H01,2021-12-12,119.51701488729381,0.6406758197632347,76.57166148857169,STR_Global
H01,2021-12-13,131.6180032607831,0.8057869899652186,106.05607467273873,STR_Global
H01,2021-12-14,118.11256805464969,0.6462183737585668,76.32651164872377,STR_Global
H01,2021-12-15,110.65137871515347,0.5835720010189058,64.57304649230288,STR_Global
H01,2021-12-16,115.11139489094377,0.6005336470789286,69.12826579420121,STR_Global
H01,2021-12-17,108.42897443360194,0.5147326163727266,55.811929700819405,STR_Global
H01,2021-12-18,117.39912337296855,0.5383136595376903,63.19755172941949,STR_Global
H01,2021-12-19,127.15174373144121,0.8347454941457988,106.13934515260188,STR_Global
H01,2021-12-20,131.57593236192196,0.7059939801406359,92.89181617890837,STR_Global
H01,2021-12-21,129.6893752122065,0.7102794562547693,92.11569890774679,STR_Global
H01,2021-12-22,113.56012083320265,0.8469090191479418,96.17509054916941,STR_Global
H01,2021-12-23,127.93542042601501,0.5806992185317567,74.29199866391866,STR_Global
H01,2021-12-24,117.21817467579,0.5164308750017346,60.53508451392439,STR_Global
H01,2021-12-25,127.82893669905519,0.8350445920441639,106.7428622973018,STR_Global
H01,2021-12-26,113.19177655287729,0.7204222730486536,81.54587695463914,STR_Global
H01,2021-12-27,120.60075602064644,0.7090459253506194,85.51147465064354,STR_Global
H01,2021-12-28,119.78847218084705,0.680336773510154,81.49650266722833,STR_Global
H01,2021-12-29,113.38657372407987,0.7855415937467163,89.06986983269324,STR_Global
H01,2021-12-30,122.2305584362009,0.6879410480126947,84.08741846977696,STR_Global
H01,2021-12-31,129.05906070312915,0.5320203930892142,68.66205220700353,STR_Global
H01,2022-01-01,129.32995391685546,0.5453302224489814,70.5275325387953,STR_Global
H01,2022-01-02,115.89723276887692,0.5123978289464908,59.38549045167862,STR_Global
H01,2022-01-03,117.80287711369678,0.5304453659689935,62.487990262775256,STR_Global
H01,2022-01-04,125.36208272852603,0.5909138243161142,74.0781877293464,STR_Global
H01,2022-01-05,113.28439684679547,0.5283661755676767,59.855643513432305,STR_Global
H01,2022-01-06,128.42896593717046,0.5266458008216051,67.63657561467177,STR_Global
H01,2022-01-07,122.21778683182845,0.6682053020643268,81.66657316759543,STR_Global
H01,2022-01-08,124.27238766141754,0.6217332227657676,77.26427208152994,STR_Global
H01,2022-01-09,129.0871196725238,0.5934598945592975,76.6080284298194,STR_Global
H01,2022-01-10,128.4139614982618,0.7304581421304489,93.80102373963132,STR_Global
H01,2022-01-11,128.08831988072814,0.7479270418502622,95.80071818396311,STR_Global
H01,2022-01-12,122.84667307716443,0.7380492701161051,90.66689740079299,STR_Global
H01,2022-01-13,129.1408982207743,0.5555117868525757,71.73929112636894,STR_Global
H01,2022-01-14,127.8196020135543,0.5102365490620957,65.21823263388644,STR_Global
H01,2022-01-15,125.8441981509986,0.6172915989906996,77.68256630033237,STR_Global
H01,2022-01-16,127.97122027098582,0.7862884584416717,100.62229351177305,STR_Global
H01,2022-01-17,114.88891519619791,0.5022350551008917,57.701240654044135,STR_Global
H01,2022-01-18,123.16352464840006,0.8434151623095982,103.87798413195253,STR_Global
H01,2022-01-19,120.95964911318053,0.7219019960848639,87.32101214052977,STR_Global
H01,2022-01-20,126.26466966004867,0.5374432235894354,67.86009108755174,STR_Global
H01,2022-01-21,116.20493198492848,0.837047201350648,97.26901310112679,STR_Global
H01,2022-01-22,110.4602334717763,0.826209836928506,91.26333148380101,STR_Global
H01,2022-01-23,130.7351493181521,0.7697989379893464,100.63977910299212,STR_Global
H01,2022-01-24,125.00572811046311,0.7698445023862475,96.23497255263003,STR_Global
H01,2022-01-25,109.7926660261885,0.5202721611955794,57.12206763686956,STR_Global
H01,2022-01-26,124.22525417248212,0.8465519304627265,105.1631287319376,STR_Global
H01,2022-01-27,122.26550062148509,0.7266507751906677,88.8443208056772,STR_Global
H01,2022-01-28,127.71631073777857,0.5229691506009045,66.79169054441725,STR_Global
H01,2022-01-29,114.06020999252118,0.7865749751749828,89.71690684332067,STR_Global
H01,2022-01-30,119.24494600244603,0.5556283991468648,66.25587845369343,STR_Global
H01,2022-01-31,111.92697170860006,0.6579854585153864,73.6463197999219,STR_Global
H01,2022-02-01,113.29847070693025,0.742788779023521,84.15683272163288,STR_Global
H01,2022-02-02,123.70826914274726,0.7381747557261495,91.31832135575222,STR_Global
H01,2022-02-03,111.6253894027416,0.8328022467876436,92.96187509314883,STR_Global
H01,2022-02-04,118.07345560622694,0.8302655720586596,98.03232516384676,STR_Global
H01,2022-02-05,114.58116485636808,0.639158039286978,73.23547266881421,STR_Global
H01,2022-02-06,125.38614414273881,0.6122599591533446,76.76891549122865,STR_Global
H01,2022-02-07,128.83494752377274,0.5701257002420494,73.45211467263863,STR_Global
H01,2022-02-08,119.31677904246031,0.6969626002201839,83.15933257133028,STR_Global
H01,2022-02-09,112.88882998263058,0.5557360083977425,62.73638776723852,STR_Global
H01,2022-02-10,118.88864723052679,0.5537803133563894,65.83819231783836,STR_Global
H01,2022-02-11,127.12314786873668,0.5062516623674118,64.35630493392625,STR_Global
H01,2022-02-12,131.22027032673066,0.8191426122359688,107.48811501374814,STR_Global
H01,2022-02-13,108.02956404399423,0.6617340517679813,71.48684112556093,STR_Global
H01,2022-02-14,113.940958934481,0.7125572568919349,81.18945714599039,STR_Global
H01,2022-02-15,111.85981125787657,0.5789390498553074,64.76001284662908,STR_Global
H01,2022-02-16,122.16633453325495,0.6140739123832262,75.0191590083539,STR_Global
H01,2022-02-17,111.58993542402158,0.8445229925910164,94.24026620733297,STR_Global
H01,2022-02-18,117.49308201311926,0.7381598192257638,86.72867217908195,STR_Global
H01,2022-02-19,124.67956526703703,0.6020819025482561,75.06730986486713,STR_Global
H01,2022-02-20,108.95085180836057,0.7729478461126724,84.21332623741326,STR_Global
H01,2022-02-21,113.80908038070066,0.5367255624463612,61.08424267883469,STR_Global
H01,2022-02-22,119.57655315723821,0.506428672929189,60.556995128866774,STR_Global
H01,2022-02-23,126.61931365903095,0.6211057986756938,78.64398993796061,STR_Global
H01,2022-02-24,110.10879597947601,0.681199075184649,75.00600999091425,STR_Global
H01,2022-02-25,109.8858839317205,0.5116210880769783,56.21993550144738,STR_Global
H01,2022-02-26,121.6209803582774,0.5464505139150712,66.45984721963545,STR_Global
H01,2022-02-27,112.80360586187544,0.7802053446881789,88.009976193534,STR_Global
H01,2022-02-28,123.2743259890473,0.5365987441170401,66.14884850759738,STR_Global
H01,2022-03-01,130.46909390984857,0.5110551506889747,66.67690244835164,STR_Global
H01,2022-03-02,125.017452466822,0.6894537173553746,86.19374733754927,STR_Global
H01,2022-03-03,127.24147399367502,0.7499304262463498,95.42225282829054,STR_Global
H01,2022-03-04,109.92275631323221,0.7851887898112793,86.31011600230696,STR_Global
H01,2022-03-05,127.61514647909988,0.6916573316538077,88.26595169234403,STR_Global
H01,2022-03-06,120.63366386246672,0.7252521933187837,87.48982930433488,STR_Global
H01,2022-03-07,109.44845001577353,0.5285704937107063,57.851221260708975,STR_Global
H01,2022-03-08,128.92280559821285,0.5558406380396159,71.660534521568,STR_Global
H01,2022-03-09,116.08549900250657,0.841552839536696,97.6920813145937,STR_Global
H01,2022-03-10,123.80898661202104,0.7763944774998677,96.12461347042819,STR_Global
H01,2022-03-11,125.26084267853435,0.6943772428281709,86.97827857345396,STR_Global
H01,2022-03-12,131.3950358915228,0.8487168706198597,111.51718367683738,STR_Global
H01,2022-03-13,124.325477818351,0.5698398578252007,70.84561260405928,STR_Global
H01,2022-03-14,114.18438932426913,0.5107283757720321,58.317207698105335,STR_Global
H01,2022-03-15,125.45205767439141,0.8038953768929331,100.85032918614887,STR_Global
H01,2022-03-16,116.30243982112711,0.6489226670568263,75.47128943394185,STR_Global
H01,2022-03-17,108.96262059389957,0.8456773473076202,92.14721993953566,STR_Global
H01,2022-03-18,118.52677006055018,0.7025363930003377,83.26936951231933,STR_Global
H01,2022-03-19,128.96215771395984,0.670334129498646,86.44773572945437,STR_Global
H01,2022-03-20,131.81119959217614,0.729253268591238,96.1237481395265,STR_Global
H01,2022-03-21,117.21233164482712,0.625702860383181,73.34009118235038,STR_Global
H01,2022-03-22,113.65901025502104,0.7925993223234233,90.0860545040807,STR_Global
H01,2022-03-23,122.4445292078882,0.6418585640800102,78.59206969682798,STR_Global
H01,2022-03-24,120.30276492493934,0.6304970230161271,75.85053514578321,STR_Global
H01,2022-03-25,118.49196933160384,0.5241964751653168,62.113072659023544,STR_Global
H01,2022-03-26,122.23004159596276,0.6417572796781126,78.4420189895676,STR_Global
H01,2022-03-27,110.28627619091104,0.7319174476529121,80.72044978079573,STR_Global
H01,2022-03-28,117.57710270729068,0.6092518198437564,71.63406379637311,STR_Global
H01,2022-03-29,122.12190320017453,0.5031606414453426,61.44693514872585,STR_Global
H01,2022-03-30,113.68866857060007,0.6388309217202467,72.62783693210409,STR_Global
H01,2022-03-31,118.60858497078858,0.8092983843812633,95.98973619060699,STR_Global
H01,2022-04-01,124.06536963502468,0.657072150840991,81.51989927096824,STR_Global
H01,2022-04-02,122.10922490664929,0.6573018423248081,80.26261849599493,STR_Global
H01,2022-04-03,112.02286119091963,0.5584646677653324,62.56080995710888,STR_Global
H01,2022-04-04,123.93130866292334,0.7577407052729741,93.90779723164619,STR_Global
H01,2022-04-05,127.33608367080129,0.795459657139219,101.2907174582265,STR_Global
H01,2022-04-06,112.94018904088244,0.8038949481796405,90.792047416419,STR_Global
H01,2022-04-07,109.37008454614356,0.5944123640309463,65.01093050933767,STR_Global
H01,2022-04-08,108.94424497604423,0.8278119923032365,90.18535248359105,STR_Global
H01,2022-04-09,130.41300042066973,0.6582696598992024,85.8469214333488,STR_Global
H01,2022-04-10,108.99774861720941,0.6775321830409373,73.8494825671652,STR_Global
H01,2022-04-11,131.16284871446513,0.8453205430355963,110.87465050140743,STR_Global
H01,2022-04-12,123.33887850757202,0.8331341248981337,102.75782861132323,STR_Global
H01,2022-04-13,120.374304685902,0.6591589494718506,79.34580022016362,STR_Global
H01,2022-04-14,111.3516301141515,0.7334024901411365,81.66556280699348,STR_Global
H01,2022-04-15,124.91233830567951,0.6077754795569168,75.91865631631019,STR_Global
H01,2022-04-16,131.2778891065745,0.7357013516637211,96.58132045926693,STR_Global
H01,2022-04-17,118.65000526330971,0.7354107413787941,87.25648833528842,STR_Global
H01,2022-04-18,124.62302285342797,0.562002426306585,70.03844121728751,STR_Global
H01,2022-04-19,124.39795267895151,0.8306149768159081,103.32680258037375,STR_Global
H01,2022-04-20,128.85371962748926,0.7162465340704248,92.29103008527144,STR_Global
H01,2022-04-21,130.34276869216748,0.5106354708938929,66.5576410687387,STR_Global
H01,2022-04-22,113.17620365754522,0.7367796850220363,83.385927682796,STR_Global
H01,2022-04-23,123.62959144899581,0.6378525419789555,78.85744916956172,STR_Global
H01,2022-04-24,131.985929418496,0.7302458566110626,96.38217808881686,STR_Global
H01,2022-04-25,117.7657910573489,0.842010964477461,99.16008731064952,STR_Global
H01,2022-04-26,121.60839026368002,0.7738349194203957,94.10481888053887,STR_Global
H01,2022-04-27,117.6993677196248,0.8074804464554717,95.03993799376937,STR_Global
H01,2022-04-28,127.38830260659023,0.7336576849472547,93.45940717971132,STR_Global
H01,2022-04-29,118.4539995555104,0.779234777100522,92.30347594030349,STR_Global
H01,2022-04-30,121.06773835106041,0.542073169379713,65.62757263759315,STR_Global
H01,2022-05-01,116.79507683691355,0.6136050404650946,71.66604784863817,STR_Global
H01,2022-05-02,117.3253944304883,0.7434135223414517,87.22128473366945,STR_Global
H01,2022-05-03,116.95804299910418,0.5831404458060147,68.20296533509664,STR_Global
H01,2022-05-04,122.48276624115307,0.5256185733189552,64.37921684783397,STR_Global
H01,2022-05-05,119.12385705121375,0.7168216211033651,85.39055632353657,STR_Global
H01,2022-05-06,120.45796284326923,0.8021667773501389,96.62737586014805,STR_Global
H01,2022-05-07,116.18994786302775,0.5089747230322524,59.137746532716406,STR_Global
H01,2022-05-08,121.92413686145598,0.6395879733139151,77.98121159326705,STR_Global
H01,2022-05-09,126.35719827701108,0.7127667824777056,90.06321365880268,STR_Global
H01,2022-05-10,130.93256870291845,0.751343076679273,98.37527900677104,STR_Global
H01,2022-05-11,108.18150899947541,0.5685222949892411,61.503599771781005,STR_Global
H01,2022-05-12,113.8435751178312,0.8143106921324954,92.70404044903886,STR_Global
H01,2022-05-13,119.50039750664641,0.569003944300507,67.99619752676028,STR_Global
H01,2022-05-14,122.81644217791138,0.5582160627100997,68.55811078861632,STR_Global
H01,2022-05-15,130.31054105812777,0.7345336121138296,95.7174724199341,STR_Global
H01,2022-05-16,110.15103213971862,0.7033262186419792,77.47210891433942,STR_Global
H01,2022-05-17,131.44140572790192,0.6399668223814546,84.11813875303693,STR_Global
H01,2022-05-18,110.95734370013199,0.6828683641806415,75.76925978633834,STR_Global
H01,2022-05-19,112.4300431088888,0.7799233833984076,87.68681961711337,STR_Global
H01,2022-05-20,112.44548271713784,0.777692540351743,87.44801310536893,STR_Global
H01,2022-05-21,127.34382119460379,0.6692409763519737,85.2237032286678,STR_Global
H01,2022-05-22,123.19563301425654,0.5151943864991867,63.46969857015885,STR_Global
H01,2022-05-23,120.36420408800957,0.7232948220276542,87.05880557433713,STR_Global
H01,2022-05-24,123.51854192214864,0.7778103476331807,96.07400003161004,STR_Global
H01,2022-05-25,129.74138651490625,0.62627038168871,81.25318765351278,STR_Global
H01,2022-05-26,114.13547994742254,0.694822970277851,79.30395319115622,STR_Global
H01,2022-05-27,128.4281822604665,0.756185323654972,97.11550656905061,STR_Global
H01,2022-05-28,126.39974724480975,0.7833354915189545,99.01340813588466,STR_Global
H01,2022-05-29,111.6716112198855,0.6483806845196557,72.40571572416222,STR_Global
H01,2022-05-30,119.34940717519639,0.8042408686278684,95.9856708968011,STR_Global
H01,2022-05-31,115.4945228651711,0.5624560878297202,64.9605974965043,STR_Global
H01,2022-06-01,123.31105903958328,0.5721651575814493,70.55429152691856,STR_Global
H01,2022-06-02,109.4029107386053,0.7212054201071465,78.90197220018048,STR_Global
H01,2022-06-03,122.32912600549662,0.5960890889000439,72.91905726655514,STR_Global
H01,2022-06-04,118.6989819498535,0.6549509383728345,77.74200961195669,STR_Global
H01,2022-06-05,116.1861605873813,0.5055373821179538,58.736447461680925,STR_Global
H01,2022-06-06,116.0934511861301,0.7111267935746802,82.55716369701135,STR_Global
H01,2022-06-07,110.05579799031433,0.5277967791461453,58.08709570564672,STR_Global
H01,2022-06-08,115.7609174907725,0.56715356365156,65.65421688646583,STR_Global
H01,2022-06-09,109.66617222590625,0.6242487070411781,68.45896621817712,STR_Global
H01,2022-06-10,127.20855618773668,0.5236643972572752,66.61459190201936,STR_Global
H01,2022-06-11,129.121898101475,0.6890041701115787,88.96552624463861,STR_Global
H01,2022-06-12,115.78401007476901,0.6865352252929673,79.48980144200473,STR_Global
H01,2022-06-13,131.85934466930803,0.7343204343193666,96.82701124663332,STR_Global
H01,2022-06-14,125.53561224574192,0.6952241960795087,87.27539510289485,STR_Global
H01,2022-06-15,121.49512358106985,0.5210498199102749,63.30501226189303,STR_Global
H01,2022-06-16,126.11610767858036,0.7222360159568616,91.08559515776444,STR_Global
H01,2022-06-17,118.14453872150855,0.6433172485518214,76.004419581745,STR_Global
H01,2022-06-18,115.22047460047813,0.5004328379157933,57.660109090321846,STR_Global
H01,2022-06-19,113.63140996453089,0.8245122368178084,93.69048800261676,STR_Global
H01,2022-06-20,131.81960405180104,0.5533456046656461,72.9417985108299,STR_Global
H01,2022-06-21,124.11740264671292,0.5852798506223533,72.64341488070262,STR_Global
H01,2022-06-22,126.90964771901436,0.589966543251228,74.872446170018,STR_Global
H01,2022-06-23,120.16412236369159,0.7129702444309269,85.67344369346901,STR_Global
H01,2022-06-24,110.82357668336542,0.5220881615777025,57.85967741008379,STR_Global
H01,2022-06-25,117.1418286122637,0.6195860756639223,72.57944588596824,STR_Global
H01,2022-06-26,120.23338192204078,0.583669366269043,70.17654183082135,STR_Global
H01,2022-06-27,130.6172884584536,0.5978962384650177,78.09558544780958,STR_Global
H01,2022-06-28,126.87062296217027,0.5566174739732384,70.61840567461435,STR_Global
H01,2022-06-29,117.3850263133962,0.6983013767599965,81.97012548565297,STR_Global
H01,2022-06-30,120.95358285023865,0.6390125721002239,77.29086008186853,STR_Global
H01,2022-07-01,120.77954862142622,0.7360063322431669,88.89451259084116,STR_Global
H01,2022-07-02,113.08757978165373,0.549447317246427,62.135667324920924,STR_Global
H01,2022-07-03,108.54945179942689,0.6128847922462453,66.52830821453556,STR_Global
H01,2022-07-04,130.9757493094701,0.5782650520737089,75.73869849483377,STR_Global
H01,2022-07-05,121.80392041191901,0.8264557591666892,100.66555151351152,STR_Global
H01,2022-07-06,122.55290266640102,0.6098046919179336,74.73333505413318,STR_Global
H01,2022-07-07,127.90397772339081,0.8143915695524471,104.16392117015347,STR_Global
H01,2022-07-08,127.80481841797365,0.833479134660453,106.522649460449,STR_Global
H01,2022-07-09,119.47761655315374,0.5426166688938462,64.83054630144854,STR_Global
H01,2022-07-10,109.91916946462325,0.581392975427883,63.90623299159902,STR_Global
H01,2022-07-11,122.26297801348261,0.5427122682435382,66.353618119907,STR_Global
H01,2022-07-12,110.53595242228185,0.6538290910215185,72.27162129745837,STR_Global
H01,2022-07-13,122.8701109175479,0.5756133638783598,70.72567786535693,STR_Global
H01,2022-07-14,109.47239105065604,0.5532086985950269,60.5610789852193,STR_Global
H01,2022-07-15,109.39593109213142,0.660930148319262,72.30306896224619,STR_Global
H01,2022-07-16,115.13652115768414,0.7168242129926556,82.53264616556918,STR_Global
H01,2022-07-17,109.79111554408996,0.5597326654924994,61.45367375088846,STR_Global
H01,2022-07-18,112.26639330842995,0.5928855932158681,66.56112719487446,STR_Global
H01,2022-07-19,123.19655102432316,0.716318086000515,88.24791763160796,STR_Global
H01,2022-07-20,113.29926311485534,0.5814259384969384,65.87513038756632,STR_Global
H01,2022-07-21,128.35238124598564,0.7295032853965797,93.63348380742087,STR_Global
H01,2022-07-22,117.71516229804479,0.7772327718161901,91.49208187770203,STR_Global
H01,2022-07-23,120.61211092724737,0.623982684155671,75.25986871806536,STR_Global
H01,2022-07-24,117.28989024805514,0.561910500800349,65.90642096810264,STR_Global
H01,2022-07-25,119.55225963924778,0.6456538993629165,77.18938261372816,STR_Global
H01,2022-07-26,126.24695575493124,0.5909346230607619,74.60369721160897,STR_Global
H01,2022-07-27,113.16484492841371,0.6873585460084071,77.78482326926131,STR_Global
H01,2022-07-28,131.4209701178413,0.5844205101598395,76.80511040196984,STR_Global
H01,2022-07-29,119.70849705423271,0.8358518255123617,100.05856579212158,STR_Global
H01,2022-07-30,118.90505602943907,0.6917858211407926,82.25683182311745,STR_Global
H01,2022-07-31,119.71778728852269,0.5343289032744856,63.968673984324475,STR_Global
H01,2022-08-01,125.6965698573072,0.613636574411521,77.13201254251643,STR_Global
H01,2022-08-02,117.46743068568085,0.6315608998010193,74.18783622116246,STR_Global
H01,2022-08-03,129.41003253456563,0.7747557903429698,100.26117203462684,STR_Global
H01,2022-08-04,130.6279473939183,0.7305422511726052,95.42923475520972,STR_Global
H01,2022-08-05,114.70482513443321,0.526745900803318,60.42029644192409,STR_Global
H01,2022-08-06,119.07545915099362,0.8156166972473982,97.1199327159509,STR_Global
H01,2022-08-07,129.48282577695687,0.7307738727720239,94.62266605049201,STR_Global
H01,2022-08-08,109.59964897345657,0.7148767546660216,78.3502413706798,STR_Global
H01,2022-08-09,125.69841044931566,0.5525591502859646,69.45580687017028,STR_Global
H01,2022-08-10,109.00014961445723,0.7380797227229237,80.45080020419579,STR_Global
H01,2022-08-11,109.73002406396816,0.7507131858219388,82.37577594537954,STR_Global
H01,2022-08-12,130.95603355918752,0.5042379663322106,66.03300404081745,STR_Global
H01,2022-08-13,115.11685395090373,0.6236379929757224,71.79124375562097,STR_Global
H01,2022-08-14,123.87289466568996,0.7711287359134136,95.52194867748892,STR_Global
H01,2022-08-15,110.36149559312155,0.5609382673669295,61.90598612202863,STR_Global
H01,2022-08-16,114.3611142798001,0.7675304317776075,87.77563542174329,STR_Global
H01,2022-08-17,131.22864083628076,0.5287600836167495,69.3884671015042,STR_Global
H01,2022-08-18,122.99192565250235,0.7692281017433468,94.60884549943322,STR_Global
H01,2022-08-19,110.91327403582576,0.5719905417684443,63.44134370506391,STR_Global
H01,2022-08-20,123.45370208498713,0.7711218232232258,95.19784383543222,STR_Global
H01,2022-08-21,131.24373066226522,0.5146829282010726,67.54890760528757,STR_Global
H01,2022-08-22,131.5192879046124,0.6024877128453376,79.2387549646974,STR_Global
H01,2022-08-23,125.95375630630878,0.7038479303725362,88.65229069884222,STR_Global
H01,2022-08-24,111.07429791278881,0.7297675125660259,81.0584140978336,STR_Global
H01,2022-08-25,113.39077468425245,0.8248292741141174,93.5280303740494,STR_Global
H01,2022-08-26,118.54571975266686,0.6512269090304685,77.2001626533214,STR_Global
H01,2022-08-27,113.77662508398014,0.8300765432106476,94.44330764788408,STR_Global
H01,2022-08-28,129.2861976050225,0.569114671450978,73.5786718731286,STR_Global
H01,2022-08-29,127.58272653524682,0.6000673762337061,76.55823196474799,STR_Global
H01,2022-08-30,130.05423680734933,0.7962800185415972,103.5595900963694,STR_Global
H01,2022-08-31,119.05294793457936,0.7642646750611974,90.98796256829895,STR_Global
H01,2022-09-01,126.6347387159934,0.7549717370065646,95.60564865378599,STR_Global
H01,2022-09-02,121.08064605352654,0.5621000693143974,68.05943953931929,STR_Global
H01,2022-09-03,125.47073224153786,0.6888446771734268,86.42984604563561,STR_Global
H01,2022-09-04,110.20490130504108,0.7398543056405557,81.53557073322713,STR_Global
H01,2022-09-05,128.17687267226881,0.6770484425331401,86.7819520115282,STR_Global
H01,2022-09-06,122.16834457101055,0.6897830219221469,84.26964990141776,STR_Global
H01,2022-09-07,121.5605278286164,0.6041419579615872,73.43981529322433,STR_Global
H01,2022-09-08,123.27099249550197,0.8056630205512827,99.31488016028062,STR_Global
H01,2022-09-09,119.07737938607495,0.5560250722341006,66.21000847458973,STR_Global
H01,2022-09-10,125.43508116271214,0.5863376025825681,73.54730476869447,STR_Global
H01,2022-09-11,129.11559566260655,0.5678838535437212,73.32266201747397,STR_Global
H01,2022-09-12,125.81635321374023,0.608825125502644,76.60015703564038,STR_Global
H01,2022-09-13,124.50921863711797,0.7152423841193963,89.05427038285544,STR_Global
H01,2022-09-14,120.5798200974279,0.6885434835700637,83.02444937813458,STR_Global
H01,2022-09-15,127.98433126432906,0.7939873930987639,101.61794553805325,STR_Global
H01,2022-09-16,126.20823336266413,0.7623409195641109,96.21370067825526,STR_Global
H01,2022-09-17,128.20728891592103,0.7646926302620084,98.03916897987689,STR_Global
H01,2022-09-18,110.99313736587337,0.6757175747209565,75.00001359153792,STR_Global
H01,2022-09-19,126.72959462753461,0.7251778129691245,91.90149027045926,STR_Global
H01,2022-09-20,123.91300810801181,0.5482380147057324,67.93382156135172,STR_Global
H01,2022-09-21,108.69771312825489,0.5624304045075654,61.1348987637717,STR_Global
H01,2022-09-22,117.30416627400948,0.5634617479739268,66.09641057337753,STR_Global
H01,2022-09-23,120.24263309997183,0.8059918647135832,96.91458407031752,STR_Global
H01,2022-09-24,113.41053013112865,0.5364480752721006,60.83886060443253,STR_Global
H01,2022-09-25,119.67834389385008,0.5184813861639849,62.05099363589346,STR_Global
H01,2022-09-26,108.55038747043301,0.7107509754183683,77.15229377665209,STR_Global
H01,2022-09-27,111.57599366758184,0.7227717278672039,80.64397373161833,STR_Global
H01,2022-09-28,131.5672605707075,0.761073823084786,100.13239799534058,STR_Global
H01,2022-09-29,120.48711784604771,0.7887957336831404,95.0397245207402,STR_Global
H01,2022-09-30,125.65213455570091,0.5428318650638123,68.20798255012022,STR_Global
H01,2022-10-01,109.50101344553684,0.629997700655566,68.98538669014243,STR_Global
H01,2022-10-02,125.60677992101552,0.7683059833900752,96.50444056767657,STR_Global
H01,2022-10-03,123.30127834728553,0.5607180259930851,69.13724939731387,STR_Global
H01,2022-10-04,124.46187050519674,0.5623883634166246,69.99590766118945,STR_Global
H01,2022-10-05,121.72493450945248,0.6343415331765654,77.2151815825431,STR_Global
H01,2022-10-06,116.69365059965492,0.5645666885967737,65.8813478993161,STR_Global
H01,2022-10-07,108.58060233339253,0.5091688479862226,55.28586020374363,STR_Global
H01,2022-10-08,120.43389038973159,0.5955747834904843,71.72738819378111,STR_Global
H01,2022-10-09,114.22312221277858,0.8292377357903691,94.71812323863112,STR_Global
H01,2022-10-10,128.20640560300342,0.8054555876696106,103.26456576797557,STR_Global
H01,2022-10-11,118.99648528170944,0.7809251584284986,92.92734912105345,STR_Global
H01,2022-10-12,109.934436330171,0.5467179903455803,60.10313410020524,STR_Global
H01,2022-10-13,118.48441686276432,0.6737614033243549,79.83022697752395,STR_Global
H01,2022-10-14,111.81379602406449,0.7679295146468884,85.86511411158602,STR_Global
H01,2022-10-15,126.03300206469711,0.5473739287971899,68.98717949825762,STR_Global
H01,2022-10-16,109.6549923925541,0.8348151173792102,91.54164534540647,STR_Global
H01,2022-10-17,114.28093640966175,0.59876547614262,68.4274793033556,STR_Global
H01,2022-10-18,113.98910879638815,0.8171891031823628,93.15065758987721,STR_Global
H01,2022-10-19,118.79375621881296,0.7657893918462872,90.97099832994088,STR_Global
H01,2022-10-20,119.70170864816123,0.5228781551475349,62.58940858595827,STR_Global
H01,2022-10-21,129.75449888026588,0.5219286212093741,67.72258669629045,STR_Global
H01,2022-10-22,117.86629446241696,0.686347238796326,80.89720575143457,STR_Global
H01,2022-10-23,108.52376152261175,0.8149416709905453,88.44053555741667,STR_Global
H01,2022-10-24,121.4440364030842,0.8371880519747426,101.67149626024778,STR_Global
H01,2022-10-25,126.905112372665,0.7897539313627604,100.22381140634508,STR_Global
H01,2022-10-26,131.50922016916218,0.6730683959532825,88.51469987232505,STR_Global
H01,2022-10-27,112.58857683515494,0.7538045046428902,84.86977638967194,STR_Global
H01,2022-10-28,130.72886370572937,0.6080445601806184,79.48897443486221,STR_Global
H01,2022-10-29,111.62992388963843,0.5399335247107767,60.272738268928215,STR_Global
H01,2022-10-30,128.4147853881873,0.5878383314691042,75.48713317855514,STR_Global
H01,2022-10-31,110.75445292486123,0.6831868189810282,75.66598238171997,STR_Global
H01,2022-11-01,109.62404068560005,0.7529850061229693,82.54525894687119,STR_Global
H01,2022-11-02,109.96140829792267,0.6902383760699261,75.89958389392024,STR_Global
H01,2022-11-03,111.97858896391863,0.6696437004955165,74.98575669006487,STR_Global
H01,2022-11-04,110.34150024574319,0.5756316586148577,63.516060800508875,STR_Global
H01,2022-11-05,125.98280910469865,0.6610567925709538,83.28179170583084,STR_Global
H01,2022-11-06,110.68646224851673,0.7754395472211832,85.83066016950441,STR_Global
H01,2022-11-07,127.05575319283214,0.842321636290735,107.02180992953815,STR_Global
H01,2022-11-08,128.93125680053944,0.6189221150466597,79.7984061546139,STR_Global
H01,2022-11-09,126.09858432758796,0.7654487562541888,96.52200453896616,STR_Global
H01,2022-11-10,123.83110479347381,0.5441888239774147,67.38750328938453,STR_Global
H01,2022-11-11,130.7193109007906,0.5894226706294616,77.04892533398689,STR_Global
H01,2022-11-12,121.39153773078337,0.7627553274497715,92.59204211147495,STR_Global
H01,2022-11-13,116.24791662261848,0.5329531685439942,61.954695500662574,STR_Global
H01,2022-11-14,127.16026051738389,0.6367549279647646,80.96992252572748,STR_Global
H01,2022-11-15,117.5371533716476,0.6580938867310889,77.35048209765569,STR_Global
H01,2022-11-16,112.69462255306837,0.6543752553877743,73.74457241399294,STR_Global
H01,2022-11-17,116.56010337940236,0.5329126365519932,62.1163520086902,STR_Global
H01,2022-11-18,115.49637844525233,0.5967545917041887,68.92299416240901,STR_Global
H01,2022-11-19,129.52699033016484,0.5685442844054216,73.64183002845152,STR_Global
H01,2022-11-20,121.38768460630085,0.6566610291120759,79.71056189510561,STR_Global
H01,2022-11-21,116.71441767921625,0.7147155985237117,83.41761488794752,STR_Global
H01,2022-11-22,120.16922649277058,0.5590989723371902,67.18649103866308,STR_Global
H01,2022-11-23,116.72863499414737,0.5116842606252334,59.72820529077305,STR_Global
H01,2022-11-24,115.51588787561478,0.7871321276071406,90.92626659596056,STR_Global
H01,2022-11-25,128.56497446580227,0.838714556986186,107.82931560302566,STR_Global
H01,2022-11-26,115.67200397857309,0.7589056162299392,87.78413345991099,STR_Global
H01,2022-11-27,124.03007997128705,0.8444386116627742,104.7357885353765,STR_Global
H01,2022-11-28,129.16626619931145,0.5580842133535248,72.0856540636547,STR_Global
H01,2022-11-29,108.30258047941822,0.5567816920238677,60.30089400988159,STR_Global
H01,2022-11-30,125.2644869368598,0.6845898677429367,85.75479854499167,STR_Global
H01,2022-12-01,125.5559157681687,0.5277923046250603,66.26744614259171,STR_Global
H01,2022-12-02,127.65752433267977,0.8003619686050074,102.17222748214522,STR_Global
H01,2022-12-03,115.54440271640996,0.748584979518159,86.49480434090167,STR_Global
H01,2022-12-04,119.02236473215714,0.787572914198665,93.73879064692142,STR_Global
H01,2022-12-05,127.87798205849325,0.672974356537605,86.05860269114189,STR_Global
H01,2022-12-06,125.08833648793873,0.5608165575975104,70.15161026476486,STR_Global
H01,2022-12-07,113.75697870614269,0.5352231174832367,60.88536477857586,STR_Global
H01,2022-12-08,118.8084234937299,0.6217794940537583,73.87264144925604,STR_Global
H01,2022-12-09,122.90228561948234,0.7279016547085859,89.46077706988844,STR_Global
H01,2022-12-10,119.31089201755596,0.7945066435796659,94.79329635936435,STR_Global
H01,2022-12-11,125.74307364395456,0.5108904599710752,64.24093673213673,STR_Global
H01,2022-12-12,108.09161121898433,0.6102218560145387,65.95986361765056,STR_Global
H01,2022-12-13,123.7267778325998,0.5584962040149274,69.10093575450524,STR_Global
H01,2022-12-14,123.42916584140897,0.5977466309590437,73.77936804378729,STR_Global
H01,2022-12-15,115.32745624072155,0.6794291636007685,78.35683713383767,STR_Global
H01,2022-12-16,115.29471362977738,0.5116162740968492,58.98665181032992,STR_Global
H01,2022-12-17,128.90890757431325,0.8284066864569689,106.7890009784245,STR_Global
H01,2022-12-18,123.95963768342389,0.7759565701386546,96.18729529245992,STR_Global
H01,2022-12-19,124.09757548574004,0.8175182607470404,101.45203407402676,STR_Global
H01,2022-12-20,118.72933305135422,0.5388463142247184,63.97686350508126,STR_Global
H01,2022-12-21,121.11955728450693,0.8025972633329345,97.21022521264184,STR_Global
H01,2022-12-22,110.65729423983157,0.8418801149787307,93.16017559786464,STR_Global
H01,2022-12-23,125.75769889840633,0.5147086363099919,64.7285737054813,STR_Global
H01,2022-12-24,124.98451983193488,0.5446088857980041,68.0676800876686,STR_Global
H01,2022-12-25,127.31776264419454,0.7638866662588744,97.25634126181242,STR_Global
H01,2022-12-26,125.44010380968777,0.8369836249759091,104.99131280398682,STR_Global
H01,2022-12-27,114.75650876195833,0.7902881327005964,90.69070702472767,STR_Global
H01,2022-12-28,124.8884634590591,0.5394031366441779,67.36522892048828,STR_Global
H01,2022-12-29,113.80545187821214,0.5337870645684043,60.747878089951655,STR_Global
H01,2022-12-30,115.23036625824001,0.6640687879125771,76.52088965183177,STR_Global
H01,2022-12-31,115.19805867616765,0.604033232698016,69.58345578270128,STR_Global
H01,2023-01-01,129.6694798846077,0.5168499925924237,67.01966971782294,STR_Global
H01,2023-01-02,122.23731768257723,0.7337316391292423,89.6893874659993,STR_Global
H01,2023-01-03,109.89525989257989,0.5648655628350501,62.07604783212624,STR_Global
H01,2023-01-04,108.8320864014356,0.7781023975450665,84.68250735878887,STR_Global
H01,2023-01-05,128.53670625210094,0.8484031306669584,109.05094398990164,STR_Global
H01,2023-01-06,127.95296434525704,0.5222743182503248,66.82654722152724,STR_Global
H01,2023-01-07,110.25257483576054,0.5402265489708484,59.56136801867312,STR_Global
H01,2023-01-08,109.55248544436317,0.803993027212101,88.07943441102317,STR_Global
H01,2023-01-09,118.33025784770378,0.6811062231142644,80.59547500278656,STR_Global
H01,2023-01-10,126.57311173752377,0.6521085863005491,82.53941295881808,STR_Global
H01,2023-01-11,118.6411203451005,0.8123831514841962,96.38204724156853,STR_Global
H01,2023-01-12,122.20073189535182,0.720957643582196,88.10155171129256,STR_Global
H01,2023-01-13,120.29673066109898,0.5831017139311822,70.1452298288046,STR_Global
H01,2023-01-14,119.70400964691035,0.6345789646756844,75.96164650926451,STR_Global
H01,2023-01-15,122.41562559716056,0.8326858684051712,101.93376150673394,STR_Global
H01,2023-01-16,123.21849675303197,0.677193120823321,83.44271835934396,STR_Global
H01,2023-01-17,116.68447423692334,0.5890370532946464,68.73147886975241,STR_Global
H01,2023-01-18,111.36057834127963,0.5159770609258343,57.45950391553458,STR_Global
H01,2023-01-19,115.95232817047322,0.8400364418153676,97.40418117653215,STR_Global
H01,2023-01-20,122.65872170581845,0.5686341994584375,69.74794402378335,STR_Global
H01,2023-01-21,120.3977430827035,0.5724474024534494,68.92137528895137,STR_Global
H01,2023-01-22,113.2576514184446,0.5026824114272289,56.93262932760824,STR_Global
H01,2023-01-23,116.13265558413005,0.537809013945742,62.45718898660145,STR_Global
H01,2023-01-24,120.304025422954,0.7002170251792552,84.23892679875034,STR_Global
H01,2023-01-25,117.52836098969262,0.8261138018014857,97.0918011166924,STR_Global
H01,2023-01-26,110.73212144343843,0.7159732806412304,79.28124026222176,STR_Global
H01,2023-01-27,128.9813405924442,0.6775941785512332,87.39700552717406,STR_Global
H01,2023-01-28,131.8276041359777,0.7457905681110825,98.3157837812937,STR_Global
H01,2023-01-29,117.46982581434351,0.5961560339318318,70.03034546414214,STR_Global
H01,2023-01-30,129.7826640613573,0.643857376342941,83.56152557734282,STR_Global
H01,2023-01-31,115.42494522870678,0.7127668249317463,82.27107172858604,STR_Global
H01,2023-02-01,127.70875878120545,0.8342711790197461,106.54373675954463,STR_Global
H01,2023-02-02,109.22724915461042,0.7227404795641924,78.94295443548066,STR_Global
H01,2023-02-03,122.49109087078531,0.5208336451217201,63.79748135316697,STR_Global
H01,2023-02-04,117.21213319307951,0.5400706733230668,63.302835695219436,STR_Global
H01,2023-02-05,110.90460001164463,0.6291685576163208,69.77768722234146,STR_Global
H01,2023-02-06,109.70418394879813,0.7629123167329463,83.69467313167489,STR_Global
H01,2023-02-07,130.6014170788542,0.6241699521425945,81.51748024786346,STR_Global
H01,2023-02-08,116.68607978010877,0.7375344848353976,86.06000773808464,STR_Global
H01,2023-02-09,123.26630511382903,0.5035459144097102,62.07024432444938,STR_Global
H01,2023-02-10,112.12436355185027,0.5540125478490778,62.11830432731684,STR_Global
H01,2023-02-11,120.71979655023407,0.7593434375961025,91.66778529835685,STR_Global
H01,2023-02-12,127.68030309886454,0.8469421293567716,108.13782778347034,STR_Global
H01,2023-02-13,118.772473720193,0.6863724448030013,81.5221531626291,STR_Global
H01,2023-02-14,129.84323128277123,0.6397790619381418,83.07098070910857,STR_Global
H01,2023-02-15,119.19858683273318,0.5756179777540905,68.61284950380323,STR_Global
H01,2023-02-16,117.29742205604782,0.5235845941749329,61.41512312498162,STR_Global
H01,2023-02-17,109.86275147355458,0.6413642524595433,70.46204147198493,STR_Global
H01,2023-02-18,122.16685303087584,0.8016098732214034,97.93015556993821,STR_Global
H01,2023-02-19,118.80296066836638,0.6344838670480835,75.37856190162647,STR_Global
H01,2023-02-20,110.37296682337525,0.7657728590134145,84.52062236212882,STR_Global
H01,2023-02-21,116.88125603218212,0.5043083960556265,58.94419875855679,STR_Global
H01,2023-02-22,120.61950237295977,0.6375409788708519,76.89987561377183,STR_Global
H01,2023-02-23,123.49777224229469,0.5579699214598929,68.90804227850491,STR_Global
H01,2023-02-24,130.71946641584512,0.7666673870463454,100.21835175312847,STR_Global
H01,2023-02-25,117.09384667341155,0.6810337836000162,79.74486543627364,STR_Global
H01,2023-02-26,127.00128622227231,0.6350560760132906,80.65293847695705,STR_Global
H01,2023-02-27,128.33134775265086,0.5354409701153057,68.71386133688402,STR_Global
H01,2023-02-28,121.92531645084071,0.7946031766106366,96.88224376109514,STR_Global
H01,2023-03-01,112.01663359532706,0.5368407148189543,60.13508965092828,STR_Global
H01,2023-03-02,120.1309228298508,0.5096378519543129,61.22326546429449,STR_Global
H01,2023-03-03,113.01273769693776,0.5347557709637926,60.434213675854814,STR_Global
H01,2023-03-04,108.56045031187647,0.556008727762118,60.36055786318906,STR_Global
H01,2023-03-05,114.94187452734371,0.6604830531086617,75.9171602178527,STR_Global
H01,2023-03-06,116.9952856267631,0.6296389451963573,73.66478823498167,STR_Global
H01,2023-03-07,131.87659135342372,0.655444699608013,86.43781280497349,STR_Global
H01,2023-03-08,122.56505619784632,0.5308705963264547,65.06618447253611,STR_Global
H01,2023-03-09,131.29781168825394,0.5108281756559697,67.07062161233182,STR_Global
H01,2023-03-10,119.46908275253382,0.8430381473448184,100.71699418868091,STR_Global
H01,2023-03-11,113.92577824002205,0.5589179345716956,63.67516066838615,STR_Global
H01,2023-03-12,127.84355937111405,0.6246649764911579,79.85939400910291,STR_Global
H01,2023-03-13,120.17871278687382,0.562009823845153,67.54161720328818,STR_Global
H01,2023-03-14,127.93652425248186,0.5822630251813388,74.4927076424358,STR_Global
H01,2023-03-15,121.99162622795046,0.5578347176549111,68.0511643731322,STR_Global
H01,2023-03-16,119.73354796301884,0.7191820124973723,86.11021398749455,STR_Global
H01,2023-03-17,129.12755429157426,0.8478469361148944,109.48040127412091,STR_Global
H01,2023-03-18,122.89585151579003,0.699282076413799,85.93886623060358,STR_Global
H01,2023-03-19,108.94702878938159,0.6382982101425115,69.54069347660695,STR_Global
H01,2023-03-20,113.46599366647705,0.6900586043851821,78.29818523466706,STR_Global
H01,2023-03-21,116.48305777312278,0.7096922047641138,82.66711808867315,STR_Global
H01,2023-03-22,125.9006409270483,0.5132935471514487,64.62398657008548,STR_Global
H01,2023-03-23,124.33814143105165,0.5202093681542108,64.68186599131629,STR_Global
H01,2023-03-24,131.2705854443543,0.51206144079875,67.21860511713149,STR_Global
H01,2023-03-25,119.60177846335552,0.8433455823569398,100.86563150910426,STR_Global
H01,2023-03-26,117.00791779007045,0.706056032745962,82.61414623472281,STR_Global
H01,2023-03-27,126.28315659306475,0.5711280818801305,72.12385699876523,STR_Global
H01,2023-03-28,119.81581152002838,0.6789464117702628,81.34851530486539,STR_Global
H01,2023-03-29,131.53774424600232,0.8029520009685933,105.61849494522264,STR_Global
H01,2023-03-30,126.34866707171322,0.789631622737206,99.76890301051989,STR_Global
H01,2023-03-31,112.81138837268166,0.8346165002641766,94.15424615355039,STR_Global
H01,2023-04-01,118.53959559920997,0.7988866884343977,94.69970497660556,STR_Global
H01,2023-04-02,109.49898224685771,0.8125815718183952,88.97685510666619,STR_Global
H01,2023-04-03,120.25037973610159,0.6569116693792978,78.99387769593697,STR_Global
H01,2023-04-04,108.45878626631435,0.8242339123555303,89.39540973361653,STR_Global
H01,2023-04-05,125.34496698475749,0.7407027148506962,92.84335733848076,STR_Global
H01,2023-04-06,115.18549412092035,0.5470522952928426,63.0124889432897,STR_Global
H01,2023-04-07,114.69023693794927,0.7815530226878267,89.63650135163728,STR_Global
H01,2023-04-08,108.21271884272326,0.8351068066633336,90.36917807310377,STR_Global
H01,2023-04-09,110.15549170278658,0.8481270245459993,93.4258494152859,STR_Global
H01,2023-04-10,116.20277771368228,0.5154566776622409,59.89749773541856,STR_Global
H01,2023-04-11,108.13597954870961,0.5241603393107473,56.680591731951665,STR_Global
H01,2023-04-12,126.38678238709407,0.7304891804845192,92.32417709002361,STR_Global
H01,2023-04-13,110.12651313527229,0.7147614399831104,78.71418510888614,STR_Global
H01,2023-04-14,117.78103274477834,0.5271772671350617,62.091482962737466,STR_Global
H01,2023-04-15,116.37169281526751,0.5231034454490846,60.87443346440892,STR_Global
H01,2023-04-16,130.7445126231473,0.7828823235032277,102.35756782770665,STR_Global
H01,2023-04-17,120.5418383840819,0.8342903225520955,100.56688922647825,STR_Global
H01,2023-04-18,120.01498243369004,0.5269017263466572,63.23610143177502,STR_Global
H01,2023-04-19,109.20542427513537,0.7474802670433444,81.62889969975991,STR_Global
H01,2023-04-20,115.08697185715064,0.641005648921423,73.7713990776944,STR_Global
H01,2023-04-21,127.28358583912525,0.5983515746180498,76.1603340098723,STR_Global
H01,2023-04-22,108.52864610937162,0.5931588043804381,64.37472196726256,STR_Global
H01,2023-04-23,121.17553078659941,0.7947807612203818,96.30798059985729,STR_Global
H01,2023-04-24,113.15107375821127,0.5117842123748555,57.908933162715336,STR_Global
H01,2023-04-25,112.50822846090658,0.7658640000449288,86.16600188703862,STR_Global
H01,2023-04-26,118.89472435460057,0.8034267139231592,95.52319769101655,STR_Global
H01,2023-04-27,123.29018008994173,0.6941300718122835,85.57942155958061,STR_Global
H01,2023-04-28,113.63168260262039,0.6621104508629696,75.23672460033885,STR_Global
H01,2023-04-29,121.51893434289157,0.6014895416302631,73.09236811730389,STR_Global
H01,2023-04-30,125.29572348679474,0.8208770917458172,102.85238910402816,STR_Global
H01,2023-05-01,129.16781207331928,0.5555184505842323,71.75510282832562,STR_Global
H01,2023-05-02,114.51712913786982,0.7526025434510127,86.1858826578689,STR_Global
H01,2023-05-03,112.53694859346076,0.5359618883583481,60.31551547823758,STR_Global
H01,2023-05-04,122.24365831142245,0.7502635515977394,91.71496124502832,STR_Global
H01,2023-05-05,119.20723199912666,0.7041432812345658,83.93897148675518,STR_Global
H01,2023-05-06,109.98517107658449,0.8291569770076603,91.19497196553115,STR_Global
H01,2023-05-07,114.48943887322861,0.6260818715801497,71.67976216591211,STR_Global
H01,2023-05-08,126.93437932262418,0.6096717711548001,77.38830786205952,STR_Global
H01,2023-05-09,129.8386354525054,0.6518360968517853,84.63350935392296,STR_Global
H01,2023-05-10,110.14294858861376,0.8374274457715378,92.23672810630863,STR_Global
H01,2023-05-11,117.30357133093553,0.672834914159925,78.92593834710264,STR_Global
H01,2023-05-12,108.10471847160743,0.7463499820720159,80.68395469318453,STR_Global
H01,2023-05-13,123.99324992587697,0.7495661177220115,92.94113897067469,STR_Global
H01,2023-05-14,124.22659755394588,0.5453602279184047,67.74824555554785,STR_Global
H01,2023-05-15,126.76377272027845,0.5368777227877998,68.05664563005331,STR_Global
H01,2023-05-16,116.64121118162349,0.5168651043376536,60.287771787460116,STR_Global
H01,2023-05-17,119.42322554427975,0.8030370578278243,95.90127567738708,STR_Global
H01,2023-05-18,126.49873483833314,0.7220484508503042,91.33821552454185,STR_Global
H01,2023-05-19,112.46455200013598,0.8006348398972203,90.04303858474148,STR_Global
H01,2023-05-20,125.27169159865275,0.6455291252406076,80.86652549508948,STR_Global
H01,2023-05-21,125.53191266301097,0.8044171118385988,100.98001862795451,STR_Global
H01,2023-05-22,126.09655283828117,0.7786842084469989,98.18939443477215,STR_Global
H01,2023-05-23,130.33937513559576,0.6381570238456898,83.1769877264387,STR_Global
H01,2023-05-24,131.39020347204792,0.7579837926512178,99.59164474495809,STR_Global
H01,2023-05-25,119.23569939122473,0.7387678582193137,88.08750226253701,STR_Global
H01,2023-05-26,109.03216684480655,0.5298694677695137,57.772816215814466,STR_Global
H01,2023-05-27,126.76836803839123,0.7881583004372512,99.91354150234238,STR_Global
H01,2023-05-28,124.51306665206434,0.5349533873976624,66.60868678079274,STR_Global
H01,2023-05-29,128.11836862909692,0.8188740459685843,104.91280688220314,STR_Global
H01,2023-05-30,108.75412371627054,0.8320960845408956,90.49388052198486,STR_Global
H01,2023-05-31,129.74558125647278,0.6155849727677418,79.86943010450062,STR_Global
H01,2023-06-01,129.06352847161878,0.753699774760256,97.27515233882296,STR_Global
H01,2023-06-02,126.29541676852654,0.6391766528572126,80.72508176131348,STR_Global
H01,2023-06-03,113.27532837175656,0.5935384204277584,67.23325947520803,STR_Global
H01,2023-06-04,121.80852967803733,0.7999953459496988,97.44625683940562,STR_Global
H01,2023-06-05,116.82560761932264,0.6339031132497224,74.05611637717911,STR_Global
H01,2023-06-06,115.97038476943527,0.6524276689152667,75.6622877983292,STR_Global
H01,2023-06-07,113.35832125212471,0.7586592952257856,86.00034410911512,STR_Global
H01,2023-06-08,121.63422029610882,0.6997273683583272,85.11079287011326,STR_Global
H01,2023-06-09,129.10212275631324,0.6919337126684788,89.33011111215752,STR_Global
H01,2023-06-10,127.91431488690348,0.6914371379799858,88.44470779207124,STR_Global
H01,2023-06-11,112.97027803623772,0.6019004867248127,67.9968653354489,STR_Global
H01,2023-06-12,125.04325036315359,0.8148093243911356,101.8864063480728,STR_Global
H01,2023-06-13,125.93866575832065,0.6694269743985706,84.30673997838545,STR_Global
H01,2023-06-14,130.9869552237169,0.5202455573065062,68.14538152024498,STR_Global
H01,2023-06-15,123.62297604283374,0.6857580743503926,84.77545399659839,STR_Global
H01,2023-06-16,126.6462722478534,0.6964527400319409,88.20314332184866,STR_Global
H01,2023-06-17,122.87362971439416,0.7539695200960455,92.64297162822095,STR_Global
H01,2023-06-18,115.56352893918128,0.7965180536617535,92.0484371449204,STR_Global
H01,2023-06-19,120.65436434196616,0.8435786633483567,101.78144739874145,STR_Global
H01,2023-06-20,114.237719501828,0.735945603437622,84.07274741411061,STR_Global
H01,2023-06-21,114.9721081361141,0.8211200450961966,94.40590261753081,STR_Global
H01,2023-06-22,124.98531240642068,0.811549398088605,101.43175505334696,STR_Global
H01,2023-06-23,108.18819817852601,0.5515560654976396,59.6718569206267,STR_Global
H01,2023-06-24,111.22259642165461,0.6566856988936464,73.03828846392024,STR_Global
H01,2023-06-25,116.50242635618513,0.7663809071083565,89.28523519117766,STR_Global
H01,2023-06-26,114.59289156114941,0.5266837262907476,60.35421113385773,STR_Global
H01,2023-06-27,121.11785140877507,0.6608827046409315,80.04469321932972,STR_Global
H01,2023-06-28,111.97799471568375,0.5153649799250518,57.70953699869592,STR_Global
H01,2023-06-29,109.1994966878323,0.5732149128927747,62.59477998185063,STR_Global
H01,2023-06-30,127.03542897592176,0.8434173852074405,107.14388933557746,STR_Global
H01,2023-07-01,131.05504741231678,0.5846919956109659,76.62683720639724,STR_Global
H01,2023-07-02,131.87566305518283,0.8330004336266412,109.85248450976812,STR_Global
H01,2023-07-03,121.66895470961049,0.8434003061271376,102.61563364825432,STR_Global
H01,2023-07-04,122.24546244909087,0.6529485599829673,79.81999867058579,STR_Global
H01,2023-07-05,131.5482680822951,0.7178201426160361,94.42799655572561,STR_Global
H01,2023-07-06,129.78957105071086,0.7774082907009341,100.89948858134056,STR_Global
H01,2023-07-07,130.86952310394787,0.6383220742084895,83.53690543838785,STR_Global
H01,2023-07-08,119.44560255523129,0.5565850026829366,66.4816310186684,STR_Global
H01,2023-07-09,123.37476440517331,0.5865691105366792,72.36782581981485,STR_Global
H01,2023-07-10,121.56204749886615,0.5569449103329981,67.70336364415166,STR_Global
H01,2023-07-11,108.29047480262659,0.6746134825875797,73.05421433766247,STR_Global
H01,2023-07-12,130.22865764236278,0.6249602703895043,81.38773709263323,STR_Global
H01,2023-07-13,113.3298208966397,0.7220272911050905,81.82722358342583,STR_Global
H01,2023-07-14,125.49267461447874,0.7968147313605194,99.99441181064896,STR_Global
H01,2023-07-15,108.70007432748635,0.6500457073452517,70.6600167046923,STR_Global
H01,2023-07-16,110.84406296635565,0.7318519040953738,81.12143853959489,STR_Global
H01,2023-07-17,130.0687445917452,0.6392428189257549,83.14551094696124,STR_Global
H01,2023-07-18,119.55718416662052,0.6794520867344198,81.23337826610165,STR_Global
H01,2023-07-19,108.7828307601976,0.5317525957822259,57.84555263327364,STR_Global
H01,2023-07-20,114.61315054126761,0.65552787223453,75.13211470441303,STR_Global
H01,2023-07-21,117.27175615383518,0.8473548012811727,99.37078563162716,STR_Global
H01,2023-07-22,128.33452002532465,0.6454613635675674,82.83497428833535,STR_Global
H01,2023-07-23,110.44328839078888,0.821383680336403,90.71631468688089,STR_Global
H01,2023-07-24,108.93431911981602,0.5772984740370531,62.88761619813517,STR_Global
H01,2023-07-25,128.80248850814402,0.5613276202370395,72.30039435488511,STR_Global
H01,2023-07-26,121.95893503174065,0.8326607097013534,101.55041339795042,STR_Global
H01,2023-07-27,120.40076124543043,0.703031092134309,84.64547867217715,STR_Global
H01,2023-07-28,116.47320939840726,0.5988736230904983,69.75273290540244,STR_Global
H01,2023-07-29,129.4213974596754,0.831259779602642,107.5828023281957,STR_Global
H01,2023-07-30,119.43205759922638,0.7731279260524085,92.3362589958617,STR_Global
H01,2023-07-31,122.1871272782044,0.5716380381700494,69.8468097269469,STR_Global
H01,2023-08-01,128.52072483887846,0.6160476446735178,79.17488982872436,STR_Global
H01,2023-08-02,109.6561822227076,0.5249053998107015,57.55912217132547,STR_Global
H01,2023-08-03,110.28127309278463,0.6610008384532796,72.89601398002574,STR_Global
H01,2023-08-04,125.44198138003672,0.5166744401027773,64.81266549491349,STR_Global
H01,2023-08-05,127.79490855066689,0.6234109120751004,79.66874049812529,STR_Global
H01,2023-08-06,109.08967875524863,0.6621527786454788,72.23403390933053,STR_Global
H01,2023-08-07,117.403775118804,0.8258534898098548,96.95831739871569,STR_Global
H01,2023-08-08,122.17034615574464,0.6862075876444881,83.8342185172256,STR_Global
H01,2023-08-09,125.35507857318132,0.6267616891795549,78.56776079376294,STR_Global
H01,2023-08-10,108.2421745605366,0.5712524321412261,61.83360547796168,STR_Global
H01,2023-08-11,109.24562264609543,0.8089570332356977,88.37501478977191,STR_Global
H01,2023-08-12,125.5613936775411,0.6085295884199643,76.40782321603119,STR_Global
H01,2023-08-13,126.21765454220102,0.6455803666036493,81.48363969120689,STR_Global
H01,2023-08-14,127.63264197932864,0.8136142798800267,103.84374009319673,STR_Global
H01,2023-08-15,111.00855541901726,0.5950035021719701,66.05047924536649,STR_Global
H01,2023-08-16,117.73802804676147,0.849840371551683,100.05852950102225,STR_Global
H01,2023-08-17,121.01930408310375,0.7668690095664435,92.80595386063003,STR_Global
H01,2023-08-18,117.94727317294425,0.6332413884063031,74.68909502277272,STR_Global
H01,2023-08-19,114.45647152315946,0.5072349791121665,58.056325942302074,STR_Global
H01,2023-08-20,123.08241713805599,0.5940963598584952,73.12281598430393,STR_Global
H01,2023-08-21,130.7810070448923,0.6265985892008532,81.94719450859637,STR_Global
H01,2023-08-22,121.4422007386415,0.5454794802937795,66.244228544647,STR_Global
H01,2023-08-23,112.13014150308624,0.747971394122479,83.87013826321426,STR_Global
H01,2023-08-24,124.73302516583131,0.7896272119556274,98.49259090048648,STR_Global
H01,2023-08-25,130.10386850631784,0.6616006503345917,86.07680401482608,STR_Global
H01,2023-08-26,128.6805816908963,0.7551433715795357,97.17228831487931,STR_Global
H01,2023-08-27,112.6857744709558,0.782474816353346,88.17378068479572,STR_Global
H01,2023-08-28,131.4846112413394,0.6174636589944449,81.18696915853954,STR_Global
H01,2023-08-29,125.44936227876937,0.7454094515565909,93.51114033434156,STR_Global
H01,2023-08-30,119.91021006917669,0.8314817334879816,99.70314933122705,STR_Global
H01,2023-08-31,126.86893565426539,0.5570623679260569,70.67390971182363,STR_Global
H01,2023-09-01,108.6046419350215,0.6345242634834471,68.91228043470302,STR_Global
H01,2023-09-02,124.88879471109725,0.5039962942089258,62.9434897226123,STR_Global
H01,2023-09-03,121.41553521839458,0.5341300139743141,64.85168152289992,STR_Global
H01,2023-09-04,120.82297324544824,0.7471676140371755,90.27501264067905,STR_Global
H01,2023-09-05,115.41202617617618,0.6503585802516226,75.05920148790105,STR_Global
H01,2023-09-06,131.07632013559405,0.5414723255689402,70.97419989083902,STR_Global
H01,2023-09-07,113.44145717591911,0.8333634908407463,94.53796875818499,STR_Global
H01,2023-09-08,124.25165789898418,0.7830764945972384,97.2985527154318,STR_Global
H01,2023-09-09,127.59385883916075,0.6107923828437545,77.93335707660064,STR_Global
H01,2023-09-10,115.50871586052313,0.5248120515619499,60.62036614404748,STR_Global
H01,2023-09-11,129.74608945155026,0.7914906318758949,102.6928143234339,STR_Global
H01,2023-09-12,109.2440591788735,0.7359069716705774,80.39346476332614,STR_Global
H01,2023-09-13,115.3626383885314,0.6006714551652874,69.295043872546,STR_Global
H01,2023-09-14,116.01719917605047,0.7174523571673636,83.23681302081292,STR_Global
H01,2023-09-15,109.640476807439,0.6415845849508544,70.34363980631453,STR_Global
H01,2023-09-16,118.38640511038231,0.6000154136074471,71.03366782780483,STR_Global
H01,2023-09-17,109.35805574752118,0.6163596550020491,67.403893512237,STR_Global
H01,2023-09-18,123.40162553516541,0.8305570039430061,102.49208438618375,STR_Global
H01,2023-09-19,112.77581133502649,0.7212987537731739,81.34505217171318,STR_Global
H01,2023-09-20,110.43294954127582,0.7628289294271613,84.24144867205516,STR_Global
H01,2023-09-21,118.36845426226816,0.5967116879630487,70.63184014441497,STR_Global
H01,2023-09-22,131.4505015932378,0.6575407842661838,86.43406590980082,STR_Global
H01,2023-09-23,131.4949801689865,0.6917246430341618,90.95831821817637,STR_Global
H01,2023-09-24,121.97239752222215,0.5664353560402546,69.08947841758338,STR_Global
H01,2023-09-25,109.77701322989635,0.6818964920130695,74.85656022513864,STR_Global
H01,2023-09-26,125.76387285027512,0.6808764786948553,85.62966289332284,STR_Global
H01,2023-09-27,124.55469238195491,0.6923621939857648,86.23696008879233,STR_Global
H01,2023-09-28,112.13065446774667,0.7083758814405114,79.43065119509147,STR_Global
H01,2023-09-29,110.2096076659794,0.6040517766075668,66.57230930985777,STR_Global
H01,2023-09-30,123.56411568284854,0.7182770724015931,88.75327126656822,STR_Global
H01,2023-10-01,131.16036886690733,0.5052887394750663,66.27385745384433,STR_Global
H01,2023-10-02,124.95911687708903,0.7366092008183915,92.04603521780453,STR_Global
H01,2023-10-03,114.50631009033759,0.6095175879747768,69.79360993415442,STR_Global
H01,2023-10-04,130.7216094941615,0.803133471764092,104.98690006763582,STR_Global
H01,2023-10-05,130.67367021079394,0.5541900144092019,72.4180431770232,STR_Global
H01,2023-10-06,112.86318321924823,0.8090478386904205,91.31171445125372,STR_Global
H01,2023-10-07,124.32268525072735,0.7453988580461157,92.66998761511884,STR_Global
H01,2023-10-08,121.99022536330232,0.505388212091958,61.65242188905438,STR_Global
H01,2023-10-09,130.98194436201163,0.6575889861500116,86.13228399697246,STR_Global
H01,2023-10-10,112.52497453798203,0.7939305623325493,89.33701631139587,STR_Global
H01,2023-10-11,110.44543442095049,0.8419524340536302,92.98980234082985,STR_Global
H01,2023-10-12,110.22301159323281,0.6517539774214149,71.83828620925621,STR_Global
H01,2023-10-13,118.41650334501023,0.8200920323469956,97.11243089163423,STR_Global
H01,2023-10-14,125.36274762840003,0.6520411616523134,81.74167159154776,STR_Global
H01,2023-10-15,122.71900043729713,0.706308896319644,86.67752175631725,STR_Global
H01,2023-10-16,125.13726536107507,0.5847077279933071,73.16872611656977,STR_Global
H01,2023-10-17,129.05928111970758,0.5697446177633803,73.53083079036443,STR_Global
H01,2023-10-18,113.9610302488752,0.5048109439039709,57.528775248203665,STR_Global
H01,2023-10-19,113.94143448671728,0.5947822148129404,67.77033876297325,STR_Global
H01,2023-10-20,125.58560339486797,0.6606291808088871,82.96551429214142,STR_Global
H01,2023-10-21,109.94758028486973,0.7355050840093279,80.86700427404544,STR_Global
H01,2023-10-22,117.19882175141284,0.8097375078632056,94.90028184949308,STR_Global
H01,2023-10-23,126.88246808057104,0.5991566668487257,76.02247665669478,STR_Global
H01,2023-10-24,114.08057208143188,0.6797638662905136,77.54785074670775,STR_Global
H01,2023-10-25,116.90671052232308,0.5239605517667523,61.25450455051239,STR_Global
H01,2023-10-26,116.00656293669704,0.7799015673877014,90.47370026159005,STR_Global
H01,2023-10-27,128.63577204939062,0.8203400147212381,105.52507113667492,STR_Global
H01,2023-10-28,117.87214719597945,0.7755806707517869,91.4193589852111,STR_Global
H01,2023-10-29,128.00743521945503,0.7232839919396585,92.58572874348468,STR_Global
H01,2023-10-30,111.46530317120802,0.6872589266096265,76.60552461166102,STR_Global
H01,2023-10-31,120.00192283851798,0.64678636408344,77.61560735574658,STR_Global
H01,2023-11-01,112.82636945862401,0.7095958900278037,80.06112805459811,STR_Global
H01,2023-11-02,119.2686130090527,0.6426715002928796,76.65053846037875,STR_Global
H01,2023-11-03,114.74491395314467,0.5735102723306985,65.80738684983056,STR_Global
H01,2023-11-04,117.81065426949918,0.5040223656543403,59.37920466419859,STR_Global
H01,2023-11-05,109.69180669543547,0.5561619149949293,61.006405270987,STR_Global
H01,2023-11-06,129.16057468424418,0.7324767847461389,94.60712246067872,STR_Global
H01,2023-11-07,110.65036472186647,0.7397970084560694,81.85880880580982,STR_Global
H01,2023-11-08,113.99896671354291,0.6084324063628641,69.36066564040097,STR_Global
H01,2023-11-09,116.56526340410664,0.6874438352078853,80.13207172653644,STR_Global
H01,2023-11-10,126.94302835967245,0.7899944592671284,100.28428904673119,STR_Global
H01,2023-11-11,130.86756040806017,0.8198259553556407,107.28862273659996,STR_Global
H01,2023-11-12,120.13521968212703,0.6240487320775692,74.97023152049161,STR_Global
H01,2023-11-13,129.68540264238075,0.6115131369672625,79.30432738870476,STR_Global
H01,2023-11-14,116.37336180100378,0.7901049466885355,91.94716882174774,STR_Global
H01,2023-11-15,129.22503712855132,0.7780699717769717,100.54612099149004,STR_Global
H01,2023-11-16,117.94838555560301,0.6616452184462887,78.03998532632403,STR_Global
H01,2023-11-17,119.02054160958149,0.6035800111005298,71.83841982590226,STR_Global
H01,2023-11-18,117.23528681330649,0.7526752296304877,88.24009642300155,STR_Global
H01,2023-11-19,125.7750275734649,0.6503630072463271,81.79942516916834,STR_Global
H01,2023-11-20,126.9463726606846,0.68616117765263,87.10567256358497,STR_Global
H01,2023-11-21,116.28551888807935,0.689479363555044,80.176465553621,STR_Global
H01,2023-11-22,129.15989957598512,0.756344852684434,97.68942521753475,STR_Global
H01,2023-11-23,121.97145138186718,0.7221237397705832,88.0784806171198,STR_Global
H01,2023-11-24,115.46405987358433,0.5741630156540382,66.2951928166756,STR_Global
H01,2023-11-25,114.42241917268097,0.5853053188835197,66.97205054128979,STR_Global
H01,2023-11-26,121.72589289241444,0.7622866584804057,92.79002414350236,STR_Global
H01,2023-11-27,118.29466400232347,0.6455212862331626,76.36172366129965,STR_Global
H01,2023-11-28,124.85150630836392,0.7437504324626375,92.85836181045738,STR_Global
H01,2023-11-29,117.88699428081846,0.6750394632268194,79.57837334074682,STR_Global
H01,2023-11-30,120.78009759398358,0.7209966224264317,87.08204242159695,STR_Global
H01,2023-12-01,110.8128937363256,0.7119732612631939,78.89581734346349,STR_Global
H01,2023-12-02,124.60976752858485,0.5499946876850161,68.53471017438649,STR_Global
H01,2023-12-03,129.4961946628507,0.6371507806158091,82.50860151621211,STR_Global
H01,2023-12-04,118.06251986798455,0.6777317723855727,80.01472084243606,STR_Global
H01,2023-12-05,109.6571017515504,0.7774653397504845,85.25459586932259,STR_Global
H01,2023-12-06,123.0822349587501,0.6962374032286325,85.69445565125659,STR_Global
H01,2023-12-07,108.23949063980278,0.5886453342329503,63.714671144871005,STR_Global
H01,2023-12-08,128.06682487697398,0.6874798097716525,88.0433564044816,STR_Global
H01,2023-12-09,119.64227183950896,0.7951641587257591,95.13524643530172,STR_Global
H01,2023-12-10,118.83105871270213,0.7770453709069796,92.3371240926807,STR_Global
H01,2023-12-11,129.18143704253634,0.799240906846516,103.24708888961287,STR_Global
H01,2023-12-12,117.30782615800635,0.5264949045584256,61.76197273701594,STR_Global
H01,2023-12-13,112.8833458199423,0.81562090999118,92.07001724051041,STR_Global
H01,2023-12-14,117.34571853549302,0.8070726585964936,94.70652103335618,STR_Global
H01,2023-12-15,109.59755346994135,0.8388230342177656,91.93295234450001,STR_Global
H01,2023-12-16,117.01125428319601,0.5259368979012035,61.540536097233016,STR_Global
H01,2023-12-17,131.93237649367083,0.651715281464472,85.98234588084938,STR_Global
H01,2023-12-18,113.28267182171408,0.6124067534225837,69.37507326937192,STR_Global
H01,2023-12-19,109.64912826537507,0.6303866458158428,69.12134618384091,STR_Global
H01,2023-12-20,125.34570605373132,0.6624834819087287,83.03945978878394,STR_Global
H01,2023-12-21,108.20072836504458,0.748067979330204,80.94150023009519,STR_Global
H01,2023-12-22,119.61574483631394,0.7315895009399498,87.5096230693593,STR_Global
H01,2023-12-23,126.54742975896811,0.7815731248511377,98.90607011859656,STR_Global
H01,2023-12-24,126.39636118878204,0.5232621640216952,66.1384334801099,STR_Global
H01,2023-12-25,126.04192781750017,0.7736859920052856,97.51687395774123,STR_Global
H01,2023-12-26,111.36778843664436,0.6813028232416187,75.8751886800611,STR_Global
H01,2023-12-27,125.8140764927781,0.7171658247681897,90.22955593539132,STR_Global
H01,2023-12-28,129.3698284132639,0.5682413199651012,73.51328206121173,STR_Global
H01,2023-12-29,126.20916770793411,0.817879971045113,103.22395043059296,STR_Global
H01,2023-12-30,129.33907017456025,0.7289464579597558,94.28125707955398,STR_Global
H01,2023-12-31,111.75544118408642,0.7213369635149356,80.61333060000088,STR_Global
H01,2024-01-01,114.50262475959278,0.7507389891853347,85.96158477108436,STR_Global
H01,2024-01-02,113.79601507182801,0.6098393828785454,69.39729160544125,STR_Global
H01,2024-01-03,129.78812433320485,0.6486977950038304,84.19327007263297,STR_Global
H01,2024-01-04,109.84732006514098,0.565772133285363,62.14855260893487,STR_Global
H01,2024-01-05,127.72394271804863,0.6339795675527358,80.97436997051886,STR_Global
H01,2024-01-06,114.52670494604277,0.7786845076894789,89.18017085820753,STR_Global
H01,2024-01-07,130.537643506807,0.5924216946428016,77.3333319809805,STR_Global
H01,2024-01-08,114.46828469501455,0.6135791300613698,70.23535054278423,STR_Global
H01,2024-01-09,113.24917471195026,0.7431243356128048,84.15821771651649,STR_Global
H01,2024-01-10,123.88725467505284,0.592622259423875,73.41834477935085,STR_Global
H01,2024-01-11,126.26043194233878,0.7723088351006286,97.51204711268987,STR_Global
H01,2024-01-12,124.77477188369727,0.5309347314445816,66.24726000112975,STR_Global
H01,2024-01-13,108.74757822704139,0.6513211792411715,70.82960089045814,STR_Global
H01,2024-01-14,129.10045854242995,0.5117867413560624,66.07190298500365,STR_Global
H01,2024-01-15,108.93550369586714,0.6950680093505528,75.71758370148616,STR_Global
H01,2024-01-16,129.550060486984,0.6130595710139328,79.42190450697946,STR_Global
H01,2024-01-17,129.62306149657124,0.6138517164266117,79.5693387881425,STR_Global
H01,2024-01-18,125.95211367291368,0.5330145992018652,67.13431538799585,STR_Global
H01,2024-01-19,131.2143261006328,0.7473932495231894,98.0687015683474,STR_Global
H01,2024-01-20,130.40570600298358,0.8160828047567884,106.421854311204,STR_Global
H01,2024-01-21,108.13724595265894,0.7359905947022747,79.5879959581636,STR_Global
H01,2024-01-22,115.296726538752,0.6999068045178263,80.69696344310357,STR_Global
H01,2024-01-23,129.40106076486592,0.8364057954985578,108.23179716739489,STR_Global
H01,2024-01-24,108.32876520981395,0.6421041305971387,69.55834760370915,STR_Global
H01,2024-01-25,108.37782991189626,0.6092687288761612,66.03122266877784,STR_Global
H01,2024-01-26,124.94780405085731,0.8208111555748439,102.55855142952335,STR_Global
H01,2024-01-27,120.27925722948186,0.5464256021603336,65.72366555901729,STR_Global
H01,2024-01-28,117.95556286533474,0.8284448103503503,97.71967390774107,STR_Global
H01,2024-01-29,109.66387992930635,0.6367077626536237,69.82384363370427,STR_Global
H01,2024-01-30,124.22700954211896,0.7565512668699237,93.9841014485522,STR_Global
H01,2024-01-31,121.6676276201341,0.7025940588124574,85.48295231571267,STR_Global
H01,2024-02-01,116.91566264782642,0.6326946804314765,73.97191781640085,STR_Global
H01,2024-02-02,119.26284545581896,0.7215754287248295,86.05713884072566,STR_Global
H01,2024-02-03,128.6650871880795,0.672951684723259,86.5853871882831,STR_Global
H01,2024-02-04,120.09609032631184,0.8289761271894378,99.55679184929889,STR_Global
H01,2024-02-05,124.26075873320843,0.7361752057585936,91.47768962813868,STR_Global
H01,2024-02-06,112.01656877368275,0.8295921953303107,92.9280712023282,STR_Global
H01,2024-02-07,124.73125934140343,0.7418093917927879,92.52681962959498,STR_Global
H01,2024-02-08,111.74895764847894,0.5963508747081511,66.64158864139455,STR_Global
H01,2024-02-09,112.30454424694179,0.7097557406488032,79.70879498021446,STR_Global
H01,2024-02-10,124.02625419847568,0.6593101971067797,81.77177410201257,STR_Global
H01,2024-02-11,108.45947683192408,0.5594049500019231,60.67276821439723,STR_Global
H01,2024-02-12,124.79134967093093,0.7133940988034155,89.02541243695568,STR_Global
H01,2024-02-13,131.0620835262918,0.7809838271885752,102.35736759167207,STR_Global
H01,2024-02-14,117.64529279737754,0.6709734714309669,78.93687050576892,STR_Global
H01,2024-02-15,114.6483005838235,0.7004125315087079,80.30110644508709,STR_Global
H01,2024-02-16,110.27780259041631,0.7591976531408284,83.72264892017164,STR_Global
H01,2024-02-17,109.59666259706053,0.7459240720503801,81.75078884753098,STR_Global
H01,2024-02-18,122.79154781358952,0.8204852812915775,100.74865764806118,STR_Global
H01,2024-02-19,122.32263407908057,0.7417379199018023,90.73133615872653,STR_Global
H01,2024-02-20,124.40289065778023,0.8416654412458293,104.70561385773726,STR_Global
H01,2024-02-21,129.2299990301085,0.7800257012269038,100.80272061301248,STR_Global
H01,2024-02-22,113.18944821906672,0.5701935422458433,64.53989242488211,STR_Global
H01,2024-02-23,122.85579755276612,0.7110638442686492,87.35831569856079,STR_Global
H01,2024-02-24,116.04669720187911,0.521837924009397,60.557567555975695,STR_Global
H01,2024-02-25,127.60737377452409,0.8413700967176747,107.3650284145598,STR_Global
H01,2024-02-26,110.04248366687484,0.8282878310018629,91.14685011449369,STR_Global
H01,2024-02-27,113.0590344372007,0.5248622111654008,59.34041480693435,STR_Global
H01,2024-02-28,114.44549201888742,0.6641875238666526,76.01326796172559,STR_Global
H01,2024-02-29,111.5346135252502,0.5586218811829377,62.305675624487186,STR_Global
H01,2024-03-01,110.74635644669661,0.5581076382750013,61.80838744402731,STR_Global
H01,2024-03-02,112.97455149762402,0.5544500029042558,62.63874040596464,STR_Global
H01,2024-03-03,108.4924995535038,0.5768973766369901,62.58903837720617,STR_Global
H01,2024-03-04,116.48872047793762,0.6279584953513884,73.15008163673417,STR_Global
H01,2024-03-05,112.08277001542277,0.8413806470012473,94.3042735532684,STR_Global
H01,2024-03-06,109.83551893198351,0.7718811662489607,84.77996844877924,STR_Global
H01,2024-03-07,119.62891188192027,0.5289578924663665,63.27865710710522,STR_Global
H01,2024-03-08,127.29131737160341,0.6971929275693489,88.7466062124673,STR_Global
H01,2024-03-09,120.13221024935673,0.7032446795939997,84.48233770572789,STR_Global
H01,2024-03-10,114.56737002865852,0.7183994699351438,82.30513790045175,STR_Global
H01,2024-03-11,119.03001737312697,0.5287953134969716,62.94251535237265,STR_Global
H01,2024-03-12,109.36748944793683,0.787833423914874,86.16336367674192,STR_Global
H01,2024-03-13,125.40014583117886,0.6604509984460033,82.8206515194765,STR_Global
H01,2024-03-14,126.64918285564214,0.7335243180179634,92.90025548171724,STR_Global
H01,2024-03-15,120.9125449287337,0.6098564238528646,73.73929224918636,STR_Global
H01,2024-03-16,129.34846346505032,0.8463078958377697,109.46862594495536,STR_Global
H01,2024-03-17,119.74542089775814,0.5683082810265276,68.05231431120296,STR_Global
H01,2024-03-18,119.59634071952804,0.6723991747636542,80.41648080456346,STR_Global
H01,2024-03-19,128.63507219547952,0.6264913226735151,80.58875652194908,STR_Global
H01,2024-03-20,118.89575786879278,0.6148815869874188,73.1068122844352,STR_Global
H01,2024-03-21,112.71406118092843,0.544100709752398,61.327800687618364,STR_Global
H01,2024-03-22,125.66975544321201,0.6785519331597132,85.27345549569989,STR_Global
H01,2024-03-23,117.6666199975896,0.8043621288661721,94.64657295774808,STR_Global
H01,2024-03-24,123.88001423110053,0.630260639336414,78.07669697029748,STR_Global
H01,2024-03-25,112.44648852919978,0.6998070958938167,78.69085058107667,STR_Global
H01,2024-03-26,112.38810671685161,0.5765484301132542,64.79718649100167,STR_Global
H01,2024-03-27,130.2509707647468,0.5999976486813117,78.15027619730634,STR_Global
H01,2024-03-28,126.85543448469906,0.629909330606836,79.90742182009612,STR_Global
H01,2024-03-29,129.4556449211271,0.8286132360144463,107.26866085843223,STR_Global
H01,2024-03-30,121.7573566667902,0.7553123194410822,91.96483147300843,STR_Global
H01,2024-03-31,108.60569630035835,0.8459825767984064,91.8785268111623,STR_Global
H01,2024-04-01,120.52687208348554,0.6820259213889026,82.20245098486163,STR_Global
H01,2024-04-02,122.96346793246312,0.7630866602080217,93.83178207217946,STR_Global
H01,2024-04-03,117.03672690694316,0.5187300620195652,60.71046860700554,STR_Global
H01,2024-04-04,121.30409938416827,0.5928795390606914,71.91871852905798,STR_Global
H01,2024-04-05,113.69003300441616,0.6028821853559141,68.54169555088842,STR_Global
H01,2024-04-06,112.98098246893689,0.6020113197228278,68.01583035970637,STR_Global
H01,2024-04-07,119.23365730162297,0.8179520931577813,97.52741956472008,STR_Global
H01,2024-04-08,111.70781289611821,0.7662014748593489,85.59069099431797,STR_Global
H01,2024-04-09,122.32585657311975,0.6504948249423709,79.5723366574571,STR_Global
H01,2024-04-10,124.99492403761501,0.6315317555461302,78.9382638118302,STR_Global
H01,2024-04-11,126.30944005330474,0.7360398781348936,92.96878486412106,STR_Global
H01,2024-04-12,113.44178842576667,0.7263101553820317,82.39392297833416,STR_Global
H01,2024-04-13,126.5652658047573,0.6639155650768347,84.02864996586523,STR_Global
H01,2024-04-14,114.68329749426125,0.7192128230796683,82.48169815093308,STR_Global
H01,2024-04-15,131.91355904829734,0.8249342269727076,108.82000986072579,STR_Global
H01,2024-04-16,113.17201821282123,0.7638069246498016,86.44157118754632,STR_Global
H01,2024-04-17,126.561145146774,0.6629888896167978,83.90863308949007,STR_Global
H01,2024-04-18,112.16390520852053,0.5983674125584112,67.11522574206933,STR_Global
H01,2024-04-19,117.41024584570975,0.7805060216780337,91.6394038892748,STR_Global
H01,2024-04-20,126.54651407196192,0.5439202038797027,68.8312057342872,STR_Global
H01,2024-04-21,121.57875731618392,0.7370875954611055,89.6141938893353,STR_Global
H01,2024-04-22,115.63318974122205,0.6280600333449081,72.62458500465002,STR_Global
H01,2024-04-23,110.10116793666674,0.6508893417839517,71.66367672794135,STR_Global
H01,2024-04-24,115.02039421143004,0.6465037999360213,74.36112192782866,STR_Global
H01,2024-04-25,108.99598001239391,0.6028215671610367,65.70512748532434,STR_Global
H01,2024-04-26,123.68120396348834,0.7090523471237142,87.69644796539824,STR_Global
H01,2024-04-27,122.87078224667815,0.6034790895643698,74.14994780428727,STR_Global
H01,2024-04-28,116.40991800024474,0.6772156082739937,78.83461342766148,STR_Global
H01,2024-04-29,108.2468279024566,0.8371761121561132,90.6216585366105,STR_Global
H01,2024-04-30,122.94454898279514,0.7471861568943418,91.86246506556286,STR_Global
H01,2024-05-01,111.41412575464358,0.5973452044203144,66.55269372421817,STR_Global
H01,2024-05-02,110.13575315655233,0.7973369754207654,87.81530830753346,STR_Global
H01,2024-05-03,112.45759372812446,0.8274195797346235,93.04961494049178,STR_Global
H01,2024-05-04,109.48340305654135,0.8250206967403879,90.32607347121646,STR_Global
H01,2024-05-05,122.28510801904501,0.5569768462221802,68.10997380438633,STR_Global
H01,2024-05-06,118.7211486542045,0.8388267335077567,99.58647332389516,STR_Global
H01,2024-05-07,119.30304605843362,0.5863305155318923,69.95101649996649,STR_Global
H01,2024-05-08,126.09283398503793,0.762911997933915,96.19773590067474,STR_Global
H01,2024-05-09,127.61778833534665,0.81652592124785,104.20323218813203,STR_Global
H01,2024-05-10,108.16507109327158,0.5194619325881612,56.187636868646706,STR_Global
H01,2024-05-11,117.8687397331811,0.7322332578697083,86.30741129582393,STR_Global
H01,2024-05-12,129.49350835516415,0.8096054108803648,104.83864503822262,STR_Global
H01,2024-05-13,110.56937228530047,0.6045999973406608,66.8502421896512,STR_Global
H01,2024-05-14,130.56529933371084,0.7553991672740978,98.6289183915785,STR_Global
H01,2024-05-15,127.73987158296548,0.8020974382075086,102.45982375365273,STR_Global
H01,2024-05-16,110.8061648526094,0.670036100119421,74.24413056703206,STR_Global
H01,2024-05-17,111.29014699389015,0.8324648838861266,92.64513929493873,STR_Global
H01,2024-05-18,122.0065208881944,0.7212833528037513,88.00127245015778,STR_Global
H01,2024-05-19,109.0859805364533,0.6242960767138344,68.1019496733895,STR_Global
H01,2024-05-20,121.95401053396851,0.5053119088003895,61.62481384878243,STR_Global
H01,2024-05-21,120.55543249673195,0.8055567879104006,97.11424696721652,STR_Global
H01,2024-05-22,121.45391541602518,0.6437999821441738,78.19202857617701,STR_Global
H01,2024-05-23,127.22353680968075,0.7892928759670125,100.41663125920799,STR_Global
H01,2024-05-24,119.1355607560053,0.701900083396445,83.62126003012237,STR_Global
H01,2024-05-25,113.15270129912054,0.8431988794712533,95.41023094456386,STR_Global
H01,2024-05-26,125.73280025119278,0.7081965828256683,89.04353948699706,STR_Global
H01,2024-05-27,120.7750050228349,0.7305511735544578,88.23232165547756,STR_Global
H01,2024-05-28,121.63138313558595,0.5603833569312268,68.16020278970785,STR_Global
H01,2024-05-29,127.64976550761723,0.8284105050279607,105.74640671086594,STR_Global
H01,2024-05-30,126.7692184623302,0.5111224695250636,64.7945960002285,STR_Global
H01,2024-05-31,110.77683163632726,0.5505082202525611,60.983556429332126,STR_Global
H01,2024-06-01,113.23823694464951,0.6832552698275085,77.37062213840785,STR_Global
H01,2024-06-02,121.86316210426614,0.5885003413875389,71.71651250092562,STR_Global
H01,2024-06-03,127.69670785840273,0.7882432793141366,100.65607175992665,STR_Global
H01,2024-06-04,116.70143511741828,0.6227866882672555,72.68010029281292,STR_Global
H01,2024-06-05,113.01742496896432,0.6148628189791642,69.49021251018358,STR_Global
H01,2024-06-06,119.5711703740762,0.663342592309543,79.31665012142574,STR_Global
H01,2024-06-07,117.14379056804161,0.5774335437561224,67.6427541167293,STR_Global
H01,2024-06-08,117.23066582349045,0.7882682637621408,92.40921340836256,STR_Global
H01,2024-06-09,130.3813170820635,0.6061500617972491,79.03064340649952,STR_Global
H01,2024-06-10,124.41279484404825,0.8268122980505145,102.86602881189474,STR_Global
H01,2024-06-11,119.41430860372822,0.5114306712745735,61.072140008993806,STR_Global
H01,2024-06-12,123.75383048401577,0.5564265841912929,68.85992117680918,STR_Global
H01,2024-06-13,128.27669585975121,0.8248356424284253,105.80719083807362,STR_Global
H01,2024-06-14,120.29520832528993,0.5836998909020831,70.21629997551508,STR_Global
H01,2024-06-15,124.64004368963298,0.5154141327859625,64.24124002869665,STR_Global
H01,2024-06-16,124.35247231779238,0.5810180335695458,72.25102893559512,STR_Global
H01,2024-06-17,122.68394448247732,0.7851348516484962,96.32344055090216,STR_Global
H01,2024-06-18,110.5409836371151,0.5893677308171354,65.14928868850063,STR_Global
H01,2024-06-19,124.21975020249778,0.6446103810227019,80.07334050857693,STR_Global
H01,2024-06-20,117.48622357034779,0.5245378488744399,61.62597098397175,STR_Global
H01,2024-06-21,127.85525159369391,0.554884446860882,70.94489055882575,STR_Global
H01,2024-06-22,112.03688773839644,0.6467140065657424,72.45582455245466,STR_Global
H01,2024-06-23,113.55313527304436,0.6949641796462622,78.91536150129232,STR_Global
H01,2024-06-24,130.99483221406643,0.7560202258960905,99.03474264169898,STR_Global
H01,2024-06-25,130.4232987400198,0.8101636202452708,105.6642118715449,STR_Global
H01,2024-06-26,114.85679025707437,0.6108053659680279,70.15514380688533,STR_Global
H01,2024-06-27,109.03325766517605,0.6101890402730771,66.5308988525609,STR_Global
H01,2024-06-28,118.65369197567789,0.6393797278853041,75.86476528799561,STR_Global
H01,2024-06-29,108.19341848021087,0.7303192443514273,79.01573562826535,STR_Global
H01,2024-06-30,117.09697164919285,0.6509555972193551,76.22492911247824,STR_Global
H01,2024-07-01,113.9880739123858,0.6518196981063061,74.29967192529062,STR_Global
H01,2024-07-02,129.63799212688963,0.5960346118209056,77.26873031459228,STR_Global
H01,2024-07-03,121.42573021745656,0.8095243026595137,98.29707957920876,STR_Global
H01,2024-07-04,124.72068267448196,0.7494960985513343,93.47766507318322,STR_Global
H01,2024-07-05,113.06126946433892,0.5818639260152711,65.78627413079073,STR_Global
H01,2024-07-06,118.57376467229538,0.787149387090657,93.3352661868291,STR_Global
H01,2024-07-07,122.86424289928588,0.6337882881921104,77.86991818715806,STR_Global
H01,2024-07-08,131.94294773403325,0.7730662439690482,102.00063902295354,STR_Global
H01,2024-07-09,118.34361364609974,0.6608777868808503,78.21066547791679,STR_Global
H01,2024-07-10,109.57661079575182,0.5693334308521013,62.38562776549079,STR_Global
H01,2024-07-11,119.92549244400118,0.6469470441902112,77.58544285970207,STR_Global
H01,2024-07-12,112.10247365810037,0.5560789603417772,62.33782700353791,STR_Global
H01,2024-07-13,129.55115152434695,0.7650490423964252,99.11298441505582,STR_Global
H01,2024-07-14,110.40589352934904,0.6375863676457904,70.39329262206553,STR_Global
H01,2024-07-15,122.4587866071981,0.7316015389253848,89.59103673676144,STR_Global
H01,2024-07-16,108.56898608746845,0.5818344915825724,63.16918082183758,STR_Global
H01,2024-07-17,111.25102888307258,0.841141708616993,93.5778805201061,STR_Global
H01,2024-07-18,130.23513115094843,0.8039433333814269,104.7016654608608,STR_Global
H01,2024-07-19,108.94540400862768,0.517717865294176,56.40298199695828,STR_Global
H01,2024-07-20,108.68765826186372,0.6375132881126127,69.28982639578071,STR_Global
H01,2024-07-21,126.89692699558255,0.5039558878061579,63.950453503932,STR_Global
H01,2024-07-22,122.12045330359568,0.5140903010532313,62.78094060360257,STR_Global
H01,2024-07-23,121.06076790008886,0.8408301446750024,101.79154298789861,STR_Global
H01,2024-07-24,114.51580806102508,0.7483036026218912,85.69259172922209,STR_Global
H01,2024-07-25,112.66674346636053,0.6796140793148726,76.56990513029555,STR_Global
H01,2024-07-26,111.92007955413739,0.643673527921194,72.0399924518323,STR_Global
H01,2024-07-27,114.22532161783671,0.6111441029543256,69.80813171480216,STR_Global
H01,2024-07-28,112.63798596562005,0.5314706857008958,59.86378763711597,STR_Global
H01,2024-07-29,114.89584119621365,0.7192599568869245,82.63997778527555,STR_Global
H01,2024-07-30,123.90711058103334,0.6161994029832178,76.35148756540829,STR_Global
H01,2024-07-31,125.46070152540229,0.7656804263944734,96.06280343971979,STR_Global
H01,2024-08-01,121.26629683280599,0.7428319449385941,90.08047913181414,STR_Global
H01,2024-08-02,115.1134081650068,0.5730059287093677,65.96066535249024,STR_Global
H01,2024-08-03,114.43618482587792,0.5522373144095158,63.19593137951381,STR_Global
H01,2024-08-04,124.3127332040003,0.6429594534929689,79.92804700306128,STR_Global
H01,2024-08-05,117.40585351065381,0.5121354464791232,60.12769920694123,STR_Global
H01,2024-08-06,123.39610755015003,0.5677023700347689,70.05226270928542,STR_Global
H01,2024-08-07,129.49655866239883,0.8101301380847308,104.9090649506666,STR_Global
H01,2024-08-08,117.87129532958956,0.5804978138871342,68.4240292588715,STR_Global
H01,2024-08-09,127.82555242915888,0.7353343451520963,93.99451888920049,STR_Global
H01,2024-08-10,117.52781189297937,0.7885226565372723,92.67334245086492,STR_Global
H01,2024-08-11,116.65138812339731,0.7582828315891572,88.4547448950155,STR_Global
H01,2024-08-12,109.94951123536015,0.5947253796936179,65.38976481657727,STR_Global
H01,2024-08-13,110.81472354721068,0.6766166586126934,74.97908797160304,STR_Global
H01,2024-08-14,126.28022102912792,0.6231317522436234,78.68921540359254,STR_Global
H01,2024-08-15,131.6441893221762,0.7232656560935365,95.2137209610055,STR_Global
H01,2024-08-16,118.71460612311718,0.6520265243494262,77.4050720199672,STR_Global
H01,2024-08-17,120.0170622200801,0.7328778229466165,87.95784327630092,STR_Global
H01,2024-08-18,118.31094873352426,0.5082363730449345,60.12992747583156,STR_Global
H01,2024-08-19,110.3891163074106,0.5452110558350887,60.18536665466574,STR_Global
H01,2024-08-20,114.08601880791286,0.6832601915034141,77.95043505855665,STR_Global
H01,2024-08-21,112.68021553052678,0.6722813103138429,75.75280294330877,STR_Global
H01,2024-08-22,126.99512498134847,0.7733217747351316,98.20809543328625,STR_Global
H01,2024-08-23,109.46417143212948,0.6790735038816549,74.33421844391832,STR_Global
H01,2024-08-24,131.13175586108338,0.5326450063723595,69.84667493624544,STR_Global
H01,2024-08-25,129.34983883993183,0.5531213934478857,71.54616310140254,STR_Global
H01,2024-08-26,121.80862015509838,0.7388863608382026,90.00272806512358,STR_Global
H01,2024-08-27,126.44595194191686,0.5965729430331914,75.43423368462282,STR_Global
H01,2024-08-28,113.59998774358385,0.7423240071540449,84.32799811446755,STR_Global
H01,2024-08-29,113.24913333375694,0.7614773934951601,86.2366548665751,STR_Global
H01,2024-08-30,122.54392721450462,0.5458408100479609,66.88947649722357,STR_Global
H01,2024-08-31,125.61963021699951,0.5157488874323986,64.78818452408682,STR_Global
H01,2024-09-01,130.29262919629357,0.6674849294718329,86.96836640978769,STR_Global
H01,2024-09-02,108.32837795425635,0.6628679268788201,71.8074073166832,STR_Global
H01,2024-09-03,108.6684537797058,0.5905070568971744,64.1694888190207,STR_Global
H01,2024-09-04,121.15548486547254,0.6492394248805679,78.65891731518573,STR_Global
H01,2024-09-05,123.93178739646541,0.6035762103028156,74.80227857281284,STR_Global
H01,2024-09-06,122.20840422693752,0.7820926153036543,95.57829047393172,STR_Global
H01,2024-09-07,116.70608640957965,0.5086394550286046,59.36132018988984,STR_Global
H01,2024-09-08,111.05965632336591,0.7939371232712209,88.17438405286359,STR_Global
H01,2024-09-09,111.61649968802001,0.8020531661235294,89.52236696640239,STR_Global
H01,2024-09-10,125.44413194515772,0.8470087487449771,106.25227723626786,STR_Global
H01,2024-09-11,122.5315500126227,0.8480453436456057,103.91231043788333,STR_Global
H01,2024-09-12,122.74765866027916,0.7931357919266195,97.35556145865888,STR_Global
H01,2024-09-13,126.1520224699893,0.5887724444299134,74.27483463943297,STR_Global
H01,2024-09-14,115.81976305849163,0.8235004747781314,95.37762986735854,STR_Global
H01,2024-09-15,109.01927782215681,0.6548282865858466,71.38890690110932,STR_Global
H01,2024-09-16,128.0943121713242,0.8159469286558747,104.5181605944788,STR_Global
H01,2024-09-17,127.52242757578233,0.5441948979877061,69.39705446574752,STR_Global
H01,2024-09-18,123.5949131223432,0.8214391397285452,101.52569911004188,STR_Global
H01,2024-09-19,125.49454080252377,0.6407095259108843,80.40554774198912,STR_Global
H01,2024-09-20,108.00073725228918,0.541376517801881,58.46906305368021,STR_Global
H01,2024-09-21,114.10755195883826,0.624808661595172,71.29538681730328,STR_Global
H01,2024-09-22,128.42761765022357,0.6891047923665249,88.50008679498475,STR_Global
H01,2024-09-23,121.27468730540092,0.8145757614080718,98.78742075132277,STR_Global
H01,2024-09-24,123.99042867549694,0.6344149234368851,78.66137831507196,STR_Global
H01,2024-09-25,110.27916660548104,0.5841046932076284,64.41457877728743,STR_Global
H01,2024-09-26,112.24552681977562,0.5338256920007133,59.919546028551345,STR_Global
H01,2024-09-27,110.10359606867168,0.6416537723403806,70.64838776570468,STR_Global
H01,2024-09-28,119.13154199346434,0.8119613722261045,96.7302103124251,STR_Global
H01,2024-09-29,115.63929827261634,0.6667614449337899,77.10382560737918,STR_Global
H01,2024-09-30,122.2152329054903,0.8008447389212778,97.87542628840055,STR_Global
H01,2024-10-01,125.72414108425245,0.6276347366820179,78.90883818398765,STR_Global
H01,2024-10-02,121.74342847477405,0.5418466992132197,65.96627486995702,STR_Global
H01,2024-10-03,118.22250500320655,0.7814334843717574,92.38302401581322,STR_Global
H01,2024-10-04,112.47935855514439,0.7167104573780428,80.61513251564641,STR_Global
H01,2024-10-05,118.63280895210286,0.5995894849869268,71.13098482214383,STR_Global
H01,2024-10-06,112.70989720094798,0.7974857656761218,89.88453866857498,STR_Global
H01,2024-10-07,110.59306942503378,0.8372179816160146,92.59050636474655,STR_Global
H01,2024-10-08,120.99298610177853,0.7049473050776557,85.29367948574702,STR_Global
H01,2024-10-09,110.53160225906485,0.5199594199012668,57.47194779138091,STR_Global
H01,2024-10-10,113.60977900888187,0.6905207106720124,78.44990534050338,STR_Global
H01,2024-10-11,108.99789503631825,0.7870236257194773,85.78391854727421,STR_Global
H01,2024-10-12,114.0554862496725,0.7412586442359416,84.54461510510332,STR_Global
H01,2024-10-13,129.5504470426497,0.7147732660462843,92.59919615043091,STR_Global
H01,2024-10-14,125.52532122617399,0.7040955766848542,88.38182343729454,STR_Global
H01,2024-10-15,119.18835818706138,0.7243379348345652,86.33264922553849,STR_Global
H01,2024-10-16,121.35515129637173,0.74560839585704,90.48341968707611,STR_Global
H01,2024-10-17,108.5024188278416,0.8189687165275208,88.86008668756894,STR_Global
H01,2024-10-18,126.39665558931907,0.5199084892221763,65.71469425017861,STR_Global
H01,2024-10-19,124.21590965296976,0.615973276557711,76.51368086953637,STR_Global
H01,2024-10-20,118.90040790568095,0.764688826997852,90.9218134509613,STR_Global
H01,2024-10-21,114.0210983973768,0.8271554704209053,94.31317528279054,STR_Global
H01,2024-10-22,131.2637234948203,0.7045900896408104,92.487118703802,STR_Global
H01,2024-10-23,116.14332641542963,0.5217128672700735,60.593467838477856,STR_Global
H01,2024-10-24,123.79445323335582,0.5566730523212748,68.9130361418555,STR_Global
H01,2024-10-25,130.58515824092103,0.5399489892583712,70.50932420432977,STR_Global
H01,2024-10-26,131.65932770040496,0.658230308883978,86.66215993969445,STR_Global
H01,2024-10-27,122.79427625692489,0.7148928096956878,87.78474516786152,STR_Global
H01,2024-10-28,118.92919525153458,0.6389317905270024,75.98764366799847,STR_Global
H01,2024-10-29,111.24853043935882,0.7556723671188048,84.06744033559869,STR_Global
H01,2024-10-30,114.29929404291035,0.5631813799373483,64.37123414495099,STR_Global
H01,2024-10-31,128.83606308783612,0.5389230615683765,69.43272555971315,STR_Global
H01,2024-11-01,124.21491143035786,0.5568882956140477,69.17383031630189,STR_Global
H01,2024-11-02,124.75676233623601,0.7169889977059575,89.4492259844982,STR_Global
H01,2024-11-03,116.7274886140668,0.514687425705272,60.078170623815495,STR_Global
H01,2024-11-04,114.10226955467675,0.540767247385668,61.70277022754005,STR_Global
H01,2024-11-05,124.28140525207232,0.6854896193574972,85.19361317945791,STR_Global
H01,2024-11-06,112.13006477886303,0.5519261180513308,61.88751137024213,STR_Global
H01,2024-11-07,128.87850798954452,0.6954233102724398,89.62511864906212,STR_Global
H01,2024-11-08,120.56792198531068,0.7150400026009633,86.21088724996929,STR_Global
H01,2024-11-09,120.05978104384639,0.6644703802117584,79.77616835834507,STR_Global
H01,2024-11-10,126.99383401216741,0.6102536303318561,77.49844823568631,STR_Global
H01,2024-11-11,114.6496619931216,0.7742143460172437,88.76341308110268,STR_Global
H01,2024-11-12,131.70598893838053,0.613084895583218,80.7469524759715,STR_Global
H01,2024-11-13,122.48002070908883,0.6379476163739198,78.13583726479156,STR_Global
H01,2024-11-14,118.143744810935,0.6643315328709718,78.48661508936537,STR_Global
H01,2024-11-15,119.55067082926169,0.7352877405529681,87.90414263563946,STR_Global
H01,2024-11-16,108.52958756837498,0.8326864873340432,90.3711210441226,STR_Global
H01,2024-11-17,113.44057564979818,0.5045175297933472,57.23275900517151,STR_Global
H01,2024-11-18,122.64905988763986,0.6230397910173943,76.41524464087502,STR_Global
H01,2024-11-19,111.05030976524255,0.5407606256685994,60.05163498934433,STR_Global
H01,2024-11-20,126.0510887890457,0.66076600428019,83.29027427430518,STR_Global
H01,2024-11-21,127.69170202752662,0.5169269488670734,66.00728192473282,STR_Global
H01,2024-11-22,116.47446933452136,0.7058001622003699,82.20769934850719,STR_Global
H01,2024-11-23,127.8223754052004,0.6941404586759286,88.72668229281254,STR_Global
H01,2024-11-24,122.36551183722624,0.774541915624479,94.77721794477507,STR_Global
H01,2024-11-25,120.98673179709226,0.8352810509741482,101.05792448940261,STR_Global
H01,2024-11-26,123.01561894625463,0.5771706737951623,71.00100767453871,STR_Global
H01,2024-11-27,109.43009033647544,0.5646934392814588,61.79445407298505,STR_Global
H01,2024-11-28,120.5616329021282,0.7672922942726121,92.50601191072639,STR_Global
H01,2024-11-29,109.92253743863046,0.7332826918425622,80.60429414716377,STR_Global
H01,2024-11-30,112.42701722543721,0.5571783654394471,62.64190168890167,STR_Global
H01,2024-12-01,109.22760493488954,0.6353474699653923,69.39748244576147,STR_Global
H01,2024-12-02,119.5990628391918,0.6790976064901453,81.21943731255963,STR_Global
H01,2024-12-03,111.48784061809211,0.7937013128247634,88.48804546257769,STR_Global
H01,2024-12-04,109.70773629306984,0.521714495934794,57.23611634028624,STR_Global
H01,2024-12-05,129.072804308267,0.6981064487107373,90.10655704078023,STR_Global
H01,2024-12-06,109.16867636159833,0.8359268571416976,91.25702852927002,STR_Global
H01,2024-12-07,112.44664440800496,0.5154230515496335,57.95759259729045,STR_Global
H01,2024-12-08,109.09404379076805,0.7259502634995998,79.19684983614495,STR_Global
H01,2024-12-09,118.8375740785338,0.6589974388764379,78.31365696004275,STR_Global
H01,2024-12-10,110.95881070317472,0.5444305448142405,60.40936576306959,STR_Global
H01,2024-12-11,116.59535319669946,0.5860466048726901,68.33031088485788,STR_Global
H01,2024-12-12,109.12735178635536,0.7550751777898016,82.3993545518125,STR_Global
H01,2024-12-13,109.84219348532972,0.694156131148824,76.24763206667704,STR_Global
H01,2024-12-14,123.40366840323446,0.7346520168289211,90.6587538765236,STR_Global
H01,2024-12-15,117.97063201421017,0.6713754266112114,79.20258339613459,STR_Global
H01,2024-12-16,112.24997412953496,0.6173800621761119,69.30089600735924,STR_Global
H01,2024-12-17,122.384633401012,0.8348521518612724,102.17307454958781,STR_Global
H01,2024-12-18,117.43553110785638,0.6103773101431411,71.67998359284455,STR_Global
H01,2024-12-19,112.29675929859802,0.5339379848378987,59.959505363719984,STR_Global
H01,2024-12-20,121.12629302365144,0.7371410318143216,89.28716061929828,STR_Global
H01,2024-12-21,109.74563874668804,0.8228519992796435,90.30441825493376,STR_Global
H01,2024-12-22,126.7782194931069,0.6224782487497499,78.91668404968058,STR_Global
H01,2024-12-23,131.078779369108,0.7405534469038811,97.07084187774626,STR_Global
H01,2024-12-24,123.13721866780632,0.6714546668512106,82.68106013757657,STR_Global
H01,2024-12-25,108.40021952375615,0.7142965179928553,77.42989935548015,STR_Global
H01,2024-12-26,114.54361553549963,0.7836638760254131,89.76369372451435,STR_Global
H01,2024-12-27,120.52522387579066,0.6302420753345945,75.96006722564493,STR_Global
H01,2024-12-28,130.97272712446164,0.5634289463673984,73.7938256466002,STR_Global
H01,2024-12-29,119.0314703372577,0.7282962888146676,86.69017809877798,STR_Global
H01,2024-12-30,121.64525413451071,0.7165136011828787,87.16047910672472,STR_Global
H01,2024-12-31,126.45408106970804,0.7214809137315275,91.2342059552536,STR_Global
H01,2025-01-01,130.78255454989483,0.5555578671810083,72.65727707022344,STR_Global
H01,2025-01-02,131.79678661985727,0.8174646861452577,107.73921880915512,STR_Global
H01,2025-01-03,124.06125671819682,0.6244037680774216,77.46431616726242,STR_Global
H01,2025-01-04,116.58746998405424,0.6464363366824167,75.36637699956324,STR_Global
H01,2025-01-05,111.87498801754177,0.7014577000240287,78.47557178500062,STR_Global
H01,2025-01-06,121.68688652955338,0.6937151216734474,84.41603329491211,STR_Global
H01,2025-01-07,108.60477827570567,0.7597949872883003,82.51736612943846,STR_Global
H01,2025-01-08,121.53343010532967,0.7730744269874716,93.95438683849967,STR_Global
H01,2025-01-09,121.61738265974577,0.7432335917700666,90.39012413587747,STR_Global
H01,2025-01-10,122.64259012886966,0.7572588151664381,92.87218248993094,STR_Global
H01,2025-01-11,114.27199242924922,0.5466137439836332,62.462641614221305,STR_Global
H01,2025-01-12,120.32898852516732,0.709754750452236,85.4040712228501,STR_Global
H01,2025-01-13,119.90974132561955,0.5022625252263987,60.22616947744993,STR_Global
H01,2025-01-14,108.57471036649162,0.7571129052486872,82.20331440210923,STR_Global
H01,2025-01-15,112.18582241067598,0.8295159831271228,93.0599327699167,STR_Global
H01,2025-01-16,123.01636589427247,0.5319976971359983,65.44442336579232,STR_Global
H01,2025-01-17,120.5130485153698,0.6425779334744913,77.43902567171745,STR_Global
H01,2025-01-18,108.54154828092834,0.5687030058088735,61.72790476251291,STR_Global
H01,2025-01-19,129.37580293108422,0.7019909788357672,90.82064653725513,STR_Global
H01,2025-01-20,118.31216072052355,0.7835563814858959,92.70424853995118,STR_Global
H01,2025-01-21,121.73095112933295,0.8195645134114495,99.7663677294247,STR_Global
H01,2025-01-22,112.76746984553775,0.5940791652605694,66.9928043543835,STR_Global
H01,2025-01-23,121.32321088207652,0.6072454072728627,73.67296260373797,STR_Global
H01,2025-01-24,122.77009871570007,0.6492749115346514,79.71154498273658,STR_Global
H01,2025-01-25,112.12390704858382,0.5307258829703559,59.50705957044576,STR_Global
H01,2025-01-26,114.79882568382186,0.5748981375444098,65.99763107791455,STR_Global
H01,2025-01-27,108.33269126190864,0.7841531434036328,84.94942038640093,STR_Global
H01,2025-01-28,127.16773872855929,0.7341067858642398,93.35469994364607,STR_Global
H01,2025-01-29,121.37771914354049,0.6164733041362784,74.82612356894361,STR_Global
H01,2025-01-30,127.38522767955553,0.7318987712085747,93.23309160879121,STR_Global
H01,2025-01-31,108.45468968098452,0.785627664820173,85.20500459286838,STR_Global
H01,2025-02-01,111.19027302499158,0.5729398507664161,63.70533843361574,STR_Global
H01,2025-02-02,109.37081192089065,0.6119101183926932,66.92510647121718,STR_Global
H01,2025-02-03,129.67736705627297,0.5003252959044864,64.88086704454447,STR_Global
H01,2025-02-04,117.99030673650978,0.5733095193283289,67.64496604051051,STR_Global
H01,2025-02-05,108.96693469762901,0.8191040569194714,89.25525828090704,STR_Global
H01,2025-02-06,130.36075136834805,0.7381678118835309,96.22811059306648,STR_Global
H01,2025-02-07,110.00939850828837,0.781314332604117,85.95191977568366,STR_Global
H01,2025-02-08,129.27091719493723,0.6308814970676736,81.55462976725326,STR_Global
H01,2025-02-09,115.88539559725918,0.5531601603178206,64.10318400707395,STR_Global
H01,2025-02-10,131.16503132509766,0.5638603142283716,73.95875577874376,STR_Global
H01,2025-02-11,125.42667022427128,0.7212067229478527,90.4585578027077,STR_Global
H01,2025-02-12,112.95794438932273,0.551529476043681,62.29963588401442,STR_Global
H01,2025-02-13,117.55873317813732,0.7226239471232789,84.95075578799796,STR_Global
H01,2025-02-14,130.11632140577805,0.6831925147736151,88.89449683430547,STR_Global
H01,2025-02-15,127.08139242254715,0.7888239799408708,100.24484974718128,STR_Global
H01,2025-02-16,111.43587258746864,0.7678178418140371,85.56245119077418,STR_Global
H01,2025-02-17,108.61367517815364,0.7245489983397481,78.69592955632997,STR_Global
H01,2025-02-18,114.41796668333059,0.8161368367832957,93.38071740010994,STR_Global
H01,2025-02-19,122.3992285982656,0.5288420901516818,64.72986388486028,STR_Global
H01,2025-02-20,130.2289248452243,0.69107323665815,89.99772459930013,STR_Global
H01,2025-02-21,114.56876298428091,0.7747792800339149,88.7655036993374,STR_Global
H01,2025-02-22,124.38097149041177,0.830758422603199,103.33053967722795,STR_Global
H01,2025-02-23,123.49740104042529,0.6752027611007909,83.38578617126684,STR_Global
H01,2025-02-24,115.4895370716485,0.5419835296058394,62.59342693463649,STR_Global
H01,2025-02-25,111.29520078517369,0.8014963161334311,89.20269343264727,STR_Global
H01,2025-02-26,113.65494842859957,0.7389284117654696,83.98287053163143,STR_Global
H01,2025-02-27,115.51006915269174,0.8310123957790756,95.99029930318505,STR_Global
H01,2025-02-28,124.92098175248623,0.5460904162026725,68.21815091766166,STR_Global
H01,2025-03-01,114.05555366724367,0.7372031344204621,84.08211166155327,STR_Global
H01,2025-03-02,109.28723499649993,0.5591004621796383,61.10254359687785,STR_Global
H01,2025-03-03,128.37835247900824,0.6664165003314568,85.55345237737887,STR_Global
H01,2025-03-04,128.07461261927688,0.5588975059776995,71.58058157197385,STR_Global
H01,2025-03-05,125.28921596607472,0.5662185273366243,70.9410753554711,STR_Global
H01,2025-03-06,119.06156011695796,0.7115095437841119,84.71343632104137,STR_Global
H01,2025-03-07,125.02533172378529,0.7903469504890674,98.81338966177776,STR_Global
H01,2025-03-08,124.10431153278984,0.7935988516664241,98.48903911927417,STR_Global
H01,2025-03-09,129.10270934776818,0.627043994141355,80.95307852389502,STR_Global
H01,2025-03-10,117.7866728257479,0.539406663285218,63.53491616840434,STR_Global
H01,2025-03-11,131.0739988714092,0.5165188455940827,67.70219058446038,STR_Global
H01,2025-03-12,114.4934221557118,0.7209815921751818,82.54764979941032,STR_Global
H01,2025-03-13,115.15853890161895,0.8297203768210084,95.54938629160803,STR_Global
H01,2025-03-14,111.3420976988329,0.6375926293724776,70.99090083164616,STR_Global
H01,2025-03-15,131.4186916451744,0.6904900679553377,90.74330132467804,STR_Global
H01,2025-03-16,116.25819882838663,0.6250173168975657,72.66338749906193,STR_Global
H01,2025-03-17,129.11795104144835,0.6542327091985027,84.4731869160064,STR_Global
H01,2025-03-18,111.32091827329336,0.6777152433659991,75.4438832193115,STR_Global
H01,2025-03-19,118.83039873775476,0.6659021930819558,79.12942312427417,STR_Global
H01,2025-03-20,119.23153109947305,0.6855218592681064,81.73582088269382,STR_Global
H01,2025-03-21,129.481358495996,0.7861681824065702,101.79412426433069,STR_Global
H01,2025-03-22,111.29668190324819,0.7357413023459868,81.88556569028283,STR_Global
H01,2025-03-23,130.33977779976277,0.5161220722886921,67.27123621966123,STR_Global
H01,2025-03-24,115.47772174997351,0.7612270095096345,87.90476079271801,STR_Global
H01,2025-03-25,108.03945017069879,0.5908611492979675,63.83631369737957,STR_Global
H01,2025-03-26,119.48891659117255,0.6997665183356757,83.61434314270677,STR_Global
H01,2025-03-27,121.29176257520942,0.5368918500846585,65.12055880903333,STR_Global
H01,2025-03-28,127.73347470184827,0.598487543760257,76.44689353027209,STR_Global
H01,2025-03-29,129.02861947846935,0.7565007155661408,97.61024296397336,STR_Global
H01,2025-03-30,124.9335050795926,0.5811444521001543,72.60441335843169,STR_Global
H01,2025-03-31,109.75208622959106,0.5847611276216147,64.17875370244036,STR_Global
H01,2025-04-01,113.62798746417826,0.748850336682434,85.09035666909728,STR_Global
H01,2025-04-02,110.59269497979791,0.8212443090827435,90.82362137828272,STR_Global
H01,2025-04-03,114.58816016416988,0.7625912779305604,87.38393149530604,STR_Global
H01,2025-04-04,118.85285949848493,0.5284074785623001,62.80273980751374,STR_Global
H01,2025-04-05,127.56173041621938,0.7402798800651383,94.43138249342039,STR_Global
H01,2025-04-06,124.11810583053425,0.7706142254405653,95.64717798774727,STR_Global
H01,2025-04-07,108.90474539795648,0.6872383356933054,74.84351597639477,STR_Global
H01,2025-04-08,121.49830497883012,0.6122535835609851,74.38777261987423,STR_Global
H01,2025-04-09,129.27606063940567,0.7738750505331027,100.0435179600405,STR_Global
H01,2025-04-10,114.40980017895198,0.8020228377288461,91.75927260351331,STR_Global
H01,2025-04-11,115.82115222277896,0.8005665004435464,92.72253451232943,STR_Global
H01,2025-04-12,116.09593461229838,0.786604244682165,91.32155495637699,STR_Global
H01,2025-04-13,115.38765960062686,0.5002092785921783,57.717977967269405,STR_Global
H01,2025-04-14,109.63647887437111,0.5817485763740138,63.78086550382503,STR_Global
H01,2025-04-15,114.99266574810588,0.694442349459967,79.85577697277931,STR_Global
H01,2025-04-16,129.02171819999748,0.631903408121516,81.52926345227223,STR_Global
H01,2025-04-17,120.88899155380739,0.7580934805091811,91.64515636227084,STR_Global
H01,2025-04-18,125.0135787065596,0.6187629924794988,77.35377606104217,STR_Global
H01,2025-04-19,111.94288423853783,0.6121404501490753,68.52476754876437,STR_Global
H01,2025-04-20,123.23775981967592,0.5428742516880962,66.9026066418239,STR_Global
H01,2025-04-21,129.82630808846102,0.5246874731575348,68.11823754030624,STR_Global
H01,2025-04-22,121.07114090657127,0.7874375540958964,95.33596306707011,STR_Global
H01,2025-04-23,113.92706800780542,0.8344068670033236,95.06152788326749,STR_Global
H01,2025-04-24,128.49462917140448,0.5590835020245974,71.83922726850082,STR_Global
H01,2025-04-25,126.46662190611737,0.6791231597993183,85.88641187802811,STR_Global
H01,2025-04-26,127.2715512314185,0.5050334325944535,64.27638839002414,STR_Global
H01,2025-04-27,114.93524459810541,0.5994645034991051,68.89959933755146,STR_Global
H01,2025-04-28,121.06932779171223,0.637662234634816,77.20133810539825,STR_Global
H01,2025-04-29,112.02159694330817,0.7419363323250963,83.11289277731828,STR_Global
H01,2025-04-30,127.11457347656346,0.6761707957121539,85.95116229425896,STR_Global
H01,2025-05-01,111.7385582539241,0.7259370247436827,81.11515652800233,STR_Global
H01,2025-05-02,117.05671624311962,0.5306062756299599,62.111028243234735,STR_Global
H01,2025-05-03,114.57571438727932,0.5139340038060138,58.88435563398876,STR_Global
H01,2025-05-04,125.63300568636063,0.8393655786165183,105.45202051126442,STR_Global
H01,2025-05-05,110.77975397368307,0.7985242343491035,88.46031822321733,STR_Global
H01,2025-05-06,127.89961536681938,0.6762910132648836,86.49736047261516,STR_Global
H01,2025-05-07,119.46581103358888,0.7170844739941192,85.66707826530192,STR_Global
H01,2025-05-08,123.08559361553479,0.768789492321641,94.6269110277948,STR_Global
H01,2025-05-09,120.74662791210068,0.657598869341034,79.40284599173994,STR_Global
H01,2025-05-10,124.71747365145711,0.7890793216891714,98.41197951167888,STR_Global
H01,2025-05-11,115.52887499417176,0.6171761646617377,71.30166797658826,STR_Global
H01,2025-05-12,111.56416275944834,0.6245852207147242,69.68132722096345,STR_Global
H01,2025-05-13,117.17096386703936,0.7850343722341785,91.98323406343485,STR_Global
H01,2025-05-14,113.69959932406522,0.568840869059488,64.67697889121683,STR_Global
H01,2025-05-15,122.42269162890526,0.7249782746772082,88.75379175846363,STR_Global
H01,2025-05-16,127.7759436451195,0.6268756945860297,80.09963342391967,STR_Global
H01,2025-05-17,127.22252931699433,0.6641642616313539,84.49665724669481,STR_Global
H01,2025-05-18,129.20841522451175,0.5384520898092741,69.57254119858278,STR_Global
H01,2025-05-19,108.60836650233452,0.7393545437181612,80.30008925930836,STR_Global
H01,2025-05-20,109.3377804860986,0.6106354590414397,66.76552577770099,STR_Global
H01,2025-05-21,117.28337380924513,0.5842813356256107,68.52648629594351,STR_Global
H01,2025-05-22,115.15145365190025,0.5515071378832308,63.50684862665302,STR_Global
H01,2025-05-23,108.14512903641548,0.8187891926402103,88.548062891698,STR_Global
H01,2025-05-24,115.38429814747077,0.543136610346393,62.66943658301487,STR_Global
H01,2025-05-25,121.95754090651175,0.6996433219912745,85.32677906171864,STR_Global
H01,2025-05-26,118.6505121382139,0.584076801622935,69.3010116406112,STR_Global
H01,2025-05-27,129.03873184838142,0.5283338076404909,68.17552453055563,STR_Global
H01,2025-05-28,122.38495182892768,0.6055120708105802,74.10556561798711,STR_Global
H01,2025-05-29,110.75775224068585,0.8115828176285198,89.88908863769733,STR_Global
H01,2025-05-30,121.99506776286887,0.6757028692087137,82.43241731668195,STR_Global
H01,2025-05-31,115.53705136604239,0.5190791746032392,59.97287725917733,STR_Global
H01,2025-06-01,128.94302125166152,0.5758027149695343,74.24574171308106,STR_Global
H01,2025-06-02,124.59398538031564,0.6705845545852149,83.55080219025575,STR_Global
H01,2025-06-03,127.905243603417,0.7184842579491313,91.89790403820393,STR_Global
H01,2025-06-04,121.28540478389658,0.8210272071387019,99.57861715640956,STR_Global
H01,2025-06-05,115.49260521087331,0.6508003963837947,75.16263325063346,STR_Global
H01,2025-06-06,127.99049741564788,0.7787052321952963,99.66687000884356,STR_Global
H01,2025-06-07,122.95704895363218,0.8293473129010529,101.97409815193807,STR_Global
H01,2025-06-08,128.28095157351945,0.7817840592143972,100.28800304103154,STR_Global
H01,2025-06-09,117.64503050968176,0.5179422107115994,60.93332718141813,STR_Global
H01,2025-06-10,125.97511562064956,0.6576226350232774,82.8440874818136,STR_Global
H01,2025-06-11,112.47407531649539,0.7221604493864103,81.22432877488127,STR_Global
H01,2025-06-12,112.89754532511841,0.6909935890845591,78.01148004304027,STR_Global
H01,2025-06-13,119.58242965587651,0.7620130480036413,91.12337170975549,STR_Global
H01,2025-06-14,125.16300047560533,0.8385449166296042,104.95479779892757,STR_Global
H01,2025-06-15,115.19204841219579,0.7819607765695834,90.07566363104166,STR_Global
H01,2025-06-16,114.05214905989273,0.7475476191669834,85.25941249060071,STR_Global
H01,2025-06-17,112.94352086104709,0.5432074530336243,61.3517623035794,STR_Global
H01,2025-06-18,131.4548117562463,0.5137427680770311,67.53395886869903,STR_Global
H01,2025-06-19,128.1383927711907,0.7321587483264007,93.81764526391169,STR_Global
H01,2025-06-20,125.474794496068,0.5536005750293846,69.46291838471711,STR_Global
H01,2025-06-21,126.4739189485701,0.7559377062715813,95.60640419315996,STR_Global
H01,2025-06-22,130.48138934048376,0.6082944782046555,79.37110864428807,STR_Global
H01,2025-06-23,112.2819863175239,0.6740388603068073,75.68242209044834,STR_Global
H01,2025-06-24,122.73919622850045,0.794737401869229,97.54542991815592,STR_Global
H01,2025-06-25,121.33193472407116,0.5671076760865933,68.80827153645824,STR_Global
H01,2025-06-26,128.43373794939538,0.5724477604357704,73.521605653526,STR_Global
H01,2025-06-27,124.32922593030054,0.6246325798082476,77.6600851384061,STR_Global
H01,2025-06-28,125.75682783840969,0.7896863181734451,99.30844636088555,STR_Global
H01,2025-06-29,111.37313107189303,0.5416872875568507,60.32940927704734,STR_Global
H01,2025-06-30,125.95238584078565,0.6813270078191463,85.8147621725851,STR_Global
H01,2025-07-01,130.28632515673533,0.7465173605850132,97.26100357632686,STR_Global
H01,2025-07-02,114.36195082412574,0.6071937604516151,69.4398629734836,STR_Global
H01,2025-07-03,110.22515545944648,0.567504699041365,62.55329367580085,STR_Global
H01,2025-07-04,110.43311621927673,0.7875745494226343,86.97431174773428,STR_Global
H01,2025-07-05,119.57457600195704,0.7840502015230418,93.7524704113667,STR_Global
H01,2025-07-06,124.97823060388639,0.5611064479365152,70.12609104353737,STR_Global
H01,2025-07-07,121.98446751731001,0.8144243463086829,99.34712021759796,STR_Global
H01,2025-07-08,125.30717657656376,0.5424952169267403,67.97854393938032,STR_Global
H01,2025-07-09,119.69308816612593,0.6149349248658118,73.60346017839363,STR_Global
H01,2025-07-10,117.78935060417473,0.5870866594569761,69.15255636581149,STR_Global
H01,2025-07-11,125.47229418710873,0.547729614613648,68.72489133979533,STR_Global
H01,2025-07-12,126.58606787055129,0.5901176416503037,74.700671837555,STR_Global
H01,2025-07-13,128.54402579743567,0.6773400267989009,87.06801387847369,STR_Global
H01,2025-07-14,111.28428399807257,0.7817908979606623,87.00104031576251,STR_Global
H01,2025-07-15,117.30802246970627,0.8126916551807954,95.33525094689153,STR_Global
H01,2025-07-16,128.0739743179166,0.7536436889916386,96.52214246877504,STR_Global
H01,2025-07-17,128.45309738884018,0.6105989993938296,78.43333273466395,STR_Global
H01,2025-07-18,122.9644606841797,0.5173815220109016,63.61953982203056,STR_Global
H01,2025-07-19,124.14614366992618,0.6136132089785565,76.17771359961631,STR_Global
H01,2025-07-20,114.75241492449221,0.5628599235040336,64.58953548630281,STR_Global
H01,2025-07-21,126.79200555233285,0.6663850493744188,84.4922968802729,STR_Global
H01,2025-07-22,128.29601637837052,0.6598862315946473,84.66077477652807,STR_Global
H01,2025-07-23,127.87143512405405,0.5893736725801155,75.36405733715371,STR_Global
H01,2025-07-24,119.19007875666806,0.8434135455778448,100.52652692186396,STR_Global
H01,2025-07-25,118.19888445749834,0.6408074644838302,75.74272745402672,STR_Global
H01,2025-07-26,121.14042921743986,0.7516764671787841,91.05840986668676,STR_Global
H01,2025-07-27,118.121102820622,0.5918429317712557,69.90913979741086,STR_Global
H01,2025-07-28,121.86271393529123,0.6571774799472065,80.08543124352202,STR_Global
H01,2025-07-29,115.57279633591526,0.6163493422610278,71.2332170049091,STR_Global
H01,2025-07-30,110.38787205295115,0.6283794122261939,69.36546615753373,STR_Global
H01,2025-07-31,131.28178696000097,0.838196004211865,110.03986925566615,STR_Global
H01,2025-08-01,124.82077673385314,0.7102772522688667,88.6573583245869,STR_Global
H01,2025-08-02,118.93558918655707,0.7207696470604172,85.72516264091752,STR_Global
H01,2025-08-03,114.76604053433404,0.7652217961313053,87.82147567256128,STR_Global
H01,2025-08-04,109.34938307642334,0.8236246268950228,90.06284483752009,STR_Global
H01,2025-08-05,122.64871218763577,0.8194802801427516,100.50820102267147,STR_Global
H01,2025-08-06,116.23861173754676,0.5874104627302743,68.27977670787703,STR_Global
H01,2025-08-07,120.35381265016272,0.6957263461189603,83.73331831658362,STR_Global
H01,2025-08-08,131.12844452848918,0.5056098547592931,66.29983379286143,STR_Global
H01,2025-08-09,109.91316175649484,0.7111245717348265,78.1619500821081,STR_Global
H01,2025-08-10,121.81596607193808,0.8263983480470862,100.66851312760953,STR_Global
H01,2025-08-11,126.39233311451167,0.7036025346157169,88.92996593536442,STR_Global
H01,2025-08-12,123.56839088057677,0.8079432117795138,99.83624260247957,STR_Global
H01,2025-08-13,111.15091132811578,0.718226858936568,79.83156991112959,STR_Global
H01,2025-08-14,129.8118359452047,0.5706282318883599,74.074298423594,STR_Global
H01,2025-08-15,115.22319167115893,0.7367394291185021,84.88946845302138,STR_Global
H01,2025-08-16,119.37979070109792,0.7647578807961191,91.29663574645588,STR_Global
H01,2025-08-17,108.96801245132285,0.7158176923578463,78.00123121372698,STR_Global
H01,2025-08-18,111.55100001862574,0.6639949481068971,74.06930046863988,STR_Global
H01,2025-08-19,130.85029563967018,0.572101987493214,74.85971419952993,STR_Global
H01,2025-08-20,128.12661330081508,0.8450312808076067,108.2709961431287,STR_Global
H01,2025-08-21,108.21065308675031,0.6112666358206492,66.14556187229321,STR_Global
H01,2025-08-22,108.89752776981113,0.6056332793819428,65.95196685981689,STR_Global
H01,2025-08-23,123.22935522579658,0.6410609589489578,78.99752863171092,STR_Global
H01,2025-08-24,131.44717310703896,0.5422613225638381,71.27871793630072,STR_Global
H01,2025-08-25,119.71482104240965,0.6558459086676466,78.51447558754386,STR_Global
H01,2025-08-26,118.28746270100477,0.5347303586331263,63.251897351910834,STR_Global
H01,2025-08-27,123.05922957038574,0.5753044675684195,70.79652454737067,STR_Global
H01,2025-08-28,127.15195284526139,0.5716808431696734,72.69033561324959,STR_Global
H01,2025-08-29,117.29335538904498,0.5223280946887593,61.26561484001138,STR_Global
H01,2025-08-30,131.5907251093128,0.6065716485239107,79.81920306001264,STR_Global
H01,2025-08-31,131.43882329556024,0.7511866552277249,98.73509003845986,STR_Global
H01,2025-09-01,118.42874311930788,0.780644058958482,92.4506947260079,STR_Global
H01,2025-09-02,130.74446824954273,0.5632301394589561,73.63922508567701,STR_Global
H01,2025-09-03,126.14861361856275,0.614177177443326,77.47759945063758,STR_Global
H01,2025-09-04,118.66976402566628,0.7128739818682563,84.59658720834308,STR_Global
H01,2025-09-05,109.40299169368504,0.5799159383290138,63.44453858404466,STR_Global
H01,2025-09-06,112.03248125262428,0.6660080327039506,74.61453243800253,STR_Global
H01,2025-09-07,109.37740424851857,0.639994056402749,70.00088862381267,STR_Global
H01,2025-09-08,111.64182991087326,0.8095201997899506,90.3763164543658,STR_Global
H01,2025-09-09,118.06403233006291,0.7326587217187962,86.50064300791053,STR_Global
H01,2025-09-10,120.11129491145843,0.6437560402218542,77.32237159811982,STR_Global
H01,2025-09-11,123.8722242946734,0.7421020399471411,91.92583034186694,STR_Global
H01,2025-09-12,131.49676417900002,0.6288875375882965,82.69667622536024,STR_Global
H01,2025-09-13,129.83832379583328,0.6756808917961445,87.7292744116852,STR_Global
H01,2025-09-14,127.14731235218575,0.7037245458934782,89.47668464661815,STR_Global
H01,2025-09-15,119.40260075836406,0.6599108251080434,78.79506878649832,STR_Global
H01,2025-09-16,124.73199010296841,0.8383471490064611,104.56870829272569,STR_Global
H01,2025-09-17,119.53343858007044,0.8020358681595565,95.87010518566382,STR_Global
H01,2025-09-18,118.01194269541686,0.6924010393071589,81.71159177296352,STR_Global
H01,2025-09-19,127.8351506278124,0.5713981112632855,73.04476362178961,STR_Global
H01,2025-09-20,131.32428723181164,0.5191136061247141,68.17222431666349,STR_Global
H01,2025-09-21,119.26576420774221,0.6018068989810539,71.77495971246691,STR_Global
H01,2025-09-22,112.6242335156808,0.6067160935347722,68.33093499598182,STR_Global
H01,2025-09-23,126.72115408896104,0.604250789436574,76.57135739656844,STR_Global
H01,2025-09-24,111.98843999063398,0.579618561292739,64.91057846878951,STR_Global
H01,2025-09-25,116.23264110216058,0.8289735305099981,96.35378285495958,STR_Global
H01,2025-09-26,109.25956104239347,0.615230715369488,67.21983790106798,STR_Global
H01,2025-09-27,116.44523602432815,0.5891620475678516,68.60511368561494,STR_Global
H01,2025-09-28,110.99153829582752,0.6825428443688385,75.75648024930699,STR_Global
H01,2025-09-29,108.94468511567351,0.5645054889325347,61.49987273782431,STR_Global
H01,2025-09-30,111.2264022568692,0.7710699610919267,85.76333766059913,STR_Global
H01,2025-10-01,118.28044321365232,0.7120638853128191,84.22323195123553,STR_Global
H01,2025-10-02,108.25231738899969,0.7742255259057681,83.8117073610164,STR_Global
H01,2025-10-03,118.38815810537214,0.8126565728258429,96.20891482907577,STR_Global
H01,2025-10-04,117.34100684696254,0.6669441874161788,78.2599024621437,STR_Global
H01,2025-10-05,116.05959275139683,0.8128767287344967,94.34214209401337,STR_Global
H01,2025-10-06,131.08940397459244,0.8244176467510524,108.07241793873156,STR_Global
H01,2025-10-07,114.68866358228463,0.6584886818495144,75.52118690538101,STR_Global
H01,2025-10-08,115.78389309928721,0.6652869746308054,77.02951595100139,STR_Global
H01,2025-10-09,131.97103045957573,0.641739005581666,84.69095785271588,STR_Global
H01,2025-10-10,109.98173179284666,0.702489636371236,77.26102677463565,STR_Global
H01,2025-10-11,120.2510431523146,0.6538470296205146,78.62578737390922,STR_Global
H01,2025-10-12,110.0872084861424,0.6107599958060457,67.2368629932956,STR_Global
H01,2025-10-13,130.67297716013957,0.8382954537831904,109.54256268565968,STR_Global
H01,2025-10-14,129.83028938666268,0.6997988776975665,90.85509080393683,STR_Global
H01,2025-10-15,130.76086926693407,0.7837392496181571,102.48242555868485,STR_Global
H01,2025-10-16,131.05791126651252,0.5565066901115223,72.93460441185647,STR_Global
H01,2025-10-17,114.18316797032472,0.5049688220651033,57.6589398296367,STR_Global
H01,2025-10-18,125.5958490752832,0.7425181188586687,93.25719359183654,STR_Global
H01,2025-10-19,113.68116734027689,0.8345451015113072,94.87206133791528,STR_Global
H01,2025-10-20,109.33696406676589,0.5339425668806334,58.37965924874455,STR_Global
H01,2025-10-21,128.28029369173862,0.5202093778134625,66.7326117671076,STR_Global
H01,2025-10-22,110.49015224486055,0.5950824669772794,65.7507523745668,STR_Global
H01,2025-10-23,124.03207801783233,0.5316958136603221,65.94733664167192,STR_Global
H01,2025-10-24,127.6125852174394,0.7981460740436107,101.85348388985497,STR_Global
H01,2025-10-25,108.69466360184082,0.8135042244302901,88.4235680131268,STR_Global
H01,2025-10-26,116.06024368894359,0.5113361982215983,59.34580377257666,STR_Global
H01,2025-10-27,116.11155721127608,0.7788257041552984,90.4306653056403,STR_Global
H01,2025-10-28,126.01436296185904,0.5656265599916431,71.27707063165465,STR_Global
H01,2025-10-29,112.44981240897731,0.5502406645803187,61.874459511847846,STR_Global
H01,2025-10-30,128.2751419485155,0.6795020077819469,87.16321650253053,STR_Global
H01,2025-10-31,123.70431503166859,0.7474347114726979,92.46089901362294,STR_Global
H01,2025-11-01,118.80263660844072,0.5854516461774175,69.55319917262915,STR_Global
H01,2025-11-02,110.2187884088896,0.6302152487342726,69.46156115229851,STR_Global
H01,2025-11-03,128.80944437709474,0.6380677867936001,82.18915709180618,STR_Global
H01,2025-11-04,130.9953148753079,0.8383569796372878,109.82083652549862,STR_Global
H01,2025-11-05,129.49333778097323,0.6218181844170622,80.52131219307013,STR_Global
H01,2025-11-06,111.85520670284522,0.8111542665388358,90.73182815159629,STR_Global
H01,2025-11-07,110.86874086912987,0.5933702222683733,65.78620941213028,STR_Global
H01,2025-11-08,127.72205800764937,0.5372441170159956,68.61792427778535,STR_Global
H01,2025-11-09,109.14993282992002,0.7615541451459499,83.12358378902759,STR_Global
H01,2025-11-10,115.42726917812644,0.5672902714638322,65.48076686638817,STR_Global
H01,2025-11-11,120.53992341337413,0.7727778096172919,93.15057798682338,STR_Global
H01,2025-11-12,117.72259331010856,0.7752160793882641,91.26044724128145,STR_Global
H01,2025-11-13,117.14136870299191,0.7974812735808159,93.41804790226192,STR_Global
H01,2025-11-14,119.81020824840236,0.502718324753889,60.23078717905141,STR_Global
H01,2025-11-15,128.1989281810266,0.5738394617169826,73.56560394009442,STR_Global
H01,2025-11-16,119.04789721542637,0.7953345022804071,94.68290007936021,STR_Global
H01,2025-11-17,130.87937202197696,0.5468223507478888,71.56776587346491,STR_Global
H01,2025-11-18,116.3477363383931,0.569682696977574,66.28129222449148,STR_Global
H01,2025-11-19,111.01544381789554,0.6906803798466344,76.6761889049868,STR_Global
H01,2025-11-20,113.12502850776819,0.5835631198801084,66.01559457251942,STR_Global
H01,2025-11-21,113.21887037321366,0.7464110084070799,84.50781120598087,STR_Global
H01,2025-11-22,131.43495670644987,0.6368210993944068,83.70055362865766,STR_Global
H01,2025-11-23,115.27879054570866,0.6555384664578782,75.5696815694528,STR_Global
H01,2025-11-24,114.42701938854321,0.6255314770592607,71.5777024536041,STR_Global
H01,2025-11-25,125.91847691146091,0.5320206314356105,66.99122759584579,STR_Global
H01,2025-11-26,112.38874864211694,0.7255697715322078,81.54587867505151,STR_Global
H01,2025-11-27,131.83064317878978,0.722471199524014,95.24384291140252,STR_Global
H01,2025-11-28,112.2245941209872,0.5790438712781871,64.98296343243972,STR_Global
H01,2025-11-29,111.28926726787573,0.6554643817725265,72.94615076765564,STR_Global
H01,2025-11-30,131.61375273353195,0.7856323235199915,103.40001836723033,STR_Global
H01,2025-12-01,113.40386458118236,0.84557896530927,95.89192247462876,STR_Global
H01,2025-12-02,129.96236290776073,0.7133886678965221,92.7136769514518,STR_Global
H01,2025-12-03,121.63844679045044,0.7631293572554265,92.82586971674485,STR_Global
H01,2025-12-04,116.01063832967516,0.6660522199515109,77.26914319747198,STR_Global
H01,2025-12-05,121.66331962589284,0.811150213785133,98.68722772435194,STR_Global
H01,2025-12-06,109.22797215469143,0.6815617464901483,74.44560746732878,STR_Global
H01,2025-12-07,115.44564680987291,0.6722006053012289,77.60263366498846,STR_Global
H01,2025-12-08,115.7474350427484,0.6764464946714535,78.29694670187891,STR_Global
H01,2025-12-09,111.19882219397215,0.6623948961041333,73.65753227407816,STR_Global
H01,2025-12-10,115.29897238723288,0.5572438280855656,64.24964074739357,STR_Global
H01,2025-12-11,129.5938338818129,0.6056300195514043,78.4859161475838,STR_Global
H01,2025-12-12,108.93016645330037,0.6535271564525945,71.1888219341332,STR_Global
H01,2025-12-13,114.37338235229792,0.7676716847437812,87.8012071202332,STR_Global
H01,2025-12-14,127.76991331081922,0.5881323681178086,75.14562168969921,STR_Global
H01,2025-12-15,119.98047482239994,0.8031642981041602,96.36403384693672,STR_Global
H01,2025-12-16,118.36825341432872,0.5927896376453021,70.16747405018722,STR_Global
H01,2025-12-17,110.50351409644517,0.5571740574101047,61.56969130719106,STR_Global
H01,2025-12-18,120.67654228215255,0.8069946466644755,97.38532359967634,STR_Global
H01,2025-12-19,123.5893441621671,0.537349136685824,66.41062738910766,STR_Global
H01,2025-12-20,123.02531301553924,0.7898650542632085,97.17339554076712,STR_Global
H01,2025-12-21,109.1834156906358,0.5393389595116045,58.886869814510504,STR_Global
H01,2025-12-22,114.24115296605842,0.5474815135061322,62.54491933054322,STR_Global
H01,2025-12-23,122.64902543476063,0.8300439744248975,101.80408453120906,STR_Global
H01,2025-12-24,110.70007513263916,0.7486230252493162,82.87262514112292,STR_Global
H01,2025-12-25,123.33858832787297,0.5962846085456935,73.54490185966418,STR_Global
H01,2025-12-26,114.32523550792267,0.8491852921426307,97.08330851407037,STR_Global
H01,2025-12-27,108.59146571127174,0.8257352894468394,89.66780537055351,STR_Global
H01,2025-12-28,128.0730858578496,0.7538642367575573,96.5497191194129,STR_Global
H01,2025-12-29,110.20266255530822,0.5075759464714442,55.93622075018376,STR_Global
H01,2025-12-30,120.34144827038348,0.8077635621768962,97.20743693241164,STR_Global
H01,2025-12-31,126.42903272720909,0.5892827014913328,74.5024419524259,STR_Global
H02,2021-01-01,169.65591431440836,0.7059279912261798,119.76485879161118,STR_Global
H02,2021-01-02,183.3370583991436,0.522483501549994,95.79058823626028,STR_Global
H02,2021-01-03,178.6903946763642,0.8004156511233237,143.02658860436574,STR_Global
H02,2021-01-04,171.90612404957045,0.8314080687193582,142.92413859708378,STR_Global
H02,2021-01-05,174.17631482342227,0.8260176474088382,143.87270980478442,STR_Global
H02,2021-01-06,174.79022307252922,0.6672535742195975,116.62940108378588,STR_Global
H02,2021-01-07,187.75160317904889,0.7317812554153575,137.39310388061043,STR_Global
H02,2021-01-08,166.5090443194635,0.610483968407423,101.65110215187356,STR_Global
H02,2021-01-09,183.51656407884454,0.5139289945674784,94.3144832635188,STR_Global
H02,2021-01-10,178.16535937331864,0.8117912519013717,144.63308013112413,STR_Global
H02,2021-01-11,186.1475409159493,0.5269392140528061,98.08843890811288,STR_Global
H02,2021-01-12,177.16683173880114,0.5856292691116496,103.75408218202071,STR_Global
H02,2021-01-13,170.75447928951215,0.8069921636818007,137.79752670020264,STR_Global
H02,2021-01-14,165.66763550902402,0.5673726027225394,93.99527754564396,STR_Global
H02,2021-01-15,187.94610403296048,0.5087444287986473,95.61653334117963,STR_Global
H02,2021-01-16,184.74768573288787,0.7120138056823271,131.54290280967606,STR_Global
H02,2021-01-17,186.6163752320355,0.7038868221042576,131.35680731469316,STR_Global
H02,2021-01-18,193.30619247836145,0.7546083369501422,145.87046442826042,STR_Global
H02,2021-01-19,196.12065837652048,0.6404017893221291,125.59602054735772,STR_Global
H02,2021-01-20,180.9160245490385,0.5437045269170729,98.36486153915253,STR_Global
H02,2021-01-21,197.93947523655444,0.5709986335547528,113.02316988661741,STR_Global
H02,2021-01-22,197.81189836466064,0.5994204361641502,118.57249439620342,STR_Global
H02,2021-01-23,184.52339686589232,0.7573299813355586,139.7451007044201,STR_Global
H02,2021-01-24,186.30831015223336,0.7595894451471381,141.51782593483586,STR_Global
H02,2021-01-25,166.5399651004305,0.6233683664301729,103.81574598999336,STR_Global
H02,2021-01-26,192.90960385136995,0.7366685112247887,142.11043067015248,STR_Global
H02,2021-01-27,174.35883489104668,0.6794923768522997,118.475499145315,STR_Global
H02,2021-01-28,173.6036936808993,0.71078970583204,123.39571836280201,STR_Global
H02,2021-01-29,185.77397708624972,0.524777002603911,97.48991085712977,STR_Global
H02,2021-01-30,179.90025102071985,0.7354910914721505,132.3150319793431,STR_Global
H02,2021-01-31,173.30983429813102,0.7241565458976384,125.50345097542663,STR_Global
H02,2021-02-01,169.55704964692987,0.833877863384243,141.38987028131788,STR_Global
H02,2021-02-02,169.8382403885856,0.7711002291110277,130.96230607545215,STR_Global
H02,2021-02-03,179.40868508533924,0.5168276389702575,92.72336712341433,STR_Global
H02,2021-02-04,197.1390968711846,0.8224003580632946,162.12726385513673,STR_Global
H02,2021-02-05,189.13392635623669,0.5728371121087305,108.34293217569193,STR_Global
H02,2021-02-06,182.66144890042736,0.8132767957066458,148.55431786087277,STR_Global
H02,2021-02-07,179.76264121488222,0.791442811222297,142.27185011585152,STR_Global
H02,2021-02-08,197.42722070279453,0.6419150867156465,126.73151149746342,STR_Global
H02,2021-02-09,174.76373551782987,0.6031860334213683,105.41504441290091,STR_Global
H02,2021-02-10,194.95043785365388,0.5883129604923109,114.69186924295538,STR_Global
H02,2021-02-11,165.72510229127707,0.8135355060460681,134.82325495707047,STR_Global
H02,2021-02-12,168.07497978233627,0.8174449314533853,137.392040327201,STR_Global
H02,2021-02-13,168.84820550952497,0.7393912954702995,124.84489340952302,STR_Global
H02,2021-02-14,164.55734717052027,0.6641709105365416,109.29420310572225,STR_Global
H02,2021-02-15,182.68495911186767,0.6174888402249946,112.80592352853773,STR_Global
H02,2021-02-16,165.86000619150556,0.6796411765996548,112.72528975882088,STR_Global
H02,2021-02-17,188.41114225312015,0.6583283657222996,124.03639936336829,STR_Global
H02,2021-02-18,165.12418634633966,0.6907437973350063,114.05850750872386,STR_Global
H02,2021-02-19,166.4861422748085,0.5577269093984558,92.85380158860053,STR_Global
H02,2021-02-20,169.85891202521447,0.5802877257540338,98.5670417581662,STR_Global
H02,2021-02-21,165.69965673539215,0.5061845156784018,83.8746004926819,STR_Global
H02,2021-02-22,180.37872940675842,0.6508443050968711,117.39846879499824,STR_Global
H02,2021-02-23,174.30295832373338,0.6486741695334652,113.06582673787395,STR_Global
H02,2021-02-24,178.8126431947827,0.5023942618519273,89.8344458876349,STR_Global
H02,2021-02-25,166.74504587628047,0.5791970669503325,96.57824150004028,STR_Global
H02,2021-02-26,170.05005431253593,0.5962586703707292,101.39381928086297,STR_Global
H02,2021-02-27,178.14047293888683,0.7859874847083664,140.01618224999447,STR_Global
H02,2021-02-28,164.81886013726407,0.5762120466919077,94.97061273312022,STR_Global
H02,2021-03-01,178.1738836904394,0.5344207225565746,95.2198156625557,STR_Global
H02,2021-03-02,188.54753189137642,0.8061602773797981,151.99953060882834,STR_Global
H02,2021-03-03,171.6479016078376,0.5235496145225301,89.86619272038456,STR_Global
H02,2021-03-04,174.58282084209833,0.5568964220759953,97.22454828289906,STR_Global
H02,2021-03-05,186.50018398099817,0.7769770216930101,144.9063574947544,STR_Global
H02,2021-03-06,165.44012774250007,0.6602103360081747,109.22528232611131,STR_Global
H02,2021-03-07,197.27292727371378,0.827398688556987,163.22336131406865,STR_Global
H02,2021-03-08,163.66307339525864,0.5608863106936789,91.7963774334554,STR_Global
H02,2021-03-09,168.38464901975075,0.8194117594090886,137.97636151075582,STR_Global
H02,2021-03-10,164.76464463432242,0.7819236161112855,128.8333667397603,STR_Global
H02,2021-03-11,170.5247130764225,0.7376105680160747,125.78083047307817,STR_Global
H02,2021-03-12,184.6863030559335,0.76950742995954,142.11748241330014,STR_Global
H02,2021-03-13,167.89424248365017,0.8375236319125953,140.61539574212065,STR_Global
H02,2021-03-14,171.78183356033446,0.5350542491273684,91.91259996934734,STR_Global
H02,2021-03-15,165.1822908172833,0.6324104625078408,104.46300893386281,STR_Global
H02,2021-03-16,184.66860942933133,0.843484166984448,155.7650481926759,STR_Global
H02,2021-03-17,197.50236470221301,0.5582884797240445,110.26329493150229,STR_Global
H02,2021-03-18,164.5224730459628,0.5985170558578218,98.4695061899175,STR_Global
H02,2021-03-19,182.9076690101192,0.5421323523269368,99.16016485909269,STR_Global
H02,2021-03-20,179.39284724035798,0.607063184641532,108.90279314764358,STR_Global
H02,2021-03-21,197.4144612123273,0.7138995331239362,140.93409169139386,STR_Global
H02,2021-03-22,180.0012209605059,0.7634966162819843,137.43032312997204,STR_Global
H02,2021-03-23,172.79547366398634,0.7037831070809052,121.61053534475704,STR_Global
H02,2021-03-24,192.92156457569018,0.7222254055412103,139.33285521332263,STR_Global
H02,2021-03-25,194.07678058681964,0.6366034415244697,123.54994644155877,STR_Global
H02,2021-03-26,170.95669429511332,0.750233488243122,128.2574370995359,STR_Global
H02,2021-03-27,165.36813864884408,0.5505092152906186,91.03668424164537,STR_Global
H02,2021-03-28,170.513096840593,0.8057369924858251,137.38870982778363,STR_Global
H02,2021-03-29,173.5205800711461,0.757612390149123,131.46134140776326,STR_Global
H02,2021-03-30,196.5508459726309,0.5568788728541096,109.4550135637604,STR_Global
H02,2021-03-31,176.64385494859218,0.8023263680377511,141.7260225770913,STR_Global
H02,2021-04-01,162.3102840933041,0.550356654386423,89.32854492610069,STR_Global
H02,2021-04-02,178.39421658892587,0.7053106080915962,125.82333338235922,STR_Global
H02,2021-04-03,177.21671830766732,0.5026120991460268,89.0712667923868,STR_Global
H02,2021-04-04,188.35989142724003,0.6549427956886025,123.3649538869582,STR_Global
H02,2021-04-05,183.1835246563243,0.7845997015686039,143.72573877763705,STR_Global
H02,2021-04-06,184.60909672450333,0.5828521665488415,107.59981199050141,STR_Global
H02,2021-04-07,171.29881544859333,0.6454697237102043,110.5681990794888,STR_Global
H02,2021-04-08,178.13107754219078,0.7342439021127922,130.79165746213454,STR_Global
H02,2021-04-09,184.56489468233437,0.5714897637777387,105.4769480636705,STR_Global
H02,2021-04-10,179.28660654942797,0.8484758118360223,152.1203490433514,STR_Global
H02,2021-04-11,195.00321611227488,0.6980481255937352,136.12162949192356,STR_Global
H02,2021-04-12,187.87317357502064,0.6578955244292445,123.60092005532468,STR_Global
H02,2021-04-13,168.92336782023662,0.6723284670454371,113.57198893473222,STR_Global
H02,2021-04-14,194.9343173946596,0.5860365054579011,114.23862615978764,STR_Global
H02,2021-04-15,181.1899904434096,0.8332924050866803,150.98424291422143,STR_Global
H02,2021-04-16,166.65770221080123,0.6900291555712648,114.99867352596648,STR_Global
H02,2021-04-17,184.42634559060176,0.5347011392971683,98.61297710370806,STR_Global
H02,2021-04-18,169.93693731597733,0.7722947400498279,131.24140282930662,STR_Global
H02,2021-04-19,195.35707379586174,0.6422162808373187,125.46149336843995,STR_Global
H02,2021-04-20,180.6217981111552,0.6466232686775215,116.79425748904654,STR_Global
H02,2021-04-21,185.99066296901708,0.8446015637316395,157.08800478311616,STR_Global
H02,2021-04-22,165.9413651784838,0.7050329379753355,116.99412822342447,STR_Global
H02,2021-04-23,196.72157610085875,0.8367745185405806,164.61160212834028,STR_Global
H02,2021-04-24,197.02238971176084,0.6678687838605604,131.5851038100951,STR_Global
H02,2021-04-25,165.61647178851487,0.6444373869327022,106.72944631240412,STR_Global
H02,2021-04-26,176.64834353006262,0.5086344840891706,89.84943907661997,STR_Global
H02,2021-04-27,197.8557713676252,0.6866579268605593,135.85923378469033,STR_Global
H02,2021-04-28,184.86953954492694,0.7959747320685475,147.15148220690898,STR_Global
H02,2021-04-29,195.302324032094,0.5723791866154504,111.78698537359709,STR_Global
H02,2021-04-30,187.2865931711833,0.5362728542682784,100.43671588609234,STR_Global
H02,2021-05-01,197.92718840009738,0.5940999195164601,117.58852669861709,STR_Global
H02,2021-05-02,197.28940348139398,0.6427782364287443,126.81333483584939,STR_Global
H02,2021-05-03,163.1344695509596,0.7597078581579161,123.9345384542873,STR_Global
H02,2021-05-04,194.36486337538145,0.7215797942736835,140.24975812844033,STR_Global
H02,2021-05-05,166.1673616648677,0.5469087130116471,90.87837791267371,STR_Global
H02,2021-05-06,180.72835057814493,0.54875581854777,99.17573395629826,STR_Global
H02,2021-05-07,186.20453763514317,0.5282344185869121,98.35964567594465,STR_Global
H02,2021-05-08,169.76195154874964,0.6195142923129549,105.16995527538975,STR_Global
H02,2021-05-09,181.5129745079897,0.5759861303144617,104.54895578872451,STR_Global
H02,2021-05-10,196.28136282104367,0.6012026170589528,118.0048690079093,STR_Global
H02,2021-05-11,181.35292096985452,0.5524682386364989,100.1917288197997,STR_Global
H02,2021-05-12,162.6108886553568,0.7258025291553162,118.02339425425149,STR_Global
H02,2021-05-13,171.2800255753437,0.6759205404674387,115.77168745816303,STR_Global
H02,2021-05-14,163.78245466928257,0.5050305331222221,82.71514039769396,STR_Global
H02,2021-05-15,196.3193893992346,0.6195861008364589,121.63676499646623,STR_Global
H02,2021-05-16,164.59967467206678,0.6746387804772775,111.04532378771977,STR_Global
H02,2021-05-17,189.54535859500552,0.6761271452005221,128.15676219285032,STR_Global
H02,2021-05-18,185.3372503468016,0.5522835726792512,102.35871877208038,STR_Global
H02,2021-05-19,184.0721846064927,0.8053380971741853,148.2403428936882,STR_Global
H02,2021-05-20,180.66115668007157,0.8368183201184224,151.1805656436686,STR_Global
H02,2021-05-21,171.11516065246119,0.7193915165452736,123.09879492566218,STR_Global
H02,2021-05-22,197.24210481076784,0.7862377257481667,155.07918390819964,STR_Global
H02,2021-05-23,189.1251217960733,0.659234907904708,124.67788224970106,STR_Global
H02,2021-05-24,181.66491360471065,0.6914204298275934,125.60683264916166,STR_Global
H02,2021-05-25,192.7182527484193,0.6462944299274197,124.55273329664804,STR_Global
H02,2021-05-26,165.2659517789219,0.5347331827218883,88.37318839030503,STR_Global
H02,2021-05-27,166.64049306264596,0.8061681218938976,134.34025332378638,STR_Global
H02,2021-05-28,184.43296273492172,0.5354079668645861,98.74687760071642,STR_Global
H02,2021-05-29,170.4128561577131,0.7761198870380535,132.26080667095633,STR_Global
H02,2021-05-30,187.69177019203752,0.5824888871015598,109.32837033728164,STR_Global
H02,2021-05-31,193.19744478943812,0.5443806296943661,105.17294664981685,STR_Global
H02,2021-06-01,177.39150679294963,0.5444886718034584,96.5876659229073,STR_Global
H02,2021-06-02,189.3192528390462,0.7451217611032993,141.0658950861909,STR_Global
H02,2021-06-03,191.32650201693303,0.6771489484431255,129.55653965006772,STR_Global
H02,2021-06-04,174.91417270365957,0.6265205024376342,109.58731536575992,STR_Global
H02,2021-06-05,190.6870165299429,0.70453857255631,134.34635843102745,STR_Global
H02,2021-06-06,174.19000424805478,0.7819131990642054,136.20146346660405,STR_Global
H02,2021-06-07,183.16448369621335,0.693965677851677,127.10986508659514,STR_Global
H02,2021-06-08,170.5801395826079,0.7004703784079882,119.4863349223168,STR_Global
H02,2021-06-09,174.02563974311855,0.670268968006348,116.64398595726458,STR_Global
H02,2021-06-10,196.17412218321542,0.5835958061412624,114.4863949795681,STR_Global
H02,2021-06-11,178.58422049957977,0.5591007512784624,99.84657184779363,STR_Global
H02,2021-06-12,173.63322782205904,0.5123057375949179,88.95329885036638,STR_Global
H02,2021-06-13,174.836121162368,0.6930993302069884,121.17879847362514,STR_Global
H02,2021-06-14,175.58454518029123,0.8379312713821683,147.1277811779812,STR_Global
H02,2021-06-15,178.47952605734883,0.585213465423366,104.44862195114108,STR_Global
H02,2021-06-16,187.53466057706765,0.5720958644659656,107.28780376016896,STR_Global
H02,2021-06-17,189.93114234730035,0.6466265422943811,122.81451785005673,STR_Global
H02,2021-06-18,169.37925238173278,0.6973079855058898,118.10950526479978,STR_Global
H02,2021-06-19,192.69153521551803,0.5182976861440659,99.87157684175078,STR_Global
H02,2021-06-20,174.69105268681864,0.8060393110979158,140.80785576265302,STR_Global
H02,2021-06-21,194.61282016444733,0.611728854225166,119.05027749672564,STR_Global
H02,2021-06-22,179.7490845057169,0.5624819262454095,101.10561129362453,STR_Global
H02,2021-06-23,195.97558975963256,0.5685930646456167,111.4303611771616,STR_Global
H02,2021-06-24,163.24742555330462,0.6125365530934193,99.99501534979578,STR_Global
H02,2021-06-25,179.76757174522032,0.82014309611797,147.4351328727343,STR_Global
H02,2021-06-26,188.2309328034084,0.5133172124085318,96.62217771570326,STR_Global
H02,2021-06-27,165.96265536651805,0.5707283276302823,94.71958874641373,STR_Global
H02,2021-06-28,193.1506041312369,0.793006687468259,153.1697207646052,STR_Global
H02,2021-06-29,166.14560834650334,0.7546377495305499,125.37974797698942,STR_Global
H02,2021-06-30,169.22566234489653,0.7334379962205135,124.11653069933013,STR_Global
H02,2021-07-01,173.28518495447224,0.5682488581323569,98.46910848163313,STR_Global
H02,2021-07-02,187.17785067554522,0.7234225227957558,135.40867294719018,STR_Global
H02,2021-07-03,181.18249676219736,0.7973125504749943,144.45907859489498,STR_Global
H02,2021-07-04,188.6536186898767,0.8433841685797283,159.10747534831876,STR_Global
H02,2021-07-05,165.4289616230233,0.7647887085291842,126.51820191299596,STR_Global
H02,2021-07-06,197.76881422149188,0.641269063344464,126.82302225456141,STR_Global
H02,2021-07-07,168.2422583834203,0.7354255202343765,123.72965039703327,STR_Global
H02,2021-07-08,186.4789815632176,0.6768737838832392,126.22273386538788,STR_Global
H02,2021-07-09,197.84228614641745,0.7609699163821757,150.55202794569777,STR_Global
H02,2021-07-10,195.23426359029355,0.6727179993255072,131.337603202251,STR_Global
H02,2021-07-11,193.9948746052973,0.7554732317500374,146.55793486100723,STR_Global
H02,2021-07-12,169.36990034219997,0.6575224596455154,111.36451346291913,STR_Global
H02,2021-07-13,172.8944345854352,0.7273400355112811,125.7530441910733,STR_Global
H02,2021-07-14,175.2980819203841,0.5977688198467959,104.78772755095495,STR_Global
H02,2021-07-15,162.36037478012892,0.8099458052549711,131.5031044927904,STR_Global
H02,2021-07-16,173.93968239037264,0.7000876074224085,121.77301608048963,STR_Global
H02,2021-07-17,179.96791169187384,0.6777132531519325,121.96663889565953,STR_Global
H02,2021-07-18,170.67831645084254,0.636330609080893,108.60783706406603,STR_Global
H02,2021-07-19,165.23359665932176,0.6260348707737396,103.44199333209872,STR_Global
H02,2021-07-20,165.63389852003036,0.532380817414083,88.18031028557505,STR_Global
H02,2021-07-21,162.07862914286096,0.84994723557024,137.7582827849888,STR_Global
H02,2021-07-22,195.14261292158795,0.549435294309295,107.21823896285753,STR_Global
H02,2021-07-23,183.99334994940523,0.8342721154941828,153.50052129915179,STR_Global
H02,2021-07-24,180.78162484920907,0.8129025192708821,146.95783827780554,STR_Global
H02,2021-07-25,195.35995993992734,0.7685477121304705,150.14345025373152,STR_Global
H02,2021-07-26,190.4020244616574,0.6104437160550888,116.22971935678606,STR_Global
H02,2021-07-27,186.93050445940295,0.8110633693125953,151.61248477414648,STR_Global
H02,2021-07-28,165.7740868994157,0.8260807374156567,136.94277995027647,STR_Global
H02,2021-07-29,182.36671293855247,0.68206811270336,124.3865197139139,STR_Global
H02,2021-07-30,175.01786346331403,0.773200454037329,135.32389149447766,STR_Global
H02,2021-07-31,175.65420210219162,0.783279340552931,137.58630758795593,STR_Global
H02,2021-08-01,196.41251420597456,0.5617539196646226,110.33549972638959,STR_Global
H02,2021-08-02,180.11445001384843,0.6242259203388056,112.43210832621234,STR_Global
H02,2021-08-03,180.04185833246964,0.50138598005425,90.27046359081372,STR_Global
H02,2021-08-04,167.72972702377788,0.840227767416095,140.93117406649995,STR_Global
H02,2021-08-05,176.06496733563418,0.6468185197814369,113.88208155740193,STR_Global
H02,2021-08-06,169.9585759013037,0.5754295001417191,97.79917837568561,STR_Global
H02,2021-08-07,176.9456043380632,0.6751016815373628,119.45627502927134,STR_Global
H02,2021-08-08,162.37985892537242,0.5656345280192583,91.84765486308677,STR_Global
H02,2021-08-09,194.10743268030276,0.6948935431415844,134.88400164533215,STR_Global
H02,2021-08-10,166.16180198201445,0.6147115290636449,102.14157536833468,STR_Global
H02,2021-08-11,195.03362506542842,0.5130275965992652,100.05763192335895,STR_Global
H02,2021-08-12,193.78163385642577,0.8467620832876266,164.08693998714716,STR_Global
H02,2021-08-13,168.860737674619,0.6818897609026319,115.14440803878799,STR_Global
H02,2021-08-14,163.83072325088955,0.816059755722484,133.6956599959588,STR_Global
H02,2021-08-15,194.38245954346718,0.6193317305749134,120.38722506246363,STR_Global
H02,2021-08-16,164.36253917440143,0.8249303931932771,135.5876540673844,STR_Global
H02,2021-08-17,185.4982124559801,0.70680319358829,131.11072896880586,STR_Global
H02,2021-08-18,192.3724990679392,0.6275982496319525,120.73264369236307,STR_Global
H02,2021-08-19,182.25559522449876,0.7894037465106767,143.87324969275272,STR_Global
H02,2021-08-20,169.47041383385564,0.749762578192215,127.06257440337323,STR_Global
H02,2021-08-21,177.55618452486945,0.8037031034817823,142.7024565450216,STR_Global
H02,2021-08-22,188.80549113467075,0.6060308087615294,114.42194449096228,STR_Global
H02,2021-08-23,193.25153375521427,0.611902297268949,118.25105745556344,STR_Global
H02,2021-08-24,164.99727568982277,0.6225652835161863,102.72157571923287,STR_Global
H02,2021-08-25,190.18525011327262,0.6090293046548951,115.82839063210373,STR_Global
H02,2021-08-26,190.00473864294736,0.6698433598199176,127.27341251429719,STR_Global
H02,2021-08-27,175.5428568757064,0.65509457086302,114.99717249305944,STR_Global
H02,2021-08-28,191.11678000204142,0.6840813019155108,130.73941568169676,STR_Global
H02,2021-08-29,186.14618371593363,0.6834891521882078,127.22889729107385,STR_Global
H02,2021-08-30,195.6028725728444,0.5971329817158374,116.80092653160557,STR_Global
H02,2021-08-31,185.31792195914204,0.7020153366781581,130.09602337664373,STR_Global
H02,2021-09-01,180.34231943607128,0.716336037946594,129.18570257893433,STR_Global
H02,2021-09-02,164.9330603176659,0.625798339390786,103.21483525743567,STR_Global
H02,2021-09-03,176.71318424175362,0.8327606496244351,147.15978610636523,STR_Global
H02,2021-09-04,163.3523842635833,0.5184484264487037,84.68978657809875,STR_Global
H02,2021-09-05,180.31341543178561,0.6883331324423889,124.11569806554678,STR_Global
H02,2021-09-06,168.05651684790573,0.7606627560704728,127.83433328113182,STR_Global
H02,2021-09-07,172.30607503602988,0.6612492599718964,113.93726460623682,STR_Global
H02,2021-09-08,185.4349828278676,0.725833175593666,134.59486245210806,STR_Global
H02,2021-09-09,164.63106327694143,0.6461979984405415,106.38426357069768,STR_Global
H02,2021-09-10,183.4653087083773,0.8430019121188859,154.66160604864376,STR_Global
H02,2021-09-11,180.65540635857076,0.5025752403688951,90.79293427459912,STR_Global
H02,2021-09-12,195.14775058689875,0.6992305742320067,136.45327370296164,STR_Global
H02,2021-09-13,195.1068566890107,0.834258021864084,162.7694603134934,STR_Global
H02,2021-09-14,192.54535955761466,0.5731703450733031,110.36129017990122,STR_Global
H02,2021-09-15,178.39676059222904,0.6644315125070386,118.5324294666508,STR_Global
H02,2021-09-16,167.91373618041342,0.6248696716222379,104.92420118791803,STR_Global
H02,2021-09-17,185.9044402104337,0.7905710095210168,146.9706609716021,STR_Global
H02,2021-09-18,194.83947256497058,0.8274330579656,161.21662059683823,STR_Global
H02,2021-09-19,188.68711350062745,0.513796154792127,96.94671337544803,STR_Global
H02,2021-09-20,194.03411018717918,0.8387525980829743,162.74661403621465,STR_Global
H02,2021-09-21,163.0022778454531,0.6855183187243332,111.74104745685165,STR_Global
H02,2021-09-22,184.62614040300846,0.6608651631065242,122.01298439116223,STR_Global
H02,2021-09-23,172.07160951193347,0.7599225963885916,130.76110426507236,STR_Global
H02,2021-09-24,176.89195884899547,0.5308497851867773,93.90305835625749,STR_Global
H02,2021-09-25,197.66313853819847,0.7426902987001653,146.8024954029468,STR_Global
H02,2021-09-26,173.8630948958639,0.6743662547108926,117.24740413736825,STR_Global
H02,2021-09-27,186.63152670678554,0.7999325454542858,149.29263222057847,STR_Global
H02,2021-09-28,193.44100024229178,0.5712288879161602,110.49908744579402,STR_Global
H02,2021-09-29,173.8466560605862,0.8110097481530033,140.99133274893782,STR_Global
H02,2021-09-30,195.86484675803635,0.6792310018445323,133.03747608958682,STR_Global
H02,2021-10-01,192.83659159260012,0.6232808412747608,120.19135303639327,STR_Global
H02,2021-10-02,177.29259052793083,0.5697049141589734,101.00446006773686,STR_Global
H02,2021-10-03,189.4296375267515,0.8203956705133462,155.4072544938594,STR_Global
H02,2021-10-04,178.74999112593324,0.8459296983525499,151.2099260736817,STR_Global
H02,2021-10-05,177.69853728789525,0.5917960126352447,105.16128581809177,STR_Global
H02,2021-10-06,189.60656032143982,0.8316477942134151,157.68587765971824,STR_Global
H02,2021-10-07,187.9721696559446,0.7067815867312706,132.85526833074812,STR_Global
H02,2021-10-08,164.7191976896487,0.671783605443815,110.65565650976473,STR_Global
H02,2021-10-09,175.6322715590202,0.733050218175697,128.74727498503304,STR_Global
H02,2021-10-10,171.67901561924424,0.6853367652578601,117.6579412271465,STR_Global
H02,2021-10-11,163.16951748084594,0.7529937213650744,122.86562218124574,STR_Global
H02,2021-10-12,196.87732886080096,0.68871782794456,135.59292630453768,STR_Global
H02,2021-10-13,181.8607668410326,0.5222605027322291,94.9786955176664,STR_Global
H02,2021-10-14,177.49235425280662,0.848897249498504,150.67277133222163,STR_Global
H02,2021-10-15,168.88471664674037,0.8173286539331996,138.03431812677013,STR_Global
H02,2021-10-16,163.47896513839999,0.6420000484633317,104.9535035415881,STR_Global
H02,2021-10-17,186.69928154196555,0.5928299828759361,110.68093187947301,STR_Global
H02,2021-10-18,187.28369925910945,0.6703628669233104,125.54803756333968,STR_Global
H02,2021-10-19,171.4103033961742,0.6248131195060351,107.09940638043953,STR_Global
H02,2021-10-20,191.66026973848793,0.7302824689216073,139.96613497880418,STR_Global
H02,2021-10-21,187.70248612313176,0.8391305390110019,157.50688835420866,STR_Global
H02,2021-10-22,181.44285558919907,0.7177032160831431,130.22212099167749,STR_Global
H02,2021-10-23,184.67540640659448,0.7546470624012702,139.36475294249723,STR_Global
H02,2021-10-24,196.93578775982752,0.642034232270095,126.43951730088725,STR_Global
H02,2021-10-25,179.7264633313561,0.5939767210384923,106.75333537340371,STR_Global
H02,2021-10-26,171.97036625248597,0.5572864823054048,95.83676046962,STR_Global
H02,2021-10-27,170.5755396771222,0.7470948431177864,127.43610605481136,STR_Global
H02,2021-10-28,194.08730168183243,0.6552955064603837,127.18453665312566,STR_Global
H02,2021-10-29,180.87533778024437,0.5508287569703372,99.63133747608187,STR_Global
H02,2021-10-30,179.08031447440285,0.5280221908851379,94.55837999317367,STR_Global
H02,2021-10-31,191.0745313042671,0.5296681540492166,101.20609428175042,STR_Global
H02,2021-11-01,192.76255569278698,0.8202985871417137,158.12285208861906,STR_Global
H02,2021-11-02,190.18255024751966,0.518316500055232,98.57475381587268,STR_Global
H02,2021-11-03,180.30524527108895,0.779678751020184,140.58016843535057,STR_Global
H02,2021-11-04,188.17786115064501,0.7958654914910543,149.7642659523935,STR_Global
H02,2021-11-05,184.58330893236945,0.7580267282499566,139.919081759555,STR_Global
H02,2021-11-06,186.34166400432406,0.8359243252532002,155.76752974937313,STR_Global
H02,2021-11-07,192.06878616571916,0.5086860240058022,97.70270717026031,STR_Global
H02,2021-11-08,181.9663376836012,0.7945654109152354,144.58415787431107,STR_Global
H02,2021-11-09,169.93576385613412,0.6141371198235777,104.36386056962584,STR_Global
H02,2021-11-10,193.97779907441424,0.7342603957272256,142.43021551067565,STR_Global
H02,2021-11-11,168.7859947006402,0.7124405906959929,120.24999376573483,STR_Global
H02,2021-11-12,171.66956158492553,0.8385648389737144,143.9560582671512,STR_Global
H02,2021-11-13,182.12891963266688,0.5301406386772308,96.55394177565606,STR_Global
H02,2021-11-14,177.91438367225072,0.5505527694542771,97.95125665650846,STR_Global
H02,2021-11-15,183.0835560754368,0.6826408063568162,124.98030635000956,STR_Global
H02,2021-11-16,187.6685145070227,0.7663520940323443,143.82015907639624,STR_Global
H02,2021-11-17,189.17757143226183,0.5185275774490864,98.09378782247222,STR_Global
H02,2021-11-18,183.88306166691532,0.7077770047875763,130.1482026177785,STR_Global
H02,2021-11-19,168.83757958429294,0.7367652502223438,124.39366156935648,STR_Global
H02,2021-11-20,185.61604876751193,0.540841191977565,100.38880506558698,STR_Global
H02,2021-11-21,181.79152384557673,0.7616295397038668,138.45779462857115,STR_Global
H02,2021-11-22,184.92557271423672,0.5592978407326364,103.42847351531874,STR_Global
H02,2021-11-23,171.74460975486232,0.8220133574381684,141.17636328650238,STR_Global
H02,2021-11-24,193.74152290698908,0.6991224920456507,135.44905630745373,STR_Global
H02,2021-11-25,180.0655335194584,0.8058281416469582,145.10187425065322,STR_Global
H02,2021-11-26,187.88469995386407,0.6188924164678555,116.28041597178492,STR_Global
H02,2021-11-27,174.82499620573608,0.5874606622508151,102.70280804901795,STR_Global
H02,2021-11-28,184.18466337590203,0.7432919355810186,136.90297494501257,STR_Global
H02,2021-11-29,194.72625154428235,0.6366140227415441,123.9654623289874,STR_Global
H02,2021-11-30,194.46874458296003,0.7691877102275546,149.5829683565942,STR_Global
H02,2021-12-01,196.0006927637534,0.6927416720147264,135.7778476212072,STR_Global
H02,2021-12-02,179.08996057661568,0.6820471967246398,122.14780557280697,STR_Global
H02,2021-12-03,194.3856214114765,0.7865076306305878,152.88577452499484,STR_Global
H02,2021-12-04,165.12295087804972,0.5683756362970129,93.85186227255193,STR_Global
H02,2021-12-05,186.22173198809105,0.5199831661784594,96.83216581040408,STR_Global
H02,2021-12-06,183.24614785139082,0.7319750064602822,134.13160025734362,STR_Global
H02,2021-12-07,173.0052768891776,0.5703070130490799,98.66612270439589,STR_Global
H02,2021-12-08,190.06138860784304,0.728153832776662,138.39392857765552,STR_Global
H02,2021-12-09,172.29029215188277,0.8404410601413799,144.79983578819642,STR_Global
H02,2021-12-10,188.75860110806678,0.6209799274396507,117.21530241969728,STR_Global
H02,2021-12-11,181.77574914669657,0.7862259507062968,142.91681118821083,STR_Global
H02,2021-12-12,174.16795611702565,0.7237811801899714,126.05948882965598,STR_Global
H02,2021-12-13,176.6547640576433,0.5895553892842744,104.14776819292554,STR_Global
H02,2021-12-14,183.6713287070803,0.5793569794144264,106.41126620476828,STR_Global
H02,2021-12-15,179.91105537698832,0.5316737088835534,95.65397808143773,STR_Global
H02,2021-12-16,168.82399830732987,0.7535352245993157,127.2148294822683,STR_Global
H02,2021-12-17,169.12810909107193,0.6508294677814144,110.07355722661934,STR_Global
H02,2021-12-18,177.44108254177357,0.6430603169829847,114.10531878511686,STR_Global
H02,2021-12-19,167.3919767405125,0.6824108037197381,114.23009338372883,STR_Global
H02,2021-12-20,182.1498276934193,0.7552954070542892,137.57692825256976,STR_Global
H02,2021-12-21,175.97010507339445,0.7829252378743259,137.77143637335746,STR_Global
H02,2021-12-22,164.6224307116272,0.6070146446293312,99.92822627643508,STR_Global
H02,2021-12-23,166.69144757128646,0.5531930638659179,92.21255260220498,STR_Global
H02,2021-12-24,170.86853690072286,0.7826958291654199,133.7380911677934,STR_Global
H02,2021-12-25,192.9148188670649,0.5460983373222242,105.35046182812219,STR_Global
H02,2021-12-26,181.99064971181457,0.5886204071794918,107.12341033622856,STR_Global
H02,2021-12-27,170.3947519591782,0.7294025924542314,124.28637381962031,STR_Global
H02,2021-12-28,186.98873954314453,0.6082789967280045,113.7413228887381,STR_Global
H02,2021-12-29,174.6615534465171,0.6304299954629515,110.11188234683985,STR_Global
H02,2021-12-30,190.44472945413992,0.5254576916220188,100.07064792055226,STR_Global
H02,2021-12-31,190.91563643678737,0.7369632352087035,140.69780508038346,STR_Global
H02,2022-01-01,185.8269712397402,0.7593091223526949,141.1001144415066,STR_Global
H02,2022-01-02,172.60924931587903,0.7831004886617479,135.17038748680233,STR_Global
H02,2022-01-03,175.64241275325028,0.7608892086995388,133.6444164538984,STR_Global
H02,2022-01-04,191.44668579656954,0.660771103560488,126.50243784679725,STR_Global
H02,2022-01-05,170.18359455852098,0.5855891550445047,99.65766733996087,STR_Global
H02,2022-01-06,177.79203979313672,0.6743695518465899,119.89753819718868,STR_Global
H02,2022-01-07,162.45280124950304,0.5456579934802663,88.64366956505233,STR_Global
H02,2022-01-08,170.770988496441,0.7468747295679414,127.5445358513294,STR_Global
H02,2022-01-09,193.9262725019379,0.7069554021231357,137.0972259588483,STR_Global
H02,2022-01-10,163.26565171374605,0.7610068067884757,124.2462722689173,STR_Global
H02,2022-01-11,162.62236961148108,0.7753042147910272,126.08180857908553,STR_Global
H02,2022-01-12,179.0676747303216,0.8002174510251103,143.29307823369152,STR_Global
H02,2022-01-13,176.99889734689503,0.5038546754174626,89.18172197196859,STR_Global
H02,2022-01-14,187.51677353662154,0.7325577299826408,137.36686195565642,STR_Global
H02,2022-01-15,177.90868241924133,0.8109866509835697,144.28156653608002,STR_Global
H02,2022-01-16,190.43908200060383,0.7674880593242883,146.15972146414245,STR_Global
H02,2022-01-17,188.54542699310417,0.7987129436208935,150.5936729999205,STR_Global
H02,2022-01-18,188.91349661157994,0.6518608169699178,123.14530623786831,STR_Global
H02,2022-01-19,182.08365060880388,0.6005908868459189,109.35778119928396,STR_Global
H02,2022-01-20,162.05142035085038,0.5302601274920533,85.92940681551025,STR_Global
H02,2022-01-21,182.60334668268274,0.7929021977793073,144.78659490655593,STR_Global
H02,2022-01-22,183.53474999778706,0.5221158977460807,95.82641076269707,STR_Global
H02,2022-01-23,197.01080984281185,0.5225752655402967,102.9529762679163,STR_Global
H02,2022-01-24,180.72415492208623,0.6959285027629175,125.77109054802102,STR_Global
H02,2022-01-25,172.34068852709427,0.5925049134708142,102.11270474324654,STR_Global
H02,2022-01-26,163.79512475379045,0.7823400491672527,128.1434859532367,STR_Global
H02,2022-01-27,167.64902179334018,0.7823723498772099,131.16395913507114,STR_Global
H02,2022-01-28,183.17317344226555,0.6094496532995103,111.6348270481598,STR_Global
H02,2022-01-29,181.883573905474,0.6491428298403699,118.06841786647945,STR_Global
H02,2022-01-30,176.4010668955065,0.5960441023501313,105.14281557133762,STR_Global
H02,2022-01-31,193.02769192025727,0.8294251429422399,160.10202096277004,STR_Global
H02,2022-02-01,173.98643811737108,0.6436024810303813,111.97810323797893,STR_Global
H02,2022-02-02,186.78087449689167,0.5372929365256396,100.35604454526187,STR_Global
H02,2022-02-03,197.93502196120028,0.5891315902513564,116.60977425443907,STR_Global
H02,2022-02-04,165.55266819935713,0.5518209158210904,91.35542498239435,STR_Global
H02,2022-02-05,175.14820534524776,0.7197523391007354,126.063330486538,STR_Global
H02,2022-02-06,191.45175005958296,0.7759398358307193,148.55503951073672,STR_Global
H02,2022-02-07,173.39287622621396,0.6167964726514704,106.94811443922177,STR_Global
H02,2022-02-08,162.4615793823818,0.5182253421774444,84.19170756612287,STR_Global
H02,2022-02-09,166.71172098792874,0.6670012315961673,111.19692322046508,STR_Global
H02,2022-02-10,192.94210712249634,0.8263763835840838,159.44280072498142,STR_Global
H02,2022-02-11,180.73165054288992,0.6687788306180643,120.86950190574657,STR_Global
H02,2022-02-12,170.42769593894306,0.7616951799045814,129.81395451893653,STR_Global
H02,2022-02-13,166.4796314860832,0.6811598127688328,113.39923461288471,STR_Global
H02,2022-02-14,165.20435045625632,0.8260405424872821,136.46549127214504,STR_Global
H02,2022-02-15,194.54809177726221,0.8214825356550924,159.817859740045,STR_Global
H02,2022-02-16,184.28837040168108,0.6283231950337598,115.79265769834922,STR_Global
H02,2022-02-17,194.93097583419578,0.8388077602160084,163.50961523620262,STR_Global
H02,2022-02-18,165.07470538109754,0.5424044114413449,89.53724841608762,STR_Global
H02,2022-02-19,173.15516337870545,0.7931078131921568,137.33071297021573,STR_Global
H02,2022-02-20,192.78282189490878,0.6404384041213048,123.46552279637712,STR_Global
H02,2022-02-21,186.83365294431496,0.6351347160931196,118.66453911942791,STR_Global
H02,2022-02-22,180.29407702838267,0.5375363917235462,96.91462761496392,STR_Global
H02,2022-02-23,184.6492860229315,0.8472261676069747,156.43970694857236,STR_Global
H02,2022-02-24,193.42188842951956,0.5791530599307414,112.02087854153872,STR_Global
H02,2022-02-25,169.22275524527666,0.5818729872727847,98.46615010910043,STR_Global
H02,2022-02-26,173.0303567410305,0.6102332216715658,105.58887204105936,STR_Global
H02,2022-02-27,177.39027207333538,0.5923914318984405,105.08447727837708,STR_Global
H02,2022-02-28,173.82975622127435,0.6177078330448124,107.37600203415137,STR_Global
H02,2022-03-01,168.50292112588735,0.667399283628865,112.45872884878837,STR_Global
H02,2022-03-02,163.0724581451744,0.7464614446681415,121.72730269263192,STR_Global
H02,2022-03-03,181.28376222221203,0.5262930185540782,95.40837843476773,STR_Global
H02,2022-03-04,195.71980696504852,0.5017095631070881,98.19449884383812,STR_Global
H02,2022-03-05,179.38277153938608,0.7946942348203792,142.5544543684513,STR_Global
H02,2022-03-06,179.17373610645677,0.6787390445565138,121.61221045451741,STR_Global
H02,2022-03-07,179.40248051482817,0.7645602328487358,137.1640022760578,STR_Global
H02,2022-03-08,190.85542058588672,0.5403910357600429,103.13655841082594,STR_Global
H02,2022-03-09,186.50040628898574,0.6685561990767769,124.68600275483892,STR_Global
H02,2022-03-10,189.46252448447325,0.7201056005446568,136.43302497459834,STR_Global
H02,2022-03-11,171.86699504307583,0.6246915070775356,107.36385215034639,STR_Global
H02,2022-03-12,194.5200962348174,0.6320125771244852,122.93914732386982,STR_Global
H02,2022-03-13,195.3721497636507,0.5203761292263689,101.667003052643,STR_Global
H02,2022-03-14,189.18217493338258,0.6328597747569162,119.72578861636403,STR_Global
H02,2022-03-15,165.55944033585547,0.6859203663868587,113.56059197397326,STR_Global
H02,2022-03-16,168.19807278789537,0.8031081167382186,135.08123747568447,STR_Global
H02,2022-03-17,181.7794300423866,0.8072465588557974,146.74081937248474,STR_Global
H02,2022-03-18,172.1444993103336,0.633783062005072,109.10226788023323,STR_Global
H02,2022-03-19,185.54679190640692,0.8016563021555329,148.74475507651232,STR_Global
H02,2022-03-20,163.92451365377346,0.5556236683954601,91.0803396162513,STR_Global
H02,2022-03-21,182.49604674866012,0.5172723472940974,94.40015847357276,STR_Global
H02,2022-03-22,173.0033458861026,0.7650161918886893,132.35036085378795,STR_Global
H02,2022-03-23,162.16964731880068,0.6881892326142851,111.6034051416547,STR_Global
H02,2022-03-24,193.76046291674754,0.6016288743701071,116.57188920203372,STR_Global
H02,2022-03-25,197.04119638148237,0.7488130156611895,147.54701247190647,STR_Global
H02,2022-03-26,194.70114937487094,0.5850308765904654,113.90618409195189,STR_Global
H02,2022-03-27,193.9515086781509,0.6638496796547575,128.7546469045474,STR_Global
H02,2022-03-28,172.5412632025381,0.6447755976546946,111.25039610151246,STR_Global
H02,2022-03-29,173.48558147542107,0.6781296233532501,117.64571202314687,STR_Global
H02,2022-03-30,172.733412825956,0.7247385822589324,125.18656872023024,STR_Global
H02,2022-03-31,175.03853770058947,0.7948940755128134,139.13709660462482,STR_Global
H02,2022-04-01,169.1614720726214,0.6647857467780643,112.45613553787429,STR_Global
H02,2022-04-02,176.88032855536295,0.5212390741327388,92.19693868849204,STR_Global
H02,2022-04-03,188.95219830903568,0.6526164409415027,123.3133111685159,STR_Global
H02,2022-04-04,163.39726612122487,0.7699350759116124,125.8052864947952,STR_Global
H02,2022-04-05,195.65359345597687,0.687812628242321,134.57301234001002,STR_Global
H02,2022-04-06,172.9154949753483,0.7948870779231305,137.44829252858636,STR_Global
H02,2022-04-07,167.66537700059678,0.664747081560578,111.45507003990078,STR_Global
H02,2022-04-08,170.66565308388624,0.8314160148111809,141.89415715215222,STR_Global
H02,2022-04-09,195.42627906997603,0.5291826688190658,103.41619991562946,STR_Global
H02,2022-04-10,194.81676794146992,0.7334628999938738,142.89087158178407,STR_Global
H02,2022-04-11,163.39678037023995,0.7175275588983294,117.24169295090475,STR_Global
H02,2022-04-12,189.6036608281801,0.7909360317814799,149.96436710668237,STR_Global
H02,2022-04-13,181.20795960792887,0.6318837197209743,114.50235956010617,STR_Global
H02,2022-04-14,169.49634510989574,0.5844355176133098,99.05968418786611,STR_Global
H02,2022-04-15,172.06825883567197,0.7820670448867044,134.56891470641455,STR_Global
H02,2022-04-16,193.16322130941836,0.676492211277561,130.6734147211053,STR_Global
H02,2022-04-17,174.83057049058795,0.5274876849774796,92.22097289137228,STR_Global
H02,2022-04-18,191.40456130467652,0.6927416906431781,132.59391939501745,STR_Global
H02,2022-04-19,176.46528450966105,0.7451592028985252,131.4947307444805,STR_Global
H02,2022-04-20,184.20785121474654,0.7564450643547824,139.34311986679512,STR_Global
H02,2022-04-21,191.11654703493699,0.5032969495903559,96.18837513892555,STR_Global
H02,2022-04-22,178.3517191115489,0.7226467837048229,128.8852961841868,STR_Global
H02,2022-04-23,197.8850776564388,0.820936389585871,162.45106120419658,STR_Global
H02,2022-04-24,171.57676956223688,0.8020374162664163,137.61098895103476,STR_Global
H02,2022-04-25,162.64757273660598,0.6770204918542237,110.11573969303261,STR_Global
H02,2022-04-26,188.26277119115178,0.6340705822473512,119.37188494467348,STR_Global
H02,2022-04-27,179.5349715956488,0.5718155000166825,102.6608795534468,STR_Global
H02,2022-04-28,195.47533736257967,0.684539302482737,133.81055109075797,STR_Global
H02,2022-04-29,166.31088438601915,0.6716571838575824,111.70390025157761,STR_Global
H02,2022-04-30,194.38604961740336,0.5864378943634718,113.99534563126338,STR_Global
H02,2022-05-01,172.21483835857643,0.5053109696662476,87.02204696188834,STR_Global
H02,2022-05-02,178.20186949994013,0.721828941597455,128.6312668518296,STR_Global
H02,2022-05-03,170.7225598512168,0.635834557370455,108.55130327614945,STR_Global
H02,2022-05-04,177.5677380017941,0.6277666483424105,111.47110373912956,STR_Global
H02,2022-05-05,180.13290340454805,0.5260499464534805,94.75890419047246,STR_Global
H02,2022-05-06,184.9465660414026,0.7008913112611097,129.6274411859981,STR_Global
H02,2022-05-07,174.08193279267246,0.7584034286674077,132.02433469901203,STR_Global
H02,2022-05-08,179.43064193961348,0.6514684785978677,116.89340731823874,STR_Global
H02,2022-05-09,185.54379197112894,0.5064254343997284,93.96409544915181,STR_Global
H02,2022-05-10,165.08859425638164,0.608446490863648,100.447575856908,STR_Global
H02,2022-05-11,186.81405556413014,0.82312831144483,153.7719381106631,STR_Global
H02,2022-05-12,183.3293877804575,0.6248531092581172,114.55393797300594,STR_Global
H02,2022-05-13,170.51879273292033,0.5152813250495529,87.86514946526927,STR_Global
H02,2022-05-14,169.25036770057994,0.5032079425643358,85.16812930886614,STR_Global
H02,2022-05-15,173.25868018278243,0.5669236812113596,98.22444877104465,STR_Global
H02,2022-05-16,181.00970816413678,0.7324352349017618,132.57788811869887,STR_Global
H02,2022-05-17,195.0582612736785,0.7521166792080975,146.70657172126454,STR_Global
H02,2022-05-18,180.61624551084913,0.566947079863089,102.39985296821067,STR_Global
H02,2022-05-19,162.38874212602244,0.6144126420694622,99.77369609198603,STR_Global
H02,2022-05-20,189.8237007886867,0.53964441357264,102.43729969429911,STR_Global
H02,2022-05-21,183.0213554111187,0.7744979352340992,141.74966186965764,STR_Global
H02,2022-05-22,164.512781456211,0.767978317846814,126.34224916704146,STR_Global
H02,2022-05-23,189.08406640720386,0.5603222249507371,105.9480047920174,STR_Global
H02,2022-05-24,167.8386014066836,0.7349565482474979,123.35407915254383,STR_Global
H02,2022-05-25,193.20678766897439,0.7584886638165677,146.54515821933168,STR_Global
H02,2022-05-26,166.5462050130445,0.7341687303609318,122.27301588085832,STR_Global
H02,2022-05-27,182.57859696100198,0.6650821139748061,121.4297592333773,STR_Global
H02,2022-05-28,184.53953167153367,0.718385828301205,132.57058431417116,STR_Global
H02,2022-05-29,164.7771974670982,0.6769797251005768,111.5508218441196,STR_Global
H02,2022-05-30,170.6133190590527,0.7294702942400111,124.45734805527208,STR_Global
H02,2022-05-31,183.03551034345756,0.7871641557262987,144.07899296743997,STR_Global
H02,2022-06-01,188.31340929358922,0.6114581883820315,115.14577609470207,STR_Global
H02,2022-06-02,164.52365328962793,0.7579722311754613,124.70436056507731,STR_Global
H02,2022-06-03,177.78628860116294,0.6748482621815765,119.97876790220703,STR_Global
H02,2022-06-04,166.75326636803985,0.7184672255136946,119.80675663279166,STR_Global
H02,2022-06-05,194.5786276861169,0.596574904282522,116.08072618726968,STR_Global
H02,2022-06-06,191.07861455522573,0.621193114537162,118.69671969700656,STR_Global
H02,2022-06-07,196.6279765941255,0.5353316885726143,105.26118673074969,STR_Global
H02,2022-06-08,176.31984065511745,0.6596348343319071,116.30670887996665,STR_Global
H02,2022-06-09,166.85090154471266,0.8435066584001952,140.73984641304054,STR_Global
H02,2022-06-10,179.20798362195524,0.6699241740989322,120.05576041987334,STR_Global
H02,2022-06-11,167.21757097594204,0.5615243355406336,93.8967354329846,STR_Global
H02,2022-06-12,166.06990684204237,0.8200841538307195,136.19129902930274,STR_Global
H02,2022-06-13,191.15173454030145,0.7651419375966799,146.25820854113246,STR_Global
H02,2022-06-14,170.08414089368026,0.5920626621386256,100.7004692450734,STR_Global
H02,2022-06-15,188.4351596033919,0.5927812090632126,111.7008217397181,STR_Global
H02,2022-06-16,164.97857892553458,0.806245690818428,133.01326833606018,STR_Global
H02,2022-06-17,171.0995709582419,0.5642528695743011,96.54342389611975,STR_Global
H02,2022-06-18,190.60786412632405,0.634107563995694,120.86588839956558,STR_Global
H02,2022-06-19,171.61955623749867,0.5597688910011679,96.0672886691772,STR_Global
H02,2022-06-20,184.01960432325652,0.5516088710991472,101.50684620086328,STR_Global
H02,2022-06-21,195.75736615365727,0.7501458107337902,146.84656814044664,STR_Global
H02,2022-06-22,177.79264930439257,0.8406880020026151,149.46814711446143,STR_Global
H02,2022-06-23,171.1865602358723,0.8387894288694844,143.5894770903789,STR_Global
H02,2022-06-24,182.5011545278684,0.6912366635241076,126.15148914514134,STR_Global
H02,2022-06-25,164.63313034121822,0.6965545263384179,114.67595212443827,STR_Global
H02,2022-06-26,193.95389986178242,0.5996407165404951,116.30265548894265,STR_Global
H02,2022-06-27,187.05173667726547,0.5499884386704089,102.8762926057177,STR_Global
H02,2022-06-28,196.8520405106202,0.7637881804400466,150.35326183751695,STR_Global
H02,2022-06-29,183.59588836989988,0.5078572369509636,93.24050058309491,STR_Global
H02,2022-06-30,164.016083121804,0.7889104140286998,129.39399604298802,STR_Global
H02,2022-07-01,168.08849505519044,0.687379805423438,115.54063702495533,STR_Global
H02,2022-07-02,191.99554876648085,0.6540776041896578,125.5799885522584,STR_Global
H02,2022-07-03,181.88416848439812,0.6122319641577513,111.35530172040242,STR_Global
H02,2022-07-04,187.93343565835931,0.5153583809290603,96.85307112332778,STR_Global
H02,2022-07-05,168.85488585689677,0.5897023313792261,99.57411985458513,STR_Global
H02,2022-07-06,191.01208209108677,0.5001405404088689,95.53288596165936,STR_Global
H02,2022-07-07,175.90451023076724,0.5670213652178417,99.74161553902545,STR_Global
H02,2022-07-08,173.54563793943458,0.6242482905348796,108.33556781347718,STR_Global
H02,2022-07-09,163.07050540660572,0.5516084101662154,89.95106223233901,STR_Global
H02,2022-07-10,177.53703584823035,0.7309544533901636,129.7714869949531,STR_Global
H02,2022-07-11,185.72524851956408,0.847409201503581,157.38528454701793,STR_Global
H02,2022-07-12,193.71614705332948,0.5365970026640196,103.94750387643904,STR_Global
H02,2022-07-13,192.83804410409735,0.788693005788509,152.0900166348376,STR_Global
H02,2022-07-14,192.32870784608073,0.8319488044395225,160.00763855194506,STR_Global
H02,2022-07-15,165.8206806951247,0.5272978532432931,87.43688895388084,STR_Global
H02,2022-07-16,197.2175566870611,0.556249672216845,109.70220126258477,STR_Global
H02,2022-07-17,175.1083580462942,0.6706137424123909,117.43007131711425,STR_Global
H02,2022-07-18,177.49139140952607,0.5451627431112988,96.76169381945844,STR_Global
H02,2022-07-19,163.46108563684905,0.8107130336350907,132.52003261793524,STR_Global
H02,2022-07-20,179.28066635440638,0.7498653266888093,134.43635544483436,STR_Global
H02,2022-07-21,177.90656524119836,0.5530101678401451,98.38413950389884,STR_Global
H02,2022-07-22,162.19434751861237,0.5924044961251625,96.08466071611308,STR_Global
H02,2022-07-23,183.845756289189,0.8404193115513934,154.5075239322055,STR_Global
H02,2022-07-24,193.23509812992808,0.6122565823206356,118.30946076542241,STR_Global
H02,2022-07-25,176.49616349714393,0.7126935662241628,125.7876801876624,STR_Global
H02,2022-07-26,188.74192595276486,0.7846924127476378,148.10435726251106,STR_Global
H02,2022-07-27,165.5228520977922,0.5827178065940629,96.45311331561895,STR_Global
H02,2022-07-28,168.78186033605544,0.6937872417388017,117.09870133809557,STR_Global
H02,2022-07-29,197.7397555144584,0.5282479589678951,104.45562225732324,STR_Global
H02,2022-07-30,169.0219700005091,0.8226956165878103,139.0536338264552,STR_Global
H02,2022-07-31,176.26598144970123,0.8304144473983246,146.37381758067698,STR_Global
H02,2022-08-01,180.4527437732716,0.6712629616162925,121.13124321703229,STR_Global
H02,2022-08-02,178.9482598924575,0.6592327718946999,117.9685573946379,STR_Global
H02,2022-08-03,173.85556598937015,0.8292239997151398,144.16520780244494,STR_Global
H02,2022-08-04,181.6006079573701,0.6737032939252239,122.34492775970347,STR_Global
H02,2022-08-05,197.45744790389372,0.7661626121966234,151.2845140837259,STR_Global
H02,2022-08-06,170.43116615237128,0.7470966410366977,127.32855176040391,STR_Global
H02,2022-08-07,176.0430973960877,0.7291697497607309,128.36530127540925,STR_Global
H02,2022-08-08,167.54931087610805,0.7560878595756186,126.68199983368646,STR_Global
H02,2022-08-09,165.80522173965483,0.6801343334181396,112.76982396514695,STR_Global
H02,2022-08-10,172.73007258461317,0.6817070638510891,117.75131062044215,STR_Global
H02,2022-08-11,171.46893008674022,0.6044182102556246,103.63894383747434,STR_Global
H02,2022-08-12,171.03553942737855,0.6269684965981166,107.23389501963143,STR_Global
H02,2022-08-13,180.06624873200298,0.7393568594071572,133.13321614772173,STR_Global
H02,2022-08-14,182.87159246763386,0.7944689016521169,145.2857932111346,STR_Global
H02,2022-08-15,194.21529122539872,0.5990100684252277,116.33691488615162,STR_Global
H02,2022-08-16,187.9848151757948,0.622010864304996,116.92859736371105,STR_Global
H02,2022-08-17,183.21428620306264,0.5641093345999024,103.35288907920575,STR_Global
H02,2022-08-18,191.2540550071742,0.7586249036458342,145.09008905169262,STR_Global
H02,2022-08-19,186.82698670772064,0.5064333464213348,94.6154160802052,STR_Global
H02,2022-08-20,167.4196051702401,0.7190943698712837,120.39049548399291,STR_Global
H02,2022-08-21,183.0628013894358,0.6765486611222029,123.85089318130254,STR_Global
H02,2022-08-22,173.9784295434188,0.6734917695800499,117.17304038195515,STR_Global
H02,2022-08-23,177.61601787865754,0.5313320688788948,94.37308624549789,STR_Global
H02,2022-08-24,172.9741740932256,0.6806471816360742,117.73438409238165,STR_Global
H02,2022-08-25,172.75907479632724,0.8023841877033286,138.61914989882962,STR_Global
H02,2022-08-26,184.18514546054925,0.5406632009889312,99.58213031931247,STR_Global
H02,2022-08-27,185.5129223985068,0.5658055010187011,104.96423200313055,STR_Global
H02,2022-08-28,180.97734173850952,0.6940052470467833,125.59922476310443,STR_Global
H02,2022-08-29,193.9634255466479,0.5192883739792333,100.72295186356088,STR_Global
H02,2022-08-30,168.60259254995063,0.5756440994220667,97.05508754864199,STR_Global
H02,2022-08-31,192.34619975300788,0.7861478653406089,151.2125543422055,STR_Global
H02,2022-09-01,162.19597353090086,0.8012838019403581,129.96500633025792,STR_Global
H02,2022-09-02,189.91194947589298,0.8191375577728599,155.56401048556575,STR_Global
H02,2022-09-03,196.4030206220432,0.7637635460172956,150.00546747879974,STR_Global
H02,2022-09-04,189.38183693004223,0.7948299668364127,150.52635916652437,STR_Global
H02,2022-09-05,169.02391752087158,0.7917509383760079,133.82484530513904,STR_Global
H02,2022-09-06,186.37116308319705,0.6605274643283765,123.10327177527448,STR_Global
H02,2022-09-07,172.46600307434394,0.5328968252958107,91.90658550977543,STR_Global
H02,2022-09-08,171.25545921822402,0.5788224850756706,99.12651048746758,STR_Global
H02,2022-09-09,194.897322814498,0.6285471954482482,122.5021656554246,STR_Global
H02,2022-09-10,175.8072424476232,0.6307056069009024,110.88261354550228,STR_Global
H02,2022-09-11,184.11007861148016,0.7277759122964156,133.99088042443478,STR_Global
H02,2022-09-12,163.38109900880525,0.7862664618913537,128.46107865757426,STR_Global
H02,2022-09-13,176.33700845508287,0.6794624649278753,119.8143784228982,STR_Global
H02,2022-09-14,162.4595553546443,0.7335954356868408,119.17958829188072,STR_Global
H02,2022-09-15,174.3467947092028,0.6563588338589874,114.43405886238463,STR_Global
H02,2022-09-16,179.86761976623765,0.6538128810254548,117.59976668255487,STR_Global
H02,2022-09-17,177.15227503533217,0.737531032839414,130.65530037666048,STR_Global
H02,2022-09-18,195.5998590881885,0.8093167054103112,158.30223353597384,STR_Global
H02,2022-09-19,168.1293294765157,0.7426836652151994,124.86690664579253,STR_Global
H02,2022-09-20,183.7290883556954,0.5744544381455956,105.5439902223735,STR_Global
H02,2022-09-21,196.29622319396674,0.8034779990054483,157.71969662421526,STR_Global
H02,2022-09-22,196.974588844949,0.6772226936482844,133.39566163783968,STR_Global
H02,2022-09-23,170.10863648406888,0.7773367713755848,132.2316982676291,STR_Global
H02,2022-09-24,193.81440199792996,0.5887654696734974,114.11122742179927,STR_Global
H02,2022-09-25,170.0772903251455,0.5650767743060346,96.10672659964418,STR_Global
H02,2022-09-26,189.70711789981155,0.8365607089512076,158.70152104335668,STR_Global
H02,2022-09-27,181.77366576054396,0.6182017005967759,112.37278929687822,STR_Global
H02,2022-09-28,173.68591673149,0.77437500595848,134.49803280385163,STR_Global
H02,2022-09-29,196.5280425118666,0.7302260730126651,143.50990072030643,STR_Global
H02,2022-09-30,183.07351522047443,0.7144395206361125,130.7949544552838,STR_Global
H02,2022-10-01,171.34017015845075,0.7241691525997742,124.0792658299464,STR_Global
H02,2022-10-02,170.08496577554044,0.5417450852139102,92.14269427767515,STR_Global
H02,2022-10-03,187.24656031518185,0.7941549626911071,148.70278512114137,STR_Global
H02,2022-10-04,176.56753469934782,0.622841468374132,109.9735825793423,STR_Global
H02,2022-10-05,164.2037996931686,0.5671556145415755,93.1291069250408,STR_Global
H02,2022-10-06,168.00586937820947,0.8462258391972051,142.17090780463133,STR_Global
H02,2022-10-07,171.09309624065008,0.7728360886383765,132.22691929165333,STR_Global
H02,2022-10-08,196.04424733382896,0.7463778334620803,146.32308058772747,STR_Global
H02,2022-10-09,178.73477210927774,0.7316894438077219,130.77834599373736,STR_Global
H02,2022-10-10,168.79076087126668,0.6573596171027081,110.95622993681063,STR_Global
H02,2022-10-11,191.18173853736582,0.6850044705031049,130.96034557665132,STR_Global
H02,2022-10-12,166.08193543989262,0.7323270683795055,121.62629689149085,STR_Global
H02,2022-10-13,194.18758329982174,0.6751068047240801,131.0973588786338,STR_Global
H02,2022-10-14,188.3935088318371,0.5961792337687652,112.31629774237375,STR_Global
H02,2022-10-15,184.40339894094785,0.8329887303695453,153.60595315964892,STR_Global
H02,2022-10-16,176.83547647349212,0.6043137662330579,106.86411279131333,STR_Global
H02,2022-10-17,179.5717600956496,0.8263876300307784,148.39588124589937,STR_Global
H02,2022-10-18,175.3598192795834,0.7569952106857504,132.74654334136335,STR_Global
H02,2022-10-19,187.4037360194621,0.736597371414719,138.04109934523368,STR_Global
H02,2022-10-20,169.99495877552366,0.634028083802066,107.78157796845646,STR_Global
H02,2022-10-21,177.99667905950983,0.7129225162860875,126.89784032567289,STR_Global
H02,2022-10-22,194.21143153244984,0.7537194613185538,146.38093555654328,STR_Global
H02,2022-10-23,169.53864170219762,0.8465778871152758,143.52766507664026,STR_Global
H02,2022-10-24,172.11865987602408,0.849098028668744,146.14561479783808,STR_Global
H02,2022-10-25,182.88822715916913,0.5618388099617068,102.75370390311389,STR_Global
H02,2022-10-26,192.5150518623332,0.7942214256866937,152.89957895625005,STR_Global
H02,2022-10-27,191.00688811841232,0.8083084983211578,154.39249090399127,STR_Global
H02,2022-10-28,193.9755309557094,0.6035379515036521,117.0715945948421,STR_Global
H02,2022-10-29,163.4068326960704,0.6655077627736907,108.7485156494966,STR_Global
H02,2022-10-30,195.3460786265427,0.5177088987868036,101.13240324806777,STR_Global
H02,2022-10-31,182.37107064814631,0.8013616899902841,146.14518937993603,STR_Global
H02,2022-11-01,180.48364189652955,0.7417179597284695,133.86795863185762,STR_Global
H02,2022-11-02,177.85564454361767,0.8113905944000828,144.3103971436558,STR_Global
H02,2022-11-03,163.47425515738126,0.701909146241931,114.74407487005307,STR_Global
H02,2022-11-04,192.16343772429707,0.8102290264834393,155.69639507306823,STR_Global
H02,2022-11-05,165.763003963525,0.8227170807444875,136.37605471630818,STR_Global
H02,2022-11-06,194.18301606327947,0.694952382209595,134.94794959782013,STR_Global
H02,2022-11-07,171.4569591556802,0.653404512811608,112.03075086527701,STR_Global
H02,2022-11-08,180.52456018564084,0.7412001749431182,133.80483559112645,STR_Global
H02,2022-11-09,183.30508467587973,0.6118562991909994,112.15637073267654,STR_Global
H02,2022-11-10,164.63684174786604,0.5516085532431628,90.81509008706394,STR_Global
H02,2022-11-11,189.11926554765324,0.7633432316242033,144.36291132554146,STR_Global
H02,2022-11-12,179.1717089536143,0.7342848982844542,131.56308008445652,STR_Global
H02,2022-11-13,184.37271921564425,0.5134265441757911,94.66184806718171,STR_Global
H02,2022-11-14,174.87047982338052,0.6751254261345365,118.05950720911065,STR_Global
H02,2022-11-15,186.94084315067673,0.7249807175567289,135.52850660803753,STR_Global
H02,2022-11-16,189.7118030658811,0.6198169288613468,117.58658714504305,STR_Global
H02,2022-11-17,181.00123589864234,0.8089927717373278,146.42869151752458,STR_Global
H02,2022-11-18,188.97535278512763,0.7022569785043182,132.70926025867132,STR_Global
H02,2022-11-19,195.46220539325338,0.5934147508345702,115.99015591101303,STR_Global
H02,2022-11-20,181.9989024502579,0.7028713603706364,127.92181615117552,STR_Global
H02,2022-11-21,171.80228378549285,0.6747350176336712,115.92101697950949,STR_Global
H02,2022-11-22,187.8836672467164,0.7172865812270621,134.76643334780016,STR_Global
H02,2022-11-23,167.09476328819858,0.7584229469924182,126.7285028000361,STR_Global
H02,2022-11-24,166.5663813681335,0.7038384279429761,117.23582001029732,STR_Global
H02,2022-11-25,194.31223896431376,0.7956771082530689,154.60980039730447,STR_Global
H02,2022-11-26,165.59946890941595,0.7489430386486585,124.02456944362203,STR_Global
H02,2022-11-27,187.01379285581254,0.69613963383698,130.18771328111015,STR_Global
H02,2022-11-28,162.23491477543993,0.6190756834593671,100.43569074557766,STR_Global
H02,2022-11-29,165.31144238414882,0.5055487408807484,83.57299155048682,STR_Global
H02,2022-11-30,172.06089988426737,0.653010217346062,112.35752563018445,STR_Global
H02,2022-12-01,167.20486956862504,0.5193724262263333,86.84159878471439,STR_Global
H02,2022-12-02,185.0319072565352,0.5497492987592711,101.72116126237071,STR_Global
H02,2022-12-03,168.38674092436258,0.6425837976916992,108.20259146410517,STR_Global
H02,2022-12-04,195.4200877922024,0.6984614742254296,136.49340261260457,STR_Global
H02,2022-12-05,187.471275758836,0.647543986876312,121.39589732966516,STR_Global
H02,2022-12-06,168.46723137110874,0.7822735811368358,131.78746438888513,STR_Global
H02,2022-12-07,165.15268426750458,0.7835490317609114,129.40522585051872,STR_Global
H02,2022-12-08,169.51146887370354,0.820115759080317,139.0190269681769,STR_Global
H02,2022-12-09,183.7351851781541,0.5275445018476284,96.92848673669106,STR_Global
H02,2022-12-10,172.84432661258072,0.7575837461803123,130.94405246117236,STR_Global
H02,2022-12-11,168.16584278398463,0.7098006897096676,119.36423119367981,STR_Global
H02,2022-12-12,185.84538695685913,0.605924119222885,112.60820240347111,STR_Global
H02,2022-12-13,166.61477062117663,0.7408411807222226,123.43508339275478,STR_Global
H02,2022-12-14,188.9415089794146,0.5865221258086069,110.81837550009223,STR_Global
H02,2022-12-15,194.10552761063806,0.8086010572383886,156.95393484177717,STR_Global
H02,2022-12-16,165.15783510191872,0.7148460807527035,118.06243112820788,STR_Global
H02,2022-12-17,185.739236886597,0.7496626053254453,139.24176023556637,STR_Global
H02,2022-12-18,175.6088981796385,0.5988893022818552,105.17029050528905,STR_Global
H02,2022-12-19,180.13999668448585,0.7516579871517604,135.40366731338543,STR_Global
H02,2022-12-20,173.6797762308624,0.5871302336789055,101.97264760372624,STR_Global
H02,2022-12-21,174.27772342190246,0.5090098434115257,88.70907670909975,STR_Global
H02,2022-12-22,180.65585936289338,0.8140544735124084,147.06371048059188,STR_Global
H02,2022-12-23,193.65135615307378,0.5107886165447796,98.91490830144895,STR_Global
H02,2022-12-24,179.61178495277127,0.8306625280735741,149.19677936067612,STR_Global
H02,2022-12-25,162.87807575196348,0.8234764521949309,134.12625996056408,STR_Global
H02,2022-12-26,169.89553444360976,0.6921263835747682,117.58918183995809,STR_Global
H02,2022-12-27,188.1767230877494,0.7282924020803195,137.04767767318012,STR_Global
H02,2022-12-28,167.92291340614125,0.8278987005318553,139.0231617984676,STR_Global
H02,2022-12-29,163.36152491587328,0.5922157059928469,96.74526081012193,STR_Global
H02,2022-12-30,173.3478025455823,0.8452224730304567,146.5174583619724,STR_Global
H02,2022-12-31,187.90055883611902,0.5374469414111182,100.98658063591202,STR_Global
H02,2023-01-01,162.75274244406845,0.5899333048279645,96.01326321984382,STR_Global
H02,2023-01-02,165.7222177186815,0.5197804917788651,86.13917582450041,STR_Global
H02,2023-01-03,180.57405162691526,0.5804714298015714,104.81807793293828,STR_Global
H02,2023-01-04,194.61398284534556,0.8291880553860316,161.3715899864626,STR_Global
H02,2023-01-05,175.7212877532505,0.6240483971955851,109.65858797556018,STR_Global
H02,2023-01-06,178.25900383867818,0.7546527627472304,134.52364973142764,STR_Global
H02,2023-01-07,174.0940615216416,0.8304331750756275,144.57348427122847,STR_Global
H02,2023-01-08,169.21688571958893,0.5332697878913976,90.23825275532805,STR_Global
H02,2023-01-09,193.55617766839384,0.5721709505656226,110.74722216437344,STR_Global
H02,2023-01-10,183.80517265655553,0.6594812875435822,121.21607192071566,STR_Global
H02,2023-01-11,193.28756647409023,0.6340742794042773,122.5586744298651,STR_Global
H02,2023-01-12,164.4206628258733,0.6538277231566432,107.50278761534686,STR_Global
H02,2023-01-13,184.12347665596738,0.7872575442855057,144.9525960774865,STR_Global
H02,2023-01-14,166.26462138340136,0.6729040847097569,111.88014287161198,STR_Global
H02,2023-01-15,187.12765697392055,0.6061268413515069,113.42309565111074,STR_Global
H02,2023-01-16,179.8435411517969,0.6035134921171152,108.53800355522907,STR_Global
H02,2023-01-17,170.32855367520543,0.6436829745229997,109.63759007585665,STR_Global
H02,2023-01-18,163.99196593788045,0.5688409953809246,93.2853531385786,STR_Global
H02,2023-01-19,184.58130242289525,0.5032203141688828,92.88506099495092,STR_Global
H02,2023-01-20,168.97381382794674,0.840600648999418,142.03949756767886,STR_Global
H02,2023-01-21,162.3042538582486,0.6252444055245366,101.47982671770411,STR_Global
H02,2023-01-22,195.8464740502527,0.5111980610505137,100.11633779806893,STR_Global
H02,2023-01-23,181.56944069680654,0.6874326706300873,124.81676552301697,STR_Global
H02,2023-01-24,185.3000022023228,0.6354675041772104,117.75212992354166,STR_Global
H02,2023-01-25,178.46029510630362,0.5189166695724043,92.60602198747152,STR_Global
H02,2023-01-26,165.7677828206843,0.8107361741175366,134.3939380359883,STR_Global
H02,2023-01-27,176.18701134636115,0.5735165680522244,101.04617008274336,STR_Global
H02,2023-01-28,167.41783793061308,0.6400543455028896,107.1565146821874,STR_Global
H02,2023-01-29,177.8952243736403,0.7805749064409786,138.86054812175118,STR_Global
H02,2023-01-30,187.41809212696913,0.79706865484846,149.38508658590803,STR_Global
H02,2023-01-31,193.8573628864188,0.5901934768662129,114.41335101805066,STR_Global
H02,2023-02-01,171.68831109496838,0.5774016635387427,99.13311643639192,STR_Global
H02,2023-02-02,197.71531873303755,0.5154509467306094,101.9125482240884,STR_Global
H02,2023-02-03,176.2119114037806,0.7786239838889281,137.2028204658945,STR_Global
H02,2023-02-04,176.86480282521168,0.8082277021126023,142.94703317201933,STR_Global
H02,2023-02-05,162.08450905922834,0.5172548818432094,83.83900358204576,STR_Global
H02,2023-02-06,166.3655361609289,0.7382040825215685,122.81171798488737,STR_Global
H02,2023-02-07,185.32213338989618,0.6438362128125661,119.31710051209596,STR_Global
H02,2023-02-08,164.8651733053935,0.5624577359344312,92.72969211178925,STR_Global
H02,2023-02-09,165.80881293926905,0.7217124417325204,119.66628324717058,STR_Global
H02,2023-02-10,165.41833130705993,0.5332640842280668,88.21165495899427,STR_Global
H02,2023-02-11,197.18722611769493,0.6134473108414787,120.96397359419056,STR_Global
H02,2023-02-12,166.07289375626485,0.6557873323012979,108.9084999639778,STR_Global
H02,2023-02-13,193.99833042258714,0.8493778577131676,164.7778862942683,STR_Global
H02,2023-02-14,185.32160297367972,0.6971395453389891,129.19501803856375,STR_Global
H02,2023-02-15,194.55772084795885,0.5507869506887576,107.15985379880178,STR_Global
H02,2023-02-16,195.5488583735084,0.7551046783210085,147.6598577981685,STR_Global
H02,2023-02-17,164.27745618554428,0.8325739220529005,136.77312600127212,STR_Global
H02,2023-02-18,194.17587075943,0.5199964517701655,100.97076381428585,STR_Global
H02,2023-02-19,191.9366613327763,0.7342719227669786,140.93370136629207,STR_Global
H02,2023-02-20,193.6397212528627,0.5135070466783469,99.43536138017585,STR_Global
H02,2023-02-21,178.86460453513513,0.5451426177745078,97.50671874348566,STR_Global
H02,2023-02-22,171.89624369725516,0.5108397111978785,87.81142748630597,STR_Global
H02,2023-02-23,194.2236010463848,0.6471173862184246,125.68546905106662,STR_Global
H02,2023-02-24,162.6813950584127,0.5907253668201953,96.10002677070194,STR_Global
H02,2023-02-25,174.67259697006762,0.8202002320722659,143.26650457151482,STR_Global
H02,2023-02-26,171.73878408618648,0.5064300790883366,86.97368600730218,STR_Global
H02,2023-02-27,189.13610163911096,0.7154218358833517,135.31209706647297,STR_Global
H02,2023-02-28,179.38116335982133,0.6084052276129654,109.13643752341063,STR_Global
H02,2023-03-01,172.71625376134247,0.7936398838359238,137.07450757172776,STR_Global
H02,2023-03-02,186.7271937744568,0.5479437778083347,102.31600397632481,STR_Global
H02,2023-03-03,166.20494787842227,0.6101944043930574,101.41732917785302,STR_Global
H02,2023-03-04,178.39183499310968,0.5733317285093862,102.27769910856078,STR_Global
H02,2023-03-05,172.92586434440457,0.7574028078622652,130.97453520646118,STR_Global
H02,2023-03-06,165.67029178489,0.8468697780586805,140.30116323478663,STR_Global
H02,2023-03-07,191.5588210319367,0.5218566359191276,99.9662419243607,STR_Global
H02,2023-03-08,164.03340326412535,0.7359025747619489,120.71260380903492,STR_Global
H02,2023-03-09,176.35757496926607,0.7950629314246962,140.2153705340153,STR_Global
H02,2023-03-10,172.817595310775,0.6405396083018489,110.69651480803125,STR_Global
H02,2023-03-11,188.02596327802013,0.5952009008058464,111.91322271796459,STR_Global
H02,2023-03-12,174.11260185277965,0.5874488286274153,102.28224400768694,STR_Global
H02,2023-03-13,188.82521315380154,0.6590478117058394,124.44484352390158,STR_Global
H02,2023-03-14,189.95606898426794,0.5037353007470919,95.68757753852556,STR_Global
H02,2023-03-15,183.9926707977023,0.5208180570879364,95.8267053232796,STR_Global
H02,2023-03-16,193.47892395107323,0.7778634793180809,150.5001889593002,STR_Global
H02,2023-03-17,171.68588023471787,0.7720214865727982,132.54518848236629,STR_Global
H02,2023-03-18,163.89923813395527,0.6867174665672025,112.55246958364438,STR_Global
H02,2023-03-19,193.9629365904799,0.8297552709604976,160.94176900692747,STR_Global
H02,2023-03-20,191.00854317449648,0.7604443400000296,145.25136554869712,STR_Global
H02,2023-03-21,187.59556589269258,0.6650629997593823,124.76286979415299,STR_Global
H02,2023-03-22,187.411768008542,0.5394789216033019,101.10469850101643,STR_Global
H02,2023-03-23,176.31485948637913,0.7804800374122729,137.61022812826883,STR_Global
H02,2023-03-24,179.30332901924675,0.5820694023741095,104.36698156592128,STR_Global
H02,2023-03-25,171.256266143953,0.7211211952784644,123.49652334065422,STR_Global
H02,2023-03-26,167.51285282175854,0.8283188487438753,138.75405339912126,STR_Global
H02,2023-03-27,191.52996695167155,0.5833298244824912,111.7251420050559,STR_Global
H02,2023-03-28,166.6763569633252,0.584307322296919,97.39021582744596,STR_Global
H02,2023-03-29,173.9234988838268,0.524210966676896,91.17260547771889,STR_Global
H02,2023-03-30,188.2949855407105,0.6943059054265541,130.73432042312294,STR_Global
H02,2023-03-31,196.25193499994398,0.8258590975412736,162.07644592978244,STR_Global
H02,2023-04-01,188.59684979765484,0.7721881316962125,145.6322490890423,STR_Global
H02,2023-04-02,181.09703473912055,0.6567802740726961,118.94096010971217,STR_Global
H02,2023-04-03,170.26928335303685,0.7976319217548969,135.81221569671186,STR_Global
H02,2023-04-04,170.29234195568466,0.6304117862519779,107.3542994773158,STR_Global
H02,2023-04-05,173.526703898546,0.5470715372734258,94.93152065976814,STR_Global
H02,2023-04-06,177.86717796388743,0.566868154048039,100.82723883812291,STR_Global
H02,2023-04-07,197.57743614515476,0.78567974815198,155.2325902710391,STR_Global
H02,2023-04-08,190.8421741186317,0.5165954726490297,98.58820314018297,STR_Global
H02,2023-04-09,179.81382443837114,0.5694900006038706,102.40217498799225,STR_Global
H02,2023-04-10,179.98626283195546,0.7696441254740253,138.52536985463843,STR_Global
H02,2023-04-11,185.88105399443376,0.8408099037134726,156.29063111121866,STR_Global
H02,2023-04-12,188.31970738812825,0.5981621284716283,112.64571700443702,STR_Global
H02,2023-04-13,181.07402000263454,0.5600984961407909,101.4192862936431,STR_Global
H02,2023-04-14,166.2457922954724,0.7201168007232652,119.71638808152004,STR_Global
H02,2023-04-15,162.00874563964246,0.5991537847991958,97.06815312056199,STR_Global
H02,2023-04-16,193.2247670081529,0.8267653822422829,159.75154835417158,STR_Global
H02,2023-04-17,183.9085773542631,0.7724301665909219,142.05653304325287,STR_Global
H02,2023-04-18,166.80755122219983,0.7767110376694144,129.56126620088884,STR_Global
H02,2023-04-19,186.87424918564642,0.7155041187058104,133.70929497238595,STR_Global
H02,2023-04-20,176.95776228105294,0.8063799421645316,142.6951901137604,STR_Global
H02,2023-04-21,181.84108810301043,0.5126725415205847,93.22493279063892,STR_Global
H02,2023-04-22,172.99557957916335,0.5400533572308969,93.42684353783196,STR_Global
H02,2023-04-23,170.69768863344143,0.6280718023947514,107.21040496462362,STR_Global
H02,2023-04-24,194.24350510499437,0.5688655721850795,110.49844267478804,STR_Global
H02,2023-04-25,179.9837532463095,0.7472924307989894,134.50049646776014,STR_Global
H02,2023-04-26,186.4042170658592,0.5441682818591829,101.43526253203477,STR_Global
H02,2023-04-27,179.6906614835761,0.6680315497840162,120.03903107258837,STR_Global
H02,2023-04-28,165.28505972828574,0.8282095792271877,136.89066977010413,STR_Global
H02,2023-04-29,165.89409795182735,0.7819966773684213,129.7286333933604,STR_Global
H02,2023-04-30,190.89218693345862,0.7856117258057239,149.9671404196233,STR_Global
H02,2023-05-01,184.9713381286723,0.6044577314017162,111.80735541959703,STR_Global
H02,2023-05-02,188.29852754494777,0.5826027756132992,109.70324479158384,STR_Global
H02,2023-05-03,162.24437426484923,0.5331689648621079,86.50366508149007,STR_Global
H02,2023-05-04,197.8488852400771,0.5241465030486608,103.70180133066222,STR_Global
H02,2023-05-05,170.67586528785304,0.5522438044342366,94.25468917166923,STR_Global
H02,2023-05-06,162.71012687267432,0.6156076906449075,100.16560544862695,STR_Global
H02,2023-05-07,166.32903551654644,0.7433187608961239,123.63549258120669,STR_Global
H02,2023-05-08,189.27845800208257,0.6227580544415081,117.87468425306565,STR_Global
H02,2023-05-09,182.41244371512622,0.7411499947459989,135.19498170107062,STR_Global
H02,2023-05-10,195.51233319737148,0.5009947537823903,97.95065323163779,STR_Global
H02,2023-05-11,189.75738132881477,0.6421871835919166,121.85975828132891,STR_Global
H02,2023-05-12,178.8332021459556,0.8313948930836306,148.68101097794005,STR_Global
H02,2023-05-13,197.3155069007526,0.7837898396767948,154.6538895194864,STR_Global
H02,2023-05-14,175.66060970136473,0.695233544007402,122.12514822518082,STR_Global
H02,2023-05-15,173.28123700046203,0.696990583025111,120.77539040426446,STR_Global
H02,2023-05-16,193.36597157236167,0.756690647267217,146.31822218854464,STR_Global
H02,2023-05-17,194.32064903011295,0.5341665661873021,103.79959383170332,STR_Global
H02,2023-05-18,174.94355320272012,0.692961086731985,121.22907474411177,STR_Global
H02,2023-05-19,180.90507066370665,0.7062660757317047,127.76711433762284,STR_Global
H02,2023-05-20,190.69011014456328,0.6581541656282972,125.50349033576313,STR_Global
H02,2023-05-21,181.72877390024885,0.5339210644734482,97.02882040627546,STR_Global
H02,2023-05-22,184.64823283083362,0.7774461920232629,143.55406547815645,STR_Global
H02,2023-05-23,186.38430645893462,0.7485606433065563,139.51995634514643,STR_Global
H02,2023-05-24,173.98620889064546,0.6441116836565851,112.06654994157996,STR_Global
H02,2023-05-25,183.27138922707329,0.5756475343088222,105.49972331791717,STR_Global
H02,2023-05-26,190.90821709652408,0.7767973871716127,148.29700423017093,STR_Global
H02,2023-05-27,170.89938428150282,0.5714835171994526,97.66618121641407,STR_Global
H02,2023-05-28,197.31706160814275,0.588135145703196,116.04909877863155,STR_Global
H02,2023-05-29,165.08158390161967,0.7777380907800908,128.39023588659904,STR_Global
H02,2023-05-30,162.79151479341564,0.7654412855619711,124.60734636205271,STR_Global
H02,2023-05-31,185.65627820620583,0.5048821565421691,93.7345421163421,STR_Global
H02,2023-06-01,187.05713065160813,0.7140231984517197,133.56313072106246,STR_Global
H02,2023-06-02,164.50725123893758,0.5377868568387925,88.46983757097779,STR_Global
H02,2023-06-03,188.71923632836078,0.682229373806939,128.74980642562133,STR_Global
H02,2023-06-04,176.33113841650433,0.6478560265108076,114.23719068464372,STR_Global
H02,2023-06-05,197.13672567088182,0.61744502059383,121.72108964165784,STR_Global
H02,2023-06-06,183.1606345823894,0.6152823234619762,112.69550081262254,STR_Global
H02,2023-06-07,162.64648309500544,0.654446017862524,106.44334318087063,STR_Global
H02,2023-06-08,196.89981752433164,0.6786374524720473,133.6235905569234,STR_Global
H02,2023-06-09,168.81699152850706,0.5248206670034994,88.59864609551518,STR_Global
H02,2023-06-10,184.23700510278928,0.7945039159846856,146.3770220234566,STR_Global
H02,2023-06-11,191.8270893449343,0.5099181076341847,97.81610639174257,STR_Global
H02,2023-06-12,187.51236191875824,0.5906623004361715,110.75648305115371,STR_Global
H02,2023-06-13,169.24091553325357,0.5141155563680295,87.00938744961336,STR_Global
H02,2023-06-14,177.0641818983165,0.6182117988571966,109.4631664045361,STR_Global
H02,2023-06-15,171.7442858147504,0.6668638564279148,114.53005675788248,STR_Global
H02,2023-06-16,176.24681387450477,0.7117855677830027,125.44993848360957,STR_Global
H02,2023-06-17,188.8827590807338,0.8034293649906793,151.75395518592143,STR_Global
H02,2023-06-18,166.713525076564,0.6732439781493613,112.23887683384925,STR_Global
H02,2023-06-19,177.8842680873018,0.5721258229780113,101.77218327428872,STR_Global
H02,2023-06-20,166.53386307771004,0.7888579408480438,131.3715603089524,STR_Global
H02,2023-06-21,165.9958133011852,0.8162662544295487,135.4967807743451,STR_Global
H02,2023-06-22,166.5616584684326,0.6500326885363197,108.2705226613035,STR_Global
H02,2023-06-23,172.24544860329306,0.6394401633132986,110.14065778486209,STR_Global
H02,2023-06-24,183.88653662996435,0.6173683834218736,113.52573385228824,STR_Global
H02,2023-06-25,166.4971131866628,0.5572684000735818,92.78357988240164,STR_Global
H02,2023-06-26,193.67317568590866,0.5043489578278763,97.67886431640322,STR_Global
H02,2023-06-27,193.3914634648185,0.7559273884556361,146.1899039265738,STR_Global
H02,2023-06-28,196.642907394274,0.6527054983415561,128.3499068661121,STR_Global
H02,2023-06-29,189.4525600604959,0.6713964111502493,127.197768907844,STR_Global
H02,2023-06-30,194.1175050073186,0.6218094371160517,120.70409652297315,STR_Global
H02,2023-07-01,197.98947496158593,0.6847325772455904,135.56984345794802,STR_Global
H02,2023-07-02,162.3724414730172,0.626619502020543,101.74573841768179,STR_Global
H02,2023-07-03,185.4288968451617,0.7463696991448378,138.39850995108247,STR_Global
H02,2023-07-04,166.07159061925762,0.7164212074659101,118.97720947723285,STR_Global
H02,2023-07-05,176.28801815120545,0.6529618039074198,115.10934233927507,STR_Global
H02,2023-07-06,175.97279091608098,0.7032579989290731,123.75427280560729,STR_Global
H02,2023-07-07,182.71803666488614,0.5793929858139233,105.86554882532629,STR_Global
H02,2023-07-08,168.14438767088043,0.6802246281012352,114.37595357073455,STR_Global
H02,2023-07-09,171.28582224432841,0.7983885592995885,136.75264085009476,STR_Global
H02,2023-07-10,173.9967026598262,0.8414345651573156,146.4068398413776,STR_Global
H02,2023-07-11,183.81654008925997,0.5315684950700855,97.71108158423797,STR_Global
H02,2023-07-12,187.76385547460322,0.8357324023633377,156.92033801279268,STR_Global
H02,2023-07-13,183.23024529875278,0.7464365262700728,136.76974780841437,STR_Global
H02,2023-07-14,196.44608403155027,0.8004306829163719,157.24147319762076,STR_Global
H02,2023-07-15,182.99998475958665,0.8260372672043417,151.16480730924513,STR_Global
H02,2023-07-16,169.5343594150843,0.6590689565343748,111.73483335642328,STR_Global
H02,2023-07-17,180.35003417772833,0.5845271793996214,105.41949678253286,STR_Global
H02,2023-07-18,197.3033359043058,0.6569698298009218,129.6223390082059,STR_Global
H02,2023-07-19,166.8065598487015,0.6582640287760377,109.80275811227752,STR_Global
H02,2023-07-20,182.54459430259126,0.7713933301073731,140.81368249217527,STR_Global
H02,2023-07-21,182.5858357625769,0.552451979610293,100.86990641583544,STR_Global
H02,2023-07-22,162.4149365059075,0.579821635915007,94.17169418188728,STR_Global
H02,2023-07-23,166.2076353812738,0.6082438390248934,101.09477021955568,STR_Global
H02,2023-07-24,163.09366487836067,0.8050275247217221,131.29488933482077,STR_Global
H02,2023-07-25,171.58484517818414,0.5161903662414493,88.57044407400925,STR_Global
H02,2023-07-26,168.90610012563639,0.6469785398718834,109.27862203473836,STR_Global
H02,2023-07-27,186.09325533286736,0.7546972295213384,140.44406423232203,STR_Global
H02,2023-07-28,163.90965172309302,0.7615605389505102,124.82712270542915,STR_Global
H02,2023-07-29,183.1568445921535,0.5910219618147667,108.24971761065692,STR_Global
H02,2023-07-30,173.15021461419116,0.8447352893690409,146.2660966464303,STR_Global
H02,2023-07-31,194.27302286133465,0.5974628518203711,116.07091427049714,STR_Global
H02,2023-08-01,195.04837836339664,0.7557394340972717,147.4057510859439,STR_Global
H02,2023-08-02,175.75128163666608,0.7249916867855083,127.41821812848147,STR_Global
H02,2023-08-03,186.68171039561548,0.7600145849344512,141.88082264117713,STR_Global
H02,2023-08-04,184.99414256097194,0.6864399882498355,126.98737704584198,STR_Global
H02,2023-08-05,180.72650651640333,0.6528720092631619,117.99127743647617,STR_Global
H02,2023-08-06,169.92465279111096,0.5053426938761104,85.87018179742273,STR_Global
H02,2023-08-07,168.15968922288246,0.6552598954613655,110.18830038100168,STR_Global
H02,2023-08-08,165.06721719214784,0.7467188964559677,123.25881026277817,STR_Global
H02,2023-08-09,196.42396225117062,0.7287797667419671,143.14980939194106,STR_Global
H02,2023-08-10,195.40049325751136,0.5867763574320325,114.65638967406494,STR_Global
H02,2023-08-11,166.92247449825246,0.512453751027712,85.54004818745706,STR_Global
H02,2023-08-12,195.633118767469,0.5063132683266256,99.05164375608814,STR_Global
H02,2023-08-13,194.350195473965,0.7797333329712104,151.54132568052097,STR_Global
H02,2023-08-14,197.2077632545765,0.5650412194478699,111.43051503395273,STR_Global
H02,2023-08-15,162.80180838242006,0.5487538412924853,89.33811771921614,STR_Global
H02,2023-08-16,183.9140259184158,0.6939450506736597,127.62622803555183,STR_Global
H02,2023-08-17,188.39980471380704,0.553677689595511,104.31276859418615,STR_Global
H02,2023-08-18,194.97394814234588,0.7086639342908319,138.17100517477147,STR_Global
H02,2023-08-19,185.4604726156234,0.5649340913402017,104.77294357663155,STR_Global
H02,2023-08-20,173.49540768076946,0.7408106816331934,128.5272512242196,STR_Global
H02,2023-08-21,195.23878229771748,0.8345715799867155,162.94073901688844,STR_Global
H02,2023-08-22,178.28364519483466,0.7961678531540306,141.94370704724642,STR_Global
H02,2023-08-23,177.35061803371104,0.5548670316597532,98.40601099138793,STR_Global
H02,2023-08-24,177.98806818631465,0.5078765146000402,90.39595971085978,STR_Global
H02,2023-08-25,184.86565159910168,0.7380161197309945,136.43383086471093,STR_Global
H02,2023-08-26,176.63781070965945,0.6365056212616462,112.43095944404885,STR_Global
H02,2023-08-27,168.35914907533692,0.5532611106586712,93.14656980696971,STR_Global
H02,2023-08-28,188.4279089243125,0.8345545151439818,157.25336217192398,STR_Global
H02,2023-08-29,166.59275288100096,0.7859351905879918,130.9311069861077,STR_Global
H02,2023-08-30,174.0718442685217,0.7081914498606264,123.27619177243754,STR_Global
H02,2023-08-31,192.4455089418022,0.7808975870220184,150.28023356587758,STR_Global
H02,2023-09-01,196.54654153643034,0.8392764357485216,164.95688083939402,STR_Global
H02,2023-09-02,168.0140041008763,0.5230629063741719,87.88189329656639,STR_Global
H02,2023-09-03,183.37340818625168,0.5234828064204575,95.99282634022313,STR_Global
H02,2023-09-04,168.1390940181759,0.789874465260308,132.80877697695936,STR_Global
H02,2023-09-05,193.7467728295446,0.7296511321466048,141.36755214482827,STR_Global
H02,2023-09-06,195.08537797303217,0.6897116707840207,134.5526619873122,STR_Global
H02,2023-09-07,171.87885473888457,0.6568563056791507,112.8997095481471,STR_Global
H02,2023-09-08,172.3272074993806,0.6357175149854124,109.55142411588176,STR_Global
H02,2023-09-09,164.51502914464783,0.8013720277679017,131.83774250394188,STR_Global
H02,2023-09-10,174.4022121621863,0.5604870180097583,97.750175829089,STR_Global
H02,2023-09-11,189.66315856022072,0.5944907728994118,112.7529977230093,STR_Global
H02,2023-09-12,178.6877222133212,0.5775345031658284,103.19832487030402,STR_Global
H02,2023-09-13,189.46076590352902,0.8057513570159069,152.65826922804158,STR_Global
H02,2023-09-14,192.50478194073722,0.7347615201651206,141.44510621783115,STR_Global
H02,2023-09-15,194.66075402197487,0.641011510867517,124.77978404223619,STR_Global
H02,2023-09-16,181.06720297326484,0.6899944810169261,124.93537074472428,STR_Global
H02,2023-09-17,185.59379518068434,0.6821821867745301,126.6087810481435,STR_Global
H02,2023-09-18,193.0043601813739,0.7499536012372608,144.74431497251476,STR_Global
H02,2023-09-19,176.68872328626293,0.6580414579860985,116.26850508099477,STR_Global
H02,2023-09-20,185.04903293828195,0.5874536128402753,108.70772295219284,STR_Global
H02,2023-09-21,194.79656519925192,0.646346059927768,125.90599240399904,STR_Global
H02,2023-09-22,176.2014467285102,0.8160068264720486,143.78158336471535,STR_Global
H02,2023-09-23,162.53994601357692,0.5341975463853654,86.82844035006255,STR_Global
H02,2023-09-24,168.47998619798474,0.8486044741837868,142.9728700980325,STR_Global
H02,2023-09-25,162.73445798477545,0.7969462042506789,129.69060859175838,STR_Global
H02,2023-09-26,193.04405699183033,0.5969589071043685,115.23936928483646,STR_Global
H02,2023-09-27,186.2719067681063,0.7403645020986681,137.90910750933855,STR_Global
H02,2023-09-28,176.7329846562743,0.5121797199539225,90.51905058787146,STR_Global
H02,2023-09-29,190.81311078439242,0.783142212364798,149.43380172789838,STR_Global
H02,2023-09-30,183.7533425755293,0.7122792788631266,130.88369833838706,STR_Global
H02,2023-10-01,171.91608047245833,0.6487508449431191,111.5307024658166,STR_Global
H02,2023-10-02,178.16933529835967,0.6876672977487714,122.52122534631779,STR_Global
H02,2023-10-03,187.86973466484707,0.5318980686813976,99.92754903191876,STR_Global
H02,2023-10-04,176.85929952998617,0.5689337705730525,100.62122814250392,STR_Global
H02,2023-10-05,175.37268021604098,0.7043503935578054,123.52381632945561,STR_Global
H02,2023-10-06,169.32727880934496,0.68800926256141,116.4987362251477,STR_Global
H02,2023-10-07,177.61405330193116,0.8081476660057616,143.5383826257786,STR_Global
H02,2023-10-08,179.92714689314616,0.5124642525954946,92.20623085423591,STR_Global
H02,2023-10-09,187.45312209562383,0.6955943048341333,130.39132415309336,STR_Global
H02,2023-10-10,191.18629674829486,0.5882780969807165,112.47071081987745,STR_Global
H02,2023-10-11,181.6524921336051,0.6793539190603595,123.40633243804575,STR_Global
H02,2023-10-12,179.9894042400476,0.5596285377735359,100.72720710958771,STR_Global
H02,2023-10-13,176.35829083009097,0.5519405937701753,97.33929975705368,STR_Global
H02,2023-10-14,168.34299862191293,0.7828549671584744,131.78815265751675,STR_Global
H02,2023-10-15,183.0774937793413,0.6179226695768609,113.12773369557172,STR_Global
H02,2023-10-16,170.02620030807913,0.5304288462422889,90.18680126037472,STR_Global
H02,2023-10-17,185.69821620334167,0.6498067733538753,120.66795868866377,STR_Global
H02,2023-10-18,180.68174511353126,0.5042244773552162,91.1041584974987,STR_Global
H02,2023-10-19,183.22094891135688,0.8370046729006333,153.35679041209391,STR_Global
H02,2023-10-20,195.404422675033,0.7006905690641964,136.91803612182963,STR_Global
H02,2023-10-21,170.54115709165694,0.6130425566773328,104.54898696218001,STR_Global
H02,2023-10-22,188.78578024422882,0.6765473639003245,127.72252196609898,STR_Global
H02,2023-10-23,188.04890521583934,0.5237287385398394,98.48661591248936,STR_Global
H02,2023-10-24,185.9085266142006,0.6013242527919018,111.79130585392758,STR_Global
H02,2023-10-25,192.42812009378665,0.8111917745046049,156.096108203464,STR_Global
H02,2023-10-26,193.80058923679576,0.7420269410347581,143.80525840211322,STR_Global
H02,2023-10-27,189.13198096474494,0.6096377591710876,115.30199706293591,STR_Global
H02,2023-10-28,193.1661805358446,0.6359859018021147,122.85096752575922,STR_Global
H02,2023-10-29,169.7308020867009,0.6413338518366247,108.8541090775837,STR_Global
H02,2023-10-30,168.33921436597876,0.5994364522296015,100.90866143066067,STR_Global
H02,2023-10-31,178.3500289260395,0.58822446039756,104.90984952690881,STR_Global
H02,2023-11-01,176.07932078933595,0.8437270825224708,148.56289162212465,STR_Global
H02,2023-11-02,183.26713396871034,0.5314390134002294,97.39530486501909,STR_Global
H02,2023-11-03,177.5463729232331,0.6465656466689292,114.79538542283308,STR_Global
H02,2023-11-04,180.17062111369268,0.6807912786362418,122.65858752067669,STR_Global
H02,2023-11-05,166.44860966158166,0.5363437851388246,89.27367733698745,STR_Global
H02,2023-11-06,169.07337548650509,0.7133978684378659,120.61658568166766,STR_Global
H02,2023-11-07,196.48207096014613,0.5607502504530039,110.17737050042682,STR_Global
H02,2023-11-08,173.79238658119655,0.5806731930730323,100.91658004788621,STR_Global
H02,2023-11-09,162.70597916907312,0.6721565858112883,109.3638954493668,STR_Global
H02,2023-11-10,194.35100141883973,0.6831053524361745,132.76220932053997,STR_Global
H02,2023-11-11,190.51059652080178,0.7814382361213961,148.87226450765033,STR_Global
H02,2023-11-12,168.12549508120262,0.6394957284504447,107.51553594804531,STR_Global
H02,2023-11-13,182.0245101849278,0.5921361611906906,107.7832947035189,STR_Global
H02,2023-11-14,166.54932511009218,0.8317064814022068,138.520153167227,STR_Global
H02,2023-11-15,189.77719912084132,0.5974987836219808,113.39164563388914,STR_Global
H02,2023-11-16,173.50277226506913,0.7841935217399985,136.05975001419748,STR_Global
H02,2023-11-17,178.28188244240903,0.6525469258297629,116.3372943189372,STR_Global
H02,2023-11-18,168.65733667582143,0.5409657754472141,91.2378469196976,STR_Global
H02,2023-11-19,196.72642280221265,0.6195341263974773,121.87873249006957,STR_Global
H02,2023-11-20,174.829913226829,0.7196446083547262,125.81540443281213,STR_Global
H02,2023-11-21,180.0120116043368,0.5081013701702529,91.464349743267,STR_Global
H02,2023-11-22,189.51566400744133,0.555240754163393,105.22682020926793,STR_Global
H02,2023-11-23,167.28872072482537,0.6186478895565506,103.4928140230284,STR_Global
H02,2023-11-24,172.15197669665898,0.7634859591310834,131.4356170445606,STR_Global
H02,2023-11-25,167.59235889036063,0.6826772374226019,114.41148858040863,STR_Global
H02,2023-11-26,165.13495378529143,0.7118702697804806,117.55466410132262,STR_Global
H02,2023-11-27,172.59457586359468,0.7171010284060046,123.76774784908194,STR_Global
H02,2023-11-28,173.3055841086352,0.7658000467347703,132.71742440978952,STR_Global
H02,2023-11-29,184.58341482088673,0.5828845246088192,107.59081599854504,STR_Global
H02,2023-11-30,187.30611175020866,0.83880733642967,157.11374069419062,STR_Global
H02,2023-12-01,175.87515959027564,0.6458431938857133,113.58777479494316,STR_Global
H02,2023-12-02,183.00319254658808,0.7946757360677386,145.42819673970598,STR_Global
H02,2023-12-03,162.2975507260509,0.7293954938809992,118.37910216750443,STR_Global
H02,2023-12-04,173.11628370069312,0.7333226253439347,126.95008765317768,STR_Global
H02,2023-12-05,190.20012090928634,0.779395548791207,148.24112761624716,STR_Global
H02,2023-12-06,182.15369239978045,0.604631704827923,110.13589757638034,STR_Global
H02,2023-12-07,166.54210524535455,0.5289334632952898,88.08969251191402,STR_Global
H02,2023-12-08,197.7207089350004,0.6792063443364141,134.2931599153458,STR_Global
H02,2023-12-09,180.92085746624073,0.5214545780572283,94.3420093918105,STR_Global
H02,2023-12-10,195.12980527688669,0.5504587355363173,107.41090587816286,STR_Global
H02,2023-12-11,177.12260262907793,0.8480956992134089,150.21691752320663,STR_Global
H02,2023-12-12,178.3522016570473,0.536666887758004,95.71572098807549,STR_Global
H02,2023-12-13,190.22110505523145,0.7924476794999322,150.740273292931,STR_Global
H02,2023-12-14,191.97659605032186,0.7532633032152829,144.60892488089146,STR_Global
H02,2023-12-15,186.90648767805484,0.6582153218029305,123.02471393406634,STR_Global
H02,2023-12-16,170.07330179344436,0.7507240690059305,127.67812115164816,STR_Global
H02,2023-12-17,182.16618824042493,0.8208823023261718,149.53700000878283,STR_Global
H02,2023-12-18,194.93747771865418,0.7777028036605765,151.6034229603185,STR_Global
H02,2023-12-19,195.59610220748866,0.7860943593441887,153.75699265501623,STR_Global
H02,2023-12-20,191.17558488863415,0.6118782217893552,116.9761769311974,STR_Global
H02,2023-12-21,187.13220926700686,0.7537047987529581,141.04244412578586,STR_Global
H02,2023-12-22,171.80881862519146,0.5348823727268716,91.89750856164314,STR_Global
H02,2023-12-23,179.7784925306962,0.8431647792240748,151.58289296388145,STR_Global
H02,2023-12-24,173.59490071138558,0.5490156842469802,95.30632319584795,STR_Global
H02,2023-12-25,195.96086275355574,0.5262827760318599,103.13082684353962,STR_Global
H02,2023-12-26,190.0987848992528,0.8194044762736881,155.7677952806367,STR_Global
H02,2023-12-27,184.56421741386643,0.7123518529237812,131.47466225819537,STR_Global
H02,2023-12-28,181.934216330341,0.7200524854589537,131.002184658689,STR_Global
H02,2023-12-29,163.0025919929792,0.5684977130735758,92.66660077307384,STR_Global
H02,2023-12-30,191.90482578712852,0.5068328997442979,97.26367932861466,STR_Global
H02,2023-12-31,183.73946082574284,0.8411374437824906,154.5501404009384,STR_Global
H02,2024-01-01,193.0357466442533,0.5386692697888227,103.9824246880001,STR_Global
H02,2024-01-02,180.08189512543396,0.7285474560396011,131.19820657242516,STR_Global
H02,2024-01-03,183.32786719434455,0.5020748753679074,92.04431607306482,STR_Global
H02,2024-01-04,165.898416833385,0.6249149605111641,103.67240260429944,STR_Global
H02,2024-01-05,165.86284357334424,0.7544865571704774,125.14128581015794,STR_Global
H02,2024-01-06,190.69011920070812,0.551643146390045,105.19289734137136,STR_Global
H02,2024-01-07,175.1924491471149,0.7403052757400514,129.69589437342984,STR_Global
H02,2024-01-08,166.12363078511336,0.8375341965744132,139.13422164163438,STR_Global
H02,2024-01-09,171.58170189784238,0.7835438997016,134.44179582247284,STR_Global
H02,2024-01-10,197.53496510421493,0.7888822922541401,155.83183607175465,STR_Global
H02,2024-01-11,176.34837461760196,0.5973170619166688,105.33589300036606,STR_Global
H02,2024-01-12,189.84506464161964,0.7666605476117634,145.54672121953473,STR_Global
H02,2024-01-13,182.23132829854964,0.5093108972587974,92.8124013243968,STR_Global
H02,2024-01-14,190.25840215031425,0.619309055422325,117.82875132187196,STR_Global
H02,2024-01-15,185.56438288404954,0.7234196127033814,134.2409139975211,STR_Global
H02,2024-01-16,183.30891855908652,0.7315335134511611,134.0966172404613,STR_Global
H02,2024-01-17,164.40300917462724,0.699968834958577,115.07698279564808,STR_Global
H02,2024-01-18,171.89925091105107,0.7087661021403833,121.83636202907739,STR_Global
H02,2024-01-19,181.9556135310116,0.6503609602069913,118.33682753108093,STR_Global
H02,2024-01-20,185.1757418916448,0.7521517957790222,139.28026679851337,STR_Global
H02,2024-01-21,185.35302153118928,0.7642053851179962,141.64777720202676,STR_Global
H02,2024-01-22,162.4100280511879,0.6936996952754738,112.6637869687902,STR_Global
H02,2024-01-23,195.9339495657116,0.6316146268882048,123.75474844967927,STR_Global
H02,2024-01-24,171.0785513454937,0.7056930643359592,120.7289471411582,STR_Global
H02,2024-01-25,179.15644596888066,0.6191346931871422,110.92197120744174,STR_Global
H02,2024-01-26,167.9533353184747,0.680225323387369,114.24611183099667,STR_Global
H02,2024-01-27,163.70368308491118,0.6969844138337705,114.09891559736614,STR_Global
H02,2024-01-28,186.82925912512644,0.5877794172891869,109.81439306113732,STR_Global
H02,2024-01-29,181.1567786249647,0.695715057992947,126.03349874688277,STR_Global
H02,2024-01-30,166.26074764775717,0.5565592845853075,92.53396276545406,STR_Global
H02,2024-01-31,178.49819578990585,0.8246262429538014,147.1942965682621,STR_Global
H02,2024-02-01,165.2440907856292,0.8200601778083294,135.5100984714388,STR_Global
H02,2024-02-02,183.550938437875,0.7158859095314513,131.40153050894958,STR_Global
H02,2024-02-03,190.61271917354796,0.7393626741721869,140.9319297793865,STR_Global
H02,2024-02-04,165.64554651554676,0.6867325008433444,113.75418041218396,STR_Global
H02,2024-02-05,191.08676481338728,0.6776728529297216,129.4943130681989,STR_Global
H02,2024-02-06,163.49397495788563,0.5437773793857139,88.90432524795258,STR_Global
H02,2024-02-07,182.17267106471863,0.5854817951274275,106.65878247812982,STR_Global
H02,2024-02-08,176.10378271243212,0.6821996905047106,120.13794606313,STR_Global
H02,2024-02-09,184.82731002287423,0.7458461348526276,137.85273479576907,STR_Global
H02,2024-02-10,197.13854109714856,0.6107023220539686,120.39296481436034,STR_Global
H02,2024-02-11,163.08072812582412,0.6596445231313216,107.57530913646796,STR_Global
H02,2024-02-12,196.31248605028676,0.6999620054015859,137.4112814211296,STR_Global
H02,2024-02-13,181.6965951324804,0.7866875641621907,142.93845184133477,STR_Global
H02,2024-02-14,182.71978228191972,0.6102528963164209,111.50527635184736,STR_Global
H02,2024-02-15,187.60066264811124,0.829571613519821,155.62818441038127,STR_Global
H02,2024-02-16,195.99226485711324,0.7033662719493703,137.8543486634613,STR_Global
H02,2024-02-17,188.53186722217282,0.7596414498050308,143.21662095110094,STR_Global
H02,2024-02-18,171.9402707679645,0.7886384337297778,135.59870583352142,STR_Global
H02,2024-02-19,193.9172254620821,0.5461336307241107,105.90471840155286,STR_Global
H02,2024-02-20,180.6174130422196,0.6480039431706804,117.04079585664579,STR_Global
H02,2024-02-21,190.2307384523549,0.7592729535062354,144.4370546323917,STR_Global
H02,2024-02-22,169.36215619294066,0.7529141036920574,127.51515602936213,STR_Global
H02,2024-02-23,173.90854769139563,0.6644459022442862,115.55282187880285,STR_Global
H02,2024-02-24,166.97635512427215,0.6152737334874842,102.73616542144293,STR_Global
H02,2024-02-25,170.13173086560874,0.8429700514738331,143.4159539251145,STR_Global
H02,2024-02-26,164.55688443537576,0.6515405674438972,107.21548586182455,STR_Global
H02,2024-02-27,180.4759191298015,0.7457575150269093,134.59127297243822,STR_Global
H02,2024-02-28,165.10497016694273,0.6011279558301539,99.24921321385283,STR_Global
H02,2024-02-29,180.81697586560335,0.7700500037650908,139.2381129461002,STR_Global
H02,2024-03-01,168.78125635441452,0.5436576396275877,91.75921944301979,STR_Global
H02,2024-03-02,190.78842289152965,0.8256852436859066,157.53118544764246,STR_Global
H02,2024-03-03,171.56194047599092,0.6725768484256509,115.38858923513109,STR_Global
H02,2024-03-04,170.60056904403277,0.7809679850117133,133.23358264816994,STR_Global
H02,2024-03-05,182.2504362888714,0.7183611301070396,130.92162937497469,STR_Global
H02,2024-03-06,181.82207872746517,0.7253628796206235,131.88698660436185,STR_Global
H02,2024-03-07,177.41208851090073,0.6392051414679528,113.40271913473526,STR_Global
H02,2024-03-08,194.1480490462739,0.8363164539451358,162.3692079187461,STR_Global
H02,2024-03-09,186.81341887677436,0.7047474567620376,131.65628184242797,STR_Global
H02,2024-03-10,188.86071521659113,0.5856156959182931,110.59979917319058,STR_Global
H02,2024-03-11,189.95784623267005,0.5939949992172244,112.83401072428049,STR_Global
H02,2024-03-12,173.62443846880444,0.7313408372273865,126.9786421929103,STR_Global
H02,2024-03-13,176.5767893137144,0.7160739878458234,126.44204568488324,STR_Global
H02,2024-03-14,180.41283144153425,0.8365741723103564,150.92871513736935,STR_Global
H02,2024-03-15,174.78474350492579,0.6438665177446203,112.53804415540321,STR_Global
H02,2024-03-16,181.59048417391034,0.6432188253249774,116.80241792053651,STR_Global
H02,2024-03-17,166.8522882570278,0.674003835559005,112.45908225703346,STR_Global
H02,2024-03-18,166.54088830664756,0.559186365147228,93.12739398058473,STR_Global
H02,2024-03-19,170.64250751185844,0.6113892490477972,104.32899452330822,STR_Global
H02,2024-03-20,195.59917369254023,0.537879326367942,105.20875178386963,STR_Global
H02,2024-03-21,179.87579328966595,0.5766395444870305,103.72349550679623,STR_Global
H02,2024-03-22,174.5463293921551,0.6872164302339255,119.95110539531173,STR_Global
H02,2024-03-23,177.7838344186149,0.5930633347095418,105.43707369775277,STR_Global
H02,2024-03-24,184.38568432525497,0.7697248844551667,141.92624956244373,STR_Global
H02,2024-03-25,183.2512742037025,0.691117476158968,126.64815813057788,STR_Global
H02,2024-03-26,177.45561956535104,0.5020197314525388,89.08622247894141,STR_Global
H02,2024-03-27,186.34110438965246,0.5398808443055902,100.6019927667217,STR_Global
H02,2024-03-28,188.2249540401093,0.7523126266682342,141.60400957842228,STR_Global
H02,2024-03-29,191.31151561396788,0.8338722813463527,159.52936997284777,STR_Global
H02,2024-03-30,192.35440514350228,0.6941089099410964,133.5149064765244,STR_Global
H02,2024-03-31,191.82400338795787,0.5721083032537295,109.74410510162224,STR_Global
H02,2024-04-01,180.20108992263835,0.5535649090073375,99.75299994604833,STR_Global
H02,2024-04-02,166.5379955289853,0.8068948861586153,134.37865694344458,STR_Global
H02,2024-04-03,176.55711947932133,0.6792738558835996,119.93063533241998,STR_Global
H02,2024-04-04,195.3650415279615,0.7452862869235377,145.60288639503716,STR_Global
H02,2024-04-05,181.97520901196967,0.5845547502347916,106.37447285291593,STR_Global
H02,2024-04-06,184.72958771023548,0.5013186930926866,92.60839548644607,STR_Global
H02,2024-04-07,178.25122812977895,0.611353265031456,108.97447031300729,STR_Global
H02,2024-04-08,184.84325760117991,0.776460008283145,143.52339732809565,STR_Global
H02,2024-04-09,172.48983789674637,0.6373841694462395,109.94229206573418,STR_Global
H02,2024-04-10,180.0521071143002,0.6579926846517492,118.4729693373427,STR_Global
H02,2024-04-11,171.21918334458326,0.6569284274010517,112.47874885544942,STR_Global
H02,2024-04-12,189.2686508402648,0.5344880435087093,101.16183088514616,STR_Global
H02,2024-04-13,190.7106266410519,0.5194854852338915,99.07140241988635,STR_Global
H02,2024-04-14,174.1911577721231,0.7188011321066738,125.20880140957432,STR_Global
H02,2024-04-15,162.53311900077452,0.6450683427390259,104.8449697140345,STR_Global
H02,2024-04-16,167.00976039268662,0.67972428646965,113.52059021638613,STR_Global
H02,2024-04-17,168.79929778135974,0.6567913172484843,110.86591314043841,STR_Global
H02,2024-04-18,191.9739244693819,0.6870349474823421,131.8927951158009,STR_Global
H02,2024-04-19,193.56063168458334,0.7509413457437419,145.3526812402298,STR_Global
H02,2024-04-20,189.266479139917,0.782517189640756,148.10427334976862,STR_Global
H02,2024-04-21,171.45260537169446,0.8463319858253036,145.10582397914828,STR_Global
H02,2024-04-22,177.64766344983903,0.7702907076286192,136.8403443873473,STR_Global
H02,2024-04-23,189.55196751364358,0.562531981868686,106.6290439525587,STR_Global
H02,2024-04-24,196.46329007488944,0.6982974011305492,137.18980487685252,STR_Global
H02,2024-04-25,186.38880368164064,0.576866665917768,107.52148774422945,STR_Global
H02,2024-04-26,164.75798751340008,0.5787170896931378,95.34826303745324,STR_Global
H02,2024-04-27,185.20820229860226,0.8417756907761043,155.9037624273064,STR_Global
H02,2024-04-28,194.1575989056148,0.8488354129934772,164.80784565286945,STR_Global
H02,2024-04-29,191.36953883746682,0.7888624496946418,150.96424320425797,STR_Global
H02,2024-04-30,183.9940749252955,0.7563052697128634,139.1556884619444,STR_Global
H02,2024-05-01,169.9740378307387,0.6414384467100349,109.02788280718174,STR_Global
H02,2024-05-02,181.37974939235684,0.6920946144577158,125.53194772614032,STR_Global
H02,2024-05-03,194.48084243146434,0.8320467213837133,161.81714731704244,STR_Global
H02,2024-05-04,195.9634118615503,0.7804958838180195,152.94863633687527,STR_Global
H02,2024-05-05,179.82201404356508,0.5927931415060088,106.59725661682258,STR_Global
H02,2024-05-06,188.92925061629722,0.6768079990329563,127.86882806841204,STR_Global
H02,2024-05-07,188.3439394213562,0.5883448345417961,110.81118387580788,STR_Global
H02,2024-05-08,171.53518528128856,0.6229745771292243,106.86205951339389,STR_Global
H02,2024-05-09,175.24249852114085,0.7479134171772897,131.06621590363258,STR_Global
H02,2024-05-10,190.98063695644663,0.5349761569690433,102.17008721445987,STR_Global
H02,2024-05-11,188.11402565982598,0.7269869556616698,136.75644283169814,STR_Global
H02,2024-05-12,184.18407305785033,0.8096362447336725,149.12210125031032,STR_Global
H02,2024-05-13,195.92283376444348,0.5638173142523768,110.46468593378341,STR_Global
H02,2024-05-14,174.1575878900721,0.5728085969566371,99.75896356866441,STR_Global
H02,2024-05-15,189.5682345377661,0.7434871821253686,140.9415525169647,STR_Global
H02,2024-05-16,175.9137740231009,0.7507666919247584,132.07020218732296,STR_Global
H02,2024-05-17,197.1365013215566,0.721436962194476,142.2215586510711,STR_Global
H02,2024-05-18,186.26404935851474,0.6613393572743889,123.18374668608519,STR_Global
H02,2024-05-19,189.4227374329026,0.7951997284981672,150.62890937802376,STR_Global
H02,2024-05-20,189.08648833390086,0.849447431873321,160.61903191717676,STR_Global
H02,2024-05-21,192.82626460968345,0.7279191992333712,140.36194012584292,STR_Global
H02,2024-05-22,193.55115396976174,0.6217082424457605,120.33234775788935,STR_Global
H02,2024-05-23,190.37228183802787,0.5273847345030079,100.39943531388013,STR_Global
H02,2024-05-24,192.75645538017775,0.5569282763664652,107.35152045339187,STR_Global
H02,2024-05-25,191.88900694012986,0.6820289391258043,130.87385583328086,STR_Global
H02,2024-05-26,172.25469635798208,0.567897884678189,97.82307768758177,STR_Global
H02,2024-05-27,191.00090975188442,0.6859657774356115,131.02008754886046,STR_Global
H02,2024-05-28,190.10827740115715,0.7034782950216012,133.73704685565963,STR_Global
H02,2024-05-29,193.4508176148492,0.517522584482653,100.11516710231909,STR_Global
H02,2024-05-30,187.03148218647783,0.586340950410399,109.66421702188502,STR_Global
H02,2024-05-31,172.7272726078417,0.8067098894704281,139.3407989940005,STR_Global
H02,2024-06-01,182.81070177065394,0.6052294741962605,110.64242491010226,STR_Global
H02,2024-06-02,193.55753227806068,0.6872054645155643,133.013793879631,STR_Global
H02,2024-06-03,174.2087093574493,0.7326800153534797,127.63923984672583,STR_Global
H02,2024-06-04,187.90900457259016,0.7030134707653228,132.10256149263353,STR_Global
H02,2024-06-05,172.30917844393772,0.7218186809294735,124.37598389644441,STR_Global
H02,2024-06-06,166.6453243611757,0.6888655477106429,114.79622263947905,STR_Global
H02,2024-06-07,168.49281485813947,0.6385079021783515,107.583993747196,STR_Global
H02,2024-06-08,173.2366179676118,0.5038599569746977,87.28699487560301,STR_Global
H02,2024-06-09,172.69546389023094,0.5336024312771535,92.1507194023631,STR_Global
H02,2024-06-10,165.12706468750258,0.7088206863249994,117.04547932262815,STR_Global
H02,2024-06-11,164.1351202128395,0.5184247394195064,85.09170692593068,STR_Global
H02,2024-06-12,185.09015695403943,0.813800033739247,150.6263759739998,STR_Global
H02,2024-06-13,192.0285155969009,0.5495432383169871,105.52797231032498,STR_Global
H02,2024-06-14,184.1793235613998,0.5745700727565521,105.82392733892604,STR_Global
H02,2024-06-15,163.09221288545947,0.8444676871014971,137.72610379964894,STR_Global
H02,2024-06-16,177.56626896666324,0.7954733550216813,141.24923571359386,STR_Global
H02,2024-06-17,168.79932672346277,0.7880108239027257,133.0156965255813,STR_Global
H02,2024-06-18,172.70973611973605,0.6017250392572859,103.92377274676367,STR_Global
H02,2024-06-19,170.2737375045313,0.7539488866459818,128.37769481659154,STR_Global
H02,2024-06-20,168.16265077806452,0.7503328987189215,126.17796921456285,STR_Global
H02,2024-06-21,175.67641880361737,0.583130642207921,102.44230291774109,STR_Global
H02,2024-06-22,196.940639974585,0.5155995142494207,101.54249830686608,STR_Global
H02,2024-06-23,173.4731012622743,0.6131179228635176,106.35946751861827,STR_Global
H02,2024-06-24,167.26943039720285,0.7191856879670615,120.29778037607085,STR_Global
H02,2024-06-25,171.22517726000663,0.8008021039917428,137.1174822061724,STR_Global
H02,2024-06-26,185.87332185839364,0.8049451478325409,149.61782854143013,STR_Global
H02,2024-06-27,162.7085957537309,0.7392948410036173,120.28962542767633,STR_Global
H02,2024-06-28,191.27455730224062,0.6704556141806838,128.24110079321213,STR_Global
H02,2024-06-29,172.16629596380977,0.7525517841297593,129.5640531945772,STR_Global
H02,2024-06-30,188.10335246351553,0.6108957302776155,114.91153487086702,STR_Global
H02,2024-07-01,173.36864320229705,0.559045574981311,96.92097282275792,STR_Global
H02,2024-07-02,176.2688221908291,0.7259290199175448,127.95865333500853,STR_Global
H02,2024-07-03,186.79563057452947,0.6307721282324534,117.8254774420191,STR_Global
H02,2024-07-04,162.28022292968282,0.5560687446219049,90.2389598414716,STR_Global
H02,2024-07-05,164.96456918271429,0.5372288582348352,88.62372715123108,STR_Global
H02,2024-07-06,180.11750043242935,0.6514104640849245,117.3304245465054,STR_Global
H02,2024-07-07,187.57528978992408,0.6036223442494051,113.22463614625548,STR_Global
H02,2024-07-08,182.58653984005605,0.7911965185886216,144.461834662595,STR_Global
H02,2024-07-09,164.66791497481398,0.5734213948226878,94.4241054874016,STR_Global
H02,2024-07-10,165.42167251182067,0.7154641831728257,118.35328180275245,STR_Global
H02,2024-07-11,175.60686080308625,0.8251573100008804,144.9032848779737,STR_Global
H02,2024-07-12,183.92396799786943,0.5309828103251549,97.66046541366256,STR_Global
H02,2024-07-13,181.6031265445623,0.5561081638304491,100.99098124856523,STR_Global
H02,2024-07-14,187.13575632580105,0.5265550744284166,98.53728210035021,STR_Global
H02,2024-07-15,178.89965503754559,0.566156048961274,101.28512185659169,STR_Global
H02,2024-07-16,176.23760674260853,0.6853025091894468,120.7760741142526,STR_Global
H02,2024-07-17,195.80791313916868,0.7136378533254187,139.7359387967664,STR_Global
H02,2024-07-18,178.58465904535683,0.5261610662727104,93.9642946232534,STR_Global
H02,2024-07-19,197.5995256369516,0.5330618490303805,105.33276850355948,STR_Global
H02,2024-07-20,167.60430765951256,0.8373803069941301,140.34854660146127,STR_Global
H02,2024-07-21,162.75355306171465,0.5789931360366506,94.23319008830958,STR_Global
H02,2024-07-22,183.6909320445091,0.7347460759510628,134.9661915074964,STR_Global
H02,2024-07-23,169.5739159617885,0.5242305440109711,88.89582621471908,STR_Global
H02,2024-07-24,167.73804956696117,0.7752902795685166,130.04567934304703,STR_Global
H02,2024-07-25,176.99011812510915,0.6378956276995693,112.90122249803743,STR_Global
H02,2024-07-26,165.52819493535392,0.7894162404094389,130.67064532762782,STR_Global
H02,2024-07-27,173.1592849116769,0.6182809498658518,107.06108715328325,STR_Global
H02,2024-07-28,165.84911511767356,0.7893546769386988,130.91377468428027,STR_Global
H02,2024-07-29,183.1255360226483,0.7439818983912655,136.24208393404797,STR_Global
H02,2024-07-30,186.86523742196997,0.525295098153973,98.15939323313918,STR_Global
H02,2024-07-31,174.24989936042513,0.6327063023929802,110.24900951668351,STR_Global
H02,2024-08-01,179.86233333964017,0.8118483811254926,146.02094414724058,STR_Global
H02,2024-08-02,165.68620066055436,0.6407547336453886,106.16421737296992,STR_Global
H02,2024-08-03,175.68540511047613,0.5179670299632871,90.99924749297023,STR_Global
H02,2024-08-04,188.7415740570552,0.7512779582678993,141.79738439785396,STR_Global
H02,2024-08-05,171.8734266057204,0.5773931420111552,99.23853781610057,STR_Global
H02,2024-08-06,166.82188389840002,0.5505803283674326,91.8488476156548,STR_Global
H02,2024-08-07,180.38661586222383,0.5239759774001629,94.51825335631646,STR_Global
H02,2024-08-08,185.7528972504114,0.7685088491205232,142.75274528671645,STR_Global
H02,2024-08-09,188.16708837664103,0.578631245036775,108.87935662232067,STR_Global
H02,2024-08-10,194.9310659313145,0.5536536561803855,107.92429735601206,STR_Global
H02,2024-08-11,168.74461503584737,0.5192631981124507,87.62286846776844,STR_Global
H02,2024-08-12,168.1540161684331,0.7703742461337099,129.5415234401123,STR_Global
H02,2024-08-13,189.86170063765223,0.7287945425167777,138.37017125767517,STR_Global
H02,2024-08-14,169.39325464883947,0.67272821393121,113.9556216519084,STR_Global
H02,2024-08-15,170.86574642771424,0.744899577004018,127.27782223848014,STR_Global
H02,2024-08-16,192.6096261960933,0.8401735927458174,161.8255216386006,STR_Global
H02,2024-08-17,167.9462279826641,0.6016676357281391,101.04780991978855,STR_Global
H02,2024-08-18,164.5741088759389,0.6547546483394842,107.75566278284934,STR_Global
H02,2024-08-19,175.91196063350944,0.759561056908023,133.61587474155095,STR_Global
H02,2024-08-20,193.39936304396022,0.7083745028786091,136.99917765330497,STR_Global
H02,2024-08-21,167.69666670534946,0.6349146521449074,106.47307080708742,STR_Global
H02,2024-08-22,185.93307930888884,0.5370035961508972,99.84673223228329,STR_Global
H02,2024-08-23,195.7086920816995,0.5696208848080286,111.4797583481997,STR_Global
H02,2024-08-24,162.7785717286246,0.6532220451613491,106.33055153301552,STR_Global
H02,2024-08-25,173.5798489702109,0.6753665822280464,117.2300293426718,STR_Global
H02,2024-08-26,186.20146583757239,0.6317356382070664,117.63010185599005,STR_Global
H02,2024-08-27,183.23403819983122,0.6857627108358498,125.65507075331591,STR_Global
H02,2024-08-28,167.8282419618849,0.6005656166296773,100.79187162171411,STR_Global
H02,2024-08-29,180.70015631008454,0.5787103730789361,104.5730548736311,STR_Global
H02,2024-08-30,169.04054329565486,0.8307315972875265,140.42732053835064,STR_Global
H02,2024-08-31,182.1686926961899,0.786040744145633,143.19201476695025,STR_Global
H02,2024-09-01,163.41310991055602,0.5918925805070001,96.72300731363303,STR_Global
H02,2024-09-02,163.71063925945597,0.760611287651183,124.52016012933312,STR_Global
H02,2024-09-03,190.17545626162357,0.7471813744861237,142.0955588030856,STR_Global
H02,2024-09-04,175.9662780715761,0.7443260184675271,130.97627914156598,STR_Global
H02,2024-09-05,182.87884152731314,0.6393523227330172,116.92401210921102,STR_Global
H02,2024-09-06,179.15361830473776,0.7055126948474939,126.39515204185486,STR_Global
H02,2024-09-07,164.68781920722807,0.7525769904881076,123.94026334902526,STR_Global
H02,2024-09-08,178.22096974138026,0.6938796068491231,123.6638964164184,STR_Global
H02,2024-09-09,175.79165160926107,0.6043148829769746,106.23351137057968,STR_Global
H02,2024-09-10,177.7915937286135,0.8385246223828939,149.08262899413853,STR_Global
H02,2024-09-11,177.36859154290696,0.796292771536952,141.23732734330696,STR_Global
H02,2024-09-12,188.7660912880467,0.5808295826095605,109.64093001367436,STR_Global
H02,2024-09-13,190.1063782810321,0.7831620925841196,148.88410902816133,STR_Global
H02,2024-09-14,190.80195868624935,0.7504724426952168,143.1916120063014,STR_Global
H02,2024-09-15,162.0947576008652,0.5604131895157961,90.8400401108907,STR_Global
H02,2024-09-16,181.97675401771474,0.6233514560385945,113.43547458211964,STR_Global
H02,2024-09-17,171.27918776261197,0.8008829416832663,137.1745797444412,STR_Global
H02,2024-09-18,179.9586368547939,0.6682499197695246,120.25734464004904,STR_Global
H02,2024-09-19,168.10938860958882,0.5951512543540705,100.05051349969267,STR_Global
H02,2024-09-20,178.64382590853418,0.7695311609389286,137.47199074596617,STR_Global
H02,2024-09-21,166.97791899640112,0.757577387178106,126.49869558973099,STR_Global
H02,2024-09-22,182.710065414771,0.6941447118041605,126.82722570105553,STR_Global
H02,2024-09-23,171.65815903942158,0.6601490966858901,113.319978628637,STR_Global
H02,2024-09-24,192.19336288321892,0.6097512962224108,117.19015214338691,STR_Global
H02,2024-09-25,180.3621682275892,0.7543050180392586,136.04808855851147,STR_Global
H02,2024-09-26,189.65544364106967,0.6383747788014841,121.07125188286518,STR_Global
H02,2024-09-27,180.63643205631445,0.6601115763050376,119.24019990281155,STR_Global
H02,2024-09-28,174.569773916367,0.7307826250105127,127.57255763009442,STR_Global
H02,2024-09-29,195.51669393166938,0.724849300553002,141.7201388428059,STR_Global
H02,2024-09-30,174.29425598462558,0.7266064233129368,126.64332594497822,STR_Global
H02,2024-10-01,197.46971957163248,0.7013229025719803,138.49003690005227,STR_Global
H02,2024-10-02,164.5161052279661,0.5278795443258104,86.84468666199582,STR_Global
H02,2024-10-03,162.0695489144942,0.8287410801190334,134.31369302180244,STR_Global
H02,2024-10-04,188.36295091990075,0.7299728138865309,137.49983331497046,STR_Global
H02,2024-10-05,163.60944953107904,0.7871737556302493,128.7890648439772,STR_Global
H02,2024-10-06,179.16615989489057,0.5934751794721806,106.33066889896159,STR_Global
H02,2024-10-07,168.66747041918018,0.5949756623168979,100.35303992396751,STR_Global
H02,2024-10-08,180.51853927486263,0.6866882120273816,123.95995297245008,STR_Global
H02,2024-10-09,176.7696889799418,0.5122081070370097,90.54286777393695,STR_Global
H02,2024-10-10,163.4850116449823,0.8170962027272207,133.5829822179305,STR_Global
H02,2024-10-11,165.4395794843316,0.5182859542952898,85.74501033124825,STR_Global
H02,2024-10-12,163.18987901565984,0.7264889413409331,118.55564244364167,STR_Global
H02,2024-10-13,189.46796031762992,0.5275863270349744,99.96070527478666,STR_Global
H02,2024-10-14,179.5714925714218,0.5133413858159721,92.1814788496562,STR_Global
H02,2024-10-15,195.6253136637244,0.8041329881102821,157.3087680264219,STR_Global
H02,2024-10-16,170.52933314633214,0.547541349944643,93.37186127610245,STR_Global
H02,2024-10-17,178.7901702249737,0.8400194752648087,150.18722497488824,STR_Global
H02,2024-10-18,172.97327320722476,0.650216703686012,112.47011153058168,STR_Global
H02,2024-10-19,162.56649529344762,0.7078127633425129,115.06664026056276,STR_Global
H02,2024-10-20,163.154257067045,0.7314837272457462,119.3446840754127,STR_Global
H02,2024-10-21,193.60097274992347,0.6026886506750246,116.68110903602359,STR_Global
H02,2024-10-22,180.0616614007857,0.5077548202956852,91.42717652669846,STR_Global
H02,2024-10-23,187.97593977336462,0.7270259806717221,136.663391956419,STR_Global
H02,2024-10-24,197.80020318764105,0.666395682986405,131.81320149807772,STR_Global
H02,2024-10-25,181.31843807047778,0.6664964273661697,120.84809118958752,STR_Global
H02,2024-10-26,176.73641715176615,0.731442857192782,129.27258993150323,STR_Global
H02,2024-10-27,197.8385921492517,0.5568984740322175,110.1760100726005,STR_Global
H02,2024-10-28,194.04068044135556,0.5052324898864836,98.03565611865358,STR_Global
H02,2024-10-29,191.1965534975545,0.7553948696063524,144.42889559846915,STR_Global
H02,2024-10-30,172.58542956143998,0.8470579824824583,146.18986577018177,STR_Global
H02,2024-10-31,176.6451344888466,0.5403899503982899,95.45725546452705,STR_Global
H02,2024-11-01,183.2794336992821,0.628680316120688,115.22417231648534,STR_Global
H02,2024-11-02,197.02419801795705,0.7260830358892157,143.05592784051626,STR_Global
H02,2024-11-03,193.06903605301025,0.7008865311255704,135.31948694695205,STR_Global
H02,2024-11-04,182.17941668700374,0.5274845150795505,96.09682126861954,STR_Global
H02,2024-11-05,192.56524247820505,0.5542296248682775,106.72536210136448,STR_Global
H02,2024-11-06,191.0165941657105,0.8266467443326733,157.9032456806001,STR_Global
H02,2024-11-07,177.401644438977,0.5017589261778592,89.0128586158875,STR_Global
H02,2024-11-08,168.28502344834897,0.8187792688671036,137.78828846032255,STR_Global
H02,2024-11-09,171.48109028393085,0.6808928687070747,116.76025149244255,STR_Global
H02,2024-11-10,165.20146281918088,0.7096847637859633,117.24096111792599,STR_Global
H02,2024-11-11,187.94392036228305,0.630285853315125,118.45839422093147,STR_Global
H02,2024-11-12,182.367056312085,0.6480067639633726,118.17508601432036,STR_Global
H02,2024-11-13,163.97657607278788,0.8276512174012395,135.71541281192984,STR_Global
H02,2024-11-14,190.93984951446913,0.8119489326897127,155.03340702120758,STR_Global
H02,2024-11-15,187.81372579345577,0.6035742221431009,113.35952345358271,STR_Global
H02,2024-11-16,187.88065000577248,0.7841515949414044,147.32691136065426,STR_Global
H02,2024-11-17,187.83937961338432,0.535084479593657,100.50993668762314,STR_Global
H02,2024-11-18,163.4974544252329,0.7908228717876477,129.2975264385327,STR_Global
H02,2024-11-19,167.35637821856952,0.6305524849574963,105.5269801592056,STR_Global
H02,2024-11-20,176.09327029202456,0.8210721155273621,144.5852739688042,STR_Global
H02,2024-11-21,168.06652716453064,0.5000843060812533,84.04743261256041,STR_Global
H02,2024-11-22,194.69482544507412,0.614851513180274,119.70840803327313,STR_Global
H02,2024-11-23,178.2538538083,0.7122434218603302,126.96013479621463,STR_Global
H02,2024-11-24,175.21678207116955,0.8317429149464499,145.73531706741142,STR_Global
H02,2024-11-25,193.31661362005156,0.597241514847629,115.45670716365338,STR_Global
H02,2024-11-26,181.1487850877269,0.7149317582914956,129.50901943513685,STR_Global
H02,2024-11-27,197.98218682950662,0.6557565393038743,129.82811367913035,STR_Global
H02,2024-11-28,191.636148932874,0.8127106689584905,155.74474279586494,STR_Global
H02,2024-11-29,162.11237944883075,0.5796068889226799,93.96145190818977,STR_Global
H02,2024-11-30,179.020560430857,0.5380125908212724,96.31531552768153,STR_Global
H02,2024-12-01,188.97181794327233,0.8060768532633269,152.32580836316325,STR_Global
H02,2024-12-02,192.13279670333992,0.5279084951003115,101.42853556707426,STR_Global
H02,2024-12-03,177.38669836455537,0.5319738528782528,94.36508537834499,STR_Global
H02,2024-12-04,178.93022170547653,0.8197843591049517,146.684197125331,STR_Global
H02,2024-12-05,181.08947612298053,0.8248371313173306,149.3693239970375,STR_Global
H02,2024-12-06,177.9426071091076,0.7790042870355411,138.6180537842758,STR_Global
H02,2024-12-07,190.8578043580696,0.7531303105119371,143.7407974598195,STR_Global
H02,2024-12-08,190.32001015949868,0.8421860449450476,160.28485663012947,STR_Global
H02,2024-12-09,162.00666703063595,0.8001198388076771,129.62474831032145,STR_Global
H02,2024-12-10,183.58988439997,0.7581610836120477,139.19070569689183,STR_Global
H02,2024-12-11,174.12453399895585,0.6063065811809909,105.57285090864013,STR_Global
H02,2024-12-12,195.5697040719965,0.7910594037543768,154.7072534956135,STR_Global
H02,2024-12-13,178.92345450425458,0.7950326365618834,142.24998577727771,STR_Global
H02,2024-12-14,184.17738702023848,0.6374479862504759,117.40350446892556,STR_Global
H02,2024-12-15,185.94478296661413,0.7028229639765914,130.68626350057974,STR_Global
H02,2024-12-16,183.89567780566472,0.8336085118699086,153.29700231488835,STR_Global
H02,2024-12-17,186.31455973687062,0.6677256901017307,124.40701797630206,STR_Global
H02,2024-12-18,183.00368284959188,0.5278745622011581,96.60298896542791,STR_Global
H02,2024-12-19,166.48611147747076,0.7865582966591282,130.95103226112113,STR_Global
H02,2024-12-20,196.08148494121997,0.8141280922879239,159.6354452681787,STR_Global
H02,2024-12-21,175.45106946480115,0.5759991414131851,101.05966537175055,STR_Global
H02,2024-12-22,183.86160012365357,0.561653869376001,103.26657913911306,STR_Global
H02,2024-12-23,163.1559448973541,0.8029953473134013,131.013464639097,STR_Global
H02,2024-12-24,189.34151649077907,0.7670321074790464,145.23102242720088,STR_Global
H02,2024-12-25,195.4011622193171,0.7551618099903229,147.5594953357522,STR_Global
H02,2024-12-26,162.50686787818407,0.6761232958630401,109.87467911017741,STR_Global
H02,2024-12-27,165.62905909700706,0.584044317158032,96.73471072183881,STR_Global
H02,2024-12-28,163.02672089419133,0.5619651530849391,91.61533616423986,STR_Global
H02,2024-12-29,163.23450041917954,0.5042218812378403,82.30640688427773,STR_Global
H02,2024-12-30,182.85767018452617,0.5976797976529492,109.29033531517733,STR_Global
H02,2024-12-31,180.16707801413074,0.5945871062715999,107.12502156183159,STR_Global
H02,2025-01-01,185.73280333383138,0.8132871790055323,151.05410767216105,STR_Global
H02,2025-01-02,172.49460941344293,0.8127770271816683,140.19965584392116,STR_Global
H02,2025-01-03,195.19040268477903,0.5349058403203588,104.40848637057096,STR_Global
H02,2025-01-04,182.09282969261577,0.5787138820056426,105.379648356806,STR_Global
H02,2025-01-05,170.35682086080564,0.7167729570777046,122.10716224675646,STR_Global
H02,2025-01-06,197.4674637327994,0.7650027031076037,151.06314353139422,STR_Global
H02,2025-01-07,194.53562141036787,0.6610723163548153,128.6021138592753,STR_Global
H02,2025-01-08,179.17667162624463,0.6837269294852136,122.50791552639264,STR_Global
H02,2025-01-09,180.96368066170172,0.771316769252867,139.58032152009127,STR_Global
H02,2025-01-10,163.35890341082762,0.5903553586804674,96.43980401674698,STR_Global
H02,2025-01-11,167.3328211925898,0.580486495390362,97.13444293786854,STR_Global
H02,2025-01-12,189.077576121276,0.7384232402375421,139.61927641573314,STR_Global
H02,2025-01-13,195.7083391223362,0.8129191118213603,159.09504921536313,STR_Global
H02,2025-01-14,172.9339543292828,0.7224577187028656,124.9374701309992,STR_Global
H02,2025-01-15,184.78904059467874,0.6830955395171785,126.22856938188387,STR_Global
H02,2025-01-16,194.7176651148767,0.5907340473865945,115.02635441097861,STR_Global
H02,2025-01-17,187.8837291143302,0.6218046738172225,116.82698089749948,STR_Global
H02,2025-01-18,162.60875327722923,0.6456414905511509,104.98695784257463,STR_Global
H02,2025-01-19,165.88280794152652,0.5220831384141255,86.60461697905978,STR_Global
H02,2025-01-20,174.5290854974971,0.6093709141499992,106.35294837537319,STR_Global
H02,2025-01-21,196.7559199465936,0.8425024382007809,165.76734228544277,STR_Global
H02,2025-01-22,172.89331749590818,0.5929247260263988,102.51272290805653,STR_Global
H02,2025-01-23,183.84695308083343,0.6862860324996233,126.17159601698957,STR_Global
H02,2025-01-24,169.60626135251775,0.6427980267868533,109.02257012809375,STR_Global
H02,2025-01-25,181.49743666074033,0.6193859498308603,112.41696219797905,STR_Global
H02,2025-01-26,178.64964757460137,0.7216592610528136,128.9241726560324,STR_Global
H02,2025-01-27,162.87264932480602,0.5996996458362659,97.67467011650051,STR_Global
H02,2025-01-28,186.0823335624579,0.5883989956981904,109.4906581853259,STR_Global
H02,2025-01-29,196.49242063726606,0.8205747111363233,161.23671130490152,STR_Global
H02,2025-01-30,186.58865946578982,0.8466309732741231,157.97173836543556,STR_Global
H02,2025-01-31,193.00440282792255,0.5053245833183744,97.52986943763163,STR_Global
H02,2025-02-01,162.56025166531379,0.7930655538765643,128.92093602526577,STR_Global
H02,2025-02-02,169.22760224613606,0.6521805368194398,110.36694847755165,STR_Global
H02,2025-02-03,166.43900899157128,0.6540446937912142,108.85855067080539,STR_Global
H02,2025-02-04,191.78583096986492,0.7188259705284983,137.86063608052768,STR_Global
H02,2025-02-05,173.06757117172214,0.5228199183471527,90.4831734285398,STR_Global
H02,2025-02-06,193.2401535981395,0.8202613482148795,158.5074289196603,STR_Global
H02,2025-02-07,194.18786344097043,0.5249043395589034,101.9300522098371,STR_Global
H02,2025-02-08,192.42293895847808,0.7991611462107537,153.77693645529925,STR_Global
H02,2025-02-09,179.1895698166474,0.5621010782873593,100.72265041178557,STR_Global
H02,2025-02-10,181.3958131001442,0.6714761136357013,121.80295561027286,STR_Global
H02,2025-02-11,177.6307173106849,0.6281844133967652,111.58484795505923,STR_Global
H02,2025-02-12,191.17690621450535,0.6593774470965251,126.05774036353235,STR_Global
H02,2025-02-13,180.67709923503674,0.6440473201653606,116.36460157757634,STR_Global
H02,2025-02-14,176.56581178608707,0.7360513947640089,129.96151203278887,STR_Global
H02,2025-02-15,178.6260396441819,0.8057854545129177,143.93426454252958,STR_Global
H02,2025-02-16,179.12234211509733,0.5796218118041718,103.82321647135943,STR_Global
H02,2025-02-17,181.51695033502202,0.8011295480481682,145.41859238497798,STR_Global
H02,2025-02-18,177.82760642612993,0.6642631539652145,118.12432670670592,STR_Global
H02,2025-02-19,181.38900189075133,0.6438225493928436,116.78232962912685,STR_Global
H02,2025-02-20,173.99107973137944,0.8118693178446372,141.25801921256692,STR_Global
H02,2025-02-21,162.4832249443246,0.5337926675092108,86.73235406853017,STR_Global
H02,2025-02-22,162.77932449314093,0.5656638459908987,92.0783787405906,STR_Global
H02,2025-02-23,165.08703783279975,0.7379924920277665,121.83299445171006,STR_Global
H02,2025-02-24,197.48904555630332,0.7602700375102613,150.14500407295645,STR_Global
H02,2025-02-25,187.795931032044,0.5856938427833323,109.99092050523149,STR_Global
H02,2025-02-26,192.63998973051199,0.5741297510035417,110.60034933730367,STR_Global
H02,2025-02-27,188.02443626811998,0.836692179156944,157.31857531592925,STR_Global
H02,2025-02-28,179.21149267745596,0.7549234931167966,135.29096605874028,STR_Global
H02,2025-03-01,186.5134273191661,0.7979225849056604,148.82327604612303,STR_Global
H02,2025-03-02,197.153641225593,0.811789363750994,160.04722897171587,STR_Global
H02,2025-03-03,167.98722120752697,0.6758056011816097,113.52670501898082,STR_Global
H02,2025-03-04,172.18611244934394,0.6020522008659758,103.66502795868391,STR_Global
H02,2025-03-05,193.2467200805577,0.8062927200730076,155.81342357893996,STR_Global
H02,2025-03-06,186.19612056355678,0.6655433434797575,123.9215886228296,STR_Global
H02,2025-03-07,175.66671122948284,0.6455069869131855,113.39408946669212,STR_Global
H02,2025-03-08,185.31609682034974,0.7061966911046134,130.86961438295316,STR_Global
H02,2025-03-09,165.01844584816132,0.839042007574565,138.4574080912759,STR_Global
H02,2025-03-10,162.60916836473794,0.6466761390939043,105.15546917937938,STR_Global
H02,2025-03-11,180.2173057281893,0.5957984710104949,107.37319520248609,STR_Global
H02,2025-03-12,180.35756983467536,0.7541637472312614,136.0191407080427,STR_Global
H02,2025-03-13,165.57224025897636,0.7625214634505215,126.25238694905602,STR_Global
H02,2025-03-14,173.60803044665474,0.8259977679301768,143.39984564369098,STR_Global
H02,2025-03-15,195.66784116615153,0.6410113526348208,125.42530753305006,STR_Global
H02,2025-03-16,180.0502732294317,0.7057599921754236,127.0722794255866,STR_Global
H02,2025-03-17,186.53493707591943,0.529400600082219,98.7517076242907,STR_Global
H02,2025-03-18,195.92404181766133,0.7341780059017992,143.8431223299113,STR_Global
H02,2025-03-19,178.9589826253625,0.5146904541852271,92.10848004797398,STR_Global
H02,2025-03-20,178.2481221055475,0.6085515273817808,108.47316696026509,STR_Global
H02,2025-03-21,197.25342716191116,0.6513168649575328,128.47448378122502,STR_Global
H02,2025-03-22,179.28852168495698,0.8227808044435554,147.51515409944471,STR_Global
H02,2025-03-23,174.9766690493732,0.7905640383161928,138.33026209478848,STR_Global
H02,2025-03-24,175.49031681128736,0.6433314680975499,112.89844315110965,STR_Global
H02,2025-03-25,197.6915408960912,0.7335246521096677,145.01161876082944,STR_Global
H02,2025-03-26,196.3986374310207,0.5574107560107863,109.47471296991355,STR_Global
H02,2025-03-27,185.67245900824605,0.5207683807822364,96.69234583358046,STR_Global
H02,2025-03-28,174.74470696915242,0.7019646516965088,122.66460736340957,STR_Global
H02,2025-03-29,181.59055755232686,0.7738792028720403,140.52915592768406,STR_Global
H02,2025-03-30,188.58542299869984,0.5878452699331135,110.8590488881211,STR_Global
H02,2025-03-31,175.24746277872433,0.5977428473143465,104.75291738596962,STR_Global
H02,2025-04-01,162.12879160560112,0.749711681928275,121.54984904363401,STR_Global
H02,2025-04-02,185.23150500015424,0.5015204237244315,92.8973828747915,STR_Global
H02,2025-04-03,194.85723637285597,0.6041413664701656,117.72131704889725,STR_Global
H02,2025-04-04,195.85122483339907,0.6362788036334902,124.61598302714887,STR_Global
H02,2025-04-05,164.89212719650155,0.6941427899764703,114.4586812173346,STR_Global
H02,2025-04-06,190.81854448554543,0.6479655719808833,123.64384732213608,STR_Global
H02,2025-04-07,190.3157617091404,0.6478675626964935,123.29940868122742,STR_Global
H02,2025-04-08,170.37828870732196,0.6449237390187357,109.88100300073971,STR_Global
H02,2025-04-09,187.63428317073016,0.8053629331404886,151.11369665209224,STR_Global
H02,2025-04-10,186.98371590201393,0.5311511122939379,99.31660868220837,STR_Global
H02,2025-04-11,171.00204330636552,0.7752285850865943,132.56567207931027,STR_Global
H02,2025-04-12,192.91730092829485,0.6226645708112748,120.12276838458625,STR_Global
H02,2025-04-13,167.11421793995024,0.697975708834676,116.64166472298929,STR_Global
H02,2025-04-14,177.64587553922112,0.8167773447280684,145.09712652481795,STR_Global
H02,2025-04-15,180.75568999137687,0.8245979927689668,149.050779148459,STR_Global
H02,2025-04-16,186.81227050906628,0.7024151859465064,131.21977572671486,STR_Global
H02,2025-04-17,177.67818098831734,0.7873886847095306,139.9017892299731,STR_Global
H02,2025-04-18,175.5701989807058,0.7751639342193746,136.09568617356234,STR_Global
H02,2025-04-19,193.68472872361113,0.7218226638401377,139.80602683243143,STR_Global
H02,2025-04-20,193.2373965516008,0.8351822161831406,161.38843710142632,STR_Global
H02,2025-04-21,191.4675328765981,0.6330844082446866,121.2151097492512,STR_Global
H02,2025-04-22,183.82741010548315,0.7105419772328971,130.61709144595267,STR_Global
H02,2025-04-23,180.11622043390025,0.8165658745484506,147.0767590589693,STR_Global
H02,2025-04-24,179.76601310661422,0.8491298109816635,152.64468073014658,STR_Global
H02,2025-04-25,191.3046024787175,0.6795742980022033,130.005690934065,STR_Global
H02,2025-04-26,187.48885622392487,0.7760036177879648,145.49203072469328,STR_Global
H02,2025-04-27,194.16396475354554,0.8017294300440809,155.6669647969591,STR_Global
H02,2025-04-28,197.12177886920807,0.5456594727929879,107.56136593378801,STR_Global
H02,2025-04-29,193.90954984647826,0.8126326515234814,157.57723164746832,STR_Global
H02,2025-04-30,181.63306267681114,0.7262406078330299,131.90930584098214,STR_Global
H02,2025-05-01,180.19195320009172,0.7609260798734705,137.11275657328966,STR_Global
H02,2025-05-02,179.70520760360844,0.6759239317414374,121.46705047784226,STR_Global
H02,2025-05-03,167.7186969099824,0.5975498002994022,100.22027384503595,STR_Global
H02,2025-05-04,167.51208404779914,0.8405420831471067,140.8009560778503,STR_Global
H02,2025-05-05,183.96642874451913,0.7067063802085047,130.01024893792493,STR_Global
H02,2025-05-06,190.2673032448617,0.7778010990248243,147.99011757234294,STR_Global
H02,2025-05-07,195.76756315654188,0.6010332059364112,117.66280610233522,STR_Global
H02,2025-05-08,164.9603959743816,0.7442289615718833,122.76830419650071,STR_Global
H02,2025-05-09,168.74680636741599,0.6957556552268894,117.40654483160654,STR_Global
H02,2025-05-10,173.7855604841544,0.7103590571210414,123.45014688677563,STR_Global
H02,2025-05-11,173.64994089962656,0.794157353573582,137.90537751305635,STR_Global
H02,2025-05-12,192.15824755041564,0.5362517981360553,103.04520577558363,STR_Global
H02,2025-05-13,185.10391455987642,0.5290245033784041,97.92450647343716,STR_Global
H02,2025-05-14,175.0748110592706,0.8177617101444914,143.16947689505284,STR_Global
H02,2025-05-15,178.41406268767182,0.6752572171504694,120.47538347098667,STR_Global
H02,2025-05-16,189.3442260209007,0.742809454544415,140.64668125171968,STR_Global
H02,2025-05-17,171.59962291677016,0.84049981164862,144.22945074051952,STR_Global
H02,2025-05-18,186.3749509902399,0.6379903824235108,118.90542625642624,STR_Global
H02,2025-05-19,188.24047688846701,0.8478205859687761,159.59415141862195,STR_Global
H02,2025-05-20,173.78101108460942,0.8081919198186349,140.44840897649397,STR_Global
H02,2025-05-21,167.2147017816568,0.594328717426404,99.38049924473073,STR_Global
H02,2025-05-22,177.2867217524505,0.5588747608169735,99.0810742154261,STR_Global
H02,2025-05-23,162.60506207356113,0.507172216407291,82.46876973089314,STR_Global
H02,2025-05-24,195.91712936209458,0.7436121562801963,145.68635901717332,STR_Global
H02,2025-05-25,163.87516464937744,0.5361405833026289,87.86012636393157,STR_Global
H02,2025-05-26,192.2599208430455,0.7181015785675848,138.06215265266988,STR_Global
H02,2025-05-27,178.62373319026605,0.5729262761762001,102.33823029339024,STR_Global
H02,2025-05-28,179.54098417243625,0.5175065873157653,92.91364200239131,STR_Global
H02,2025-05-29,187.0081822654905,0.5880295638867403,109.96633986082841,STR_Global
H02,2025-05-30,163.7801077204565,0.5856763316602986,95.92213268864552,STR_Global
H02,2025-05-31,195.736049781173,0.5034859094215062,98.55034303064708,STR_Global
H02,2025-06-01,170.87320474476252,0.6126463223204621,104.68484046999009,STR_Global
H02,2025-06-02,166.9582188546171,0.582414995953807,97.23897035866663,STR_Global
H02,2025-06-03,181.03067415131832,0.5582909560078304,101.06778813868154,STR_Global
H02,2025-06-04,163.26233816467388,0.6043145944214201,98.66181367227763,STR_Global
H02,2025-06-05,188.6084880169157,0.5092215662678712,96.04350967938882,STR_Global
H02,2025-06-06,177.54238165834258,0.7787050650886822,138.25315186525933,STR_Global
H02,2025-06-07,187.66913242950378,0.6795089108783507,127.52284778265708,STR_Global
H02,2025-06-08,182.01806406689263,0.5425555723367345,98.75491492543733,STR_Global
H02,2025-06-09,185.290081500143,0.6548719597838131,121.3412788005011,STR_Global
H02,2025-06-10,181.59120007609062,0.717097585985295,130.2186112107373,STR_Global
H02,2025-06-11,181.23083610511028,0.747077816199067,135.39353726533682,STR_Global
H02,2025-06-12,177.5617663603741,0.8057458607954144,143.0696582803939,STR_Global
H02,2025-06-13,182.9719381335118,0.767485967298333,140.42839492684905,STR_Global
H02,2025-06-14,163.10819168055505,0.8122392054918784,132.48286801983105,STR_Global
H02,2025-06-15,196.3119990701495,0.7655779499465095,150.29213779802615,STR_Global
H02,2025-06-16,177.4022605425739,0.7088999012745718,125.76044498451651,STR_Global
H02,2025-06-17,182.25554830816714,0.5316114961046756,96.88914470948271,STR_Global
H02,2025-06-18,184.049622255495,0.5365940603528585,98.7599341124859,STR_Global
H02,2025-06-19,194.5934347774474,0.7685474053687769,149.55427940000553,STR_Global
H02,2025-06-20,193.15545858297673,0.8335754690177479,161.009651981643,STR_Global
H02,2025-06-21,177.6740182606085,0.5557490630723104,98.74216918062575,STR_Global
H02,2025-06-22,183.00190436379893,0.7015017568659215,128.3761574210143,STR_Global
H02,2025-06-23,165.77361507386755,0.6784614818719635,112.47101253828865,STR_Global
H02,2025-06-24,196.96670857103732,0.6084176041148155,119.83801291917162,STR_Global
H02,2025-06-25,165.27642504777063,0.8353879102813762,138.0699273394336,STR_Global
H02,2025-06-26,187.38407327900384,0.5163029797302896,96.74695538794862,STR_Global
H02,2025-06-27,195.42679470152748,0.6519248786355931,127.40358941793627,STR_Global
H02,2025-06-28,192.43509126122774,0.7205024974062831,138.6499638423206,STR_Global
H02,2025-06-29,194.6142690910072,0.623993002464669,121.43794209256463,STR_Global
H02,2025-06-30,192.82126141030633,0.7284846783849851,140.46733460427416,STR_Global
H02,2025-07-01,175.63850873462,0.5643049191195031,99.11367446575987,STR_Global
H02,2025-07-02,186.40327017807886,0.5034512549179988,93.84496029197258,STR_Global
H02,2025-07-03,173.55677494588082,0.556366175236238,96.56111906297625,STR_Global
H02,2025-07-04,179.34744182201965,0.8072412587615427,144.77665469206968,STR_Global
H02,2025-07-05,185.0262164856848,0.7077906667679572,130.95982913595526,STR_Global
H02,2025-07-06,174.05001672892746,0.5062557357927105,88.11381928383675,STR_Global
H02,2025-07-07,164.04136744932168,0.7380499950190869,121.07073042889607,STR_Global
H02,2025-07-08,196.1584501848142,0.5737211027960053,112.54024236278687,STR_Global
H02,2025-07-09,195.24184804766605,0.613827416981122,119.84479927371956,STR_Global
H02,2025-07-10,162.87013267680612,0.8370018169650097,136.32259697981894,STR_Global
H02,2025-07-11,194.07085072299503,0.7331675360932509,142.28644745209937,STR_Global
H02,2025-07-12,183.38837279397077,0.8256671571872838,151.41775642599967,STR_Global
H02,2025-07-13,169.63849377240746,0.639022556507414,108.40282397251084,STR_Global
H02,2025-07-14,174.87505978520082,0.5604763781588621,98.01334013872383,STR_Global
H02,2025-07-15,194.49993771952364,0.7151698336046918,139.10048809499463,STR_Global
H02,2025-07-16,187.71653791447937,0.6061794809502044,113.78991351876846,STR_Global
H02,2025-07-17,182.8481137155218,0.6710559441420506,122.70131358396252,STR_Global
H02,2025-07-18,172.95724020346384,0.6418051852059293,111.00485358149052,STR_Global
H02,2025-07-19,186.97023496018366,0.7966491668358733,148.94968190413778,STR_Global
H02,2025-07-20,171.55959065291668,0.7627839834810537,130.86290796261073,STR_Global
H02,2025-07-21,179.1071179004502,0.8130060126615268,145.615163763543,STR_Global
H02,2025-07-22,186.750075340959,0.6017771804776466,112.38193379267038,STR_Global
H02,2025-07-23,197.4111311171812,0.6605824339941624,130.40632549092828,STR_Global
H02,2025-07-24,173.46975736617557,0.6268034014063489,108.73143395825291,STR_Global
H02,2025-07-25,183.60052118930287,0.6738533391343624,123.719824270221,STR_Global
H02,2025-07-26,171.88733494326559,0.6893298260017244,118.4870666883414,STR_Global
H02,2025-07-27,187.733184916726,0.7913849220773337,148.56921191665288,STR_Global
H02,2025-07-28,187.63625002802885,0.6793661464418309,127.47371611433785,STR_Global
H02,2025-07-29,171.32541156433854,0.7280212037353645,124.72853235752648,STR_Global
H02,2025-07-30,178.62401360809764,0.644715642442689,115.16169568903629,STR_Global
H02,2025-07-31,164.64781724314605,0.7546983314425332,124.25943294905747,STR_Global
H02,2025-08-01,177.73647385464045,0.7619976514587694,135.434775655799,STR_Global
H02,2025-08-02,196.22565899990505,0.6986200572242587,137.08718111938154,STR_Global
H02,2025-08-03,174.70358461815604,0.5052041410209319,88.26097440029322,STR_Global
H02,2025-08-04,165.7444483542629,0.8236217871591961,136.51073876525308,STR_Global
H02,2025-08-05,192.4819916542824,0.5791347177693422,111.47300391238373,STR_Global
H02,2025-08-06,163.39019780204103,0.8471627190999258,138.4180842442518,STR_Global
H02,2025-08-07,191.19981744720576,0.5786235717501882,110.63272128928615,STR_Global
H02,2025-08-08,163.16856510344195,0.5250079832132978,85.66479928876574,STR_Global
H02,2025-08-09,166.787949134687,0.5466732023637647,91.17850226914405,STR_Global
H02,2025-08-10,171.49231650943761,0.5174327571541977,88.73574216223864,STR_Global
H02,2025-08-11,191.97990112418458,0.6291076820807464,120.77603060232664,STR_Global
H02,2025-08-12,165.38075873391708,0.75474195690278,124.8197974809031,STR_Global
H02,2025-08-13,188.9911036330934,0.6108615141401023,115.44739172432041,STR_Global
H02,2025-08-14,170.73277930432573,0.8142591822175687,139.0207332540729,STR_Global
H02,2025-08-15,182.82536495031093,0.8325632487863146,152.21367980357448,STR_Global
H02,2025-08-16,173.84678700804116,0.832360751461771,144.7032422732276,STR_Global
H02,2025-08-17,171.6424171401209,0.848897110750797,145.7067519925317,STR_Global
H02,2025-08-18,188.32874298398562,0.5579392781880805,105.07600292255347,STR_Global
H02,2025-08-19,181.90189281932638,0.8433172954015453,153.4010122808161,STR_Global
H02,2025-08-20,167.23139242811854,0.7113572963684307,118.96127118559446,STR_Global
H02,2025-08-21,179.35536667660972,0.7997988687714646,143.44821937604368,STR_Global
H02,2025-08-22,179.71481471528327,0.5507887574185618,98.98489948673794,STR_Global
H02,2025-08-23,163.60117879691376,0.7139610854685785,116.80487519778353,STR_Global
H02,2025-08-24,185.63297463108597,0.5276952513161393,97.95763920051341,STR_Global
H02,2025-08-25,168.28918668805613,0.7911608223148553,133.1438113268207,STR_Global
H02,2025-08-26,188.0152992741985,0.5915225163046668,111.2152829304489,STR_Global
H02,2025-08-27,172.25536344607715,0.753613217755911,129.81391872231214,STR_Global
H02,2025-08-28,172.19920807345855,0.5107119237179165,87.9441888178978,STR_Global
H02,2025-08-29,168.69722620936602,0.5157708536719039,87.009112374087,STR_Global
H02,2025-08-30,170.1673385879338,0.7467620827921664,127.07451618712524,STR_Global
H02,2025-08-31,183.15222379739276,0.7207729065867261,132.01116069426934,STR_Global
H02,2025-09-01,183.50457483520273,0.6688580146333911,122.73850560041825,STR_Global
H02,2025-09-02,177.61308959185055,0.744409663379196,132.21690023480846,STR_Global
H02,2025-09-03,162.20893567834588,0.5748768239803665,93.25015776400305,STR_Global
H02,2025-09-04,190.58985751815396,0.7621211741674818,145.25256599614855,STR_Global
H02,2025-09-05,180.08650056528458,0.8356653989049927,150.49205733229275,STR_Global
H02,2025-09-06,186.09592243329863,0.6262617107693232,116.54475075027288,STR_Global
H02,2025-09-07,194.3093838526353,0.5812930040291339,112.95068545074845,STR_Global
H02,2025-09-08,177.59702673704703,0.678179157341483,120.44260193888339,STR_Global
H02,2025-09-09,186.17997805954096,0.7475437715332537,139.17768298260768,STR_Global
H02,2025-09-10,171.08752298767345,0.7350103109551265,125.75109347171221,STR_Global
H02,2025-09-11,185.212569688587,0.744723037138082,137.93206741463317,STR_Global
H02,2025-09-12,196.09809090140735,0.6839901195718271,134.12915664346062,STR_Global
H02,2025-09-13,164.30080755416907,0.730259377367786,119.98220542553193,STR_Global
H02,2025-09-14,181.41765544901315,0.6053332967440559,109.81814746052837,STR_Global
H02,2025-09-15,174.82976749723585,0.6124343072260054,107.07174753965324,STR_Global
H02,2025-09-16,196.15909845221267,0.589113265253357,115.55992699833774,STR_Global
H02,2025-09-17,188.00094881103334,0.5545654352389814,104.25882800273216,STR_Global
H02,2025-09-18,166.8499360232639,0.7332645686187967,122.34514636217243,STR_Global
H02,2025-09-19,191.3983381473169,0.5373647156730446,102.85071355882619,STR_Global
H02,2025-09-20,174.34855715402148,0.6775213778687365,118.12487467241878,STR_Global
H02,2025-09-21,196.89266187132841,0.5372566560915878,105.78189312596157,STR_Global
H02,2025-09-22,196.62000379856985,0.520956119352485,102.43039416597381,STR_Global
H02,2025-09-23,163.57557049913947,0.7788298572468999,127.39753822092501,STR_Global
H02,2025-09-24,189.7907196365958,0.6393734874412983,121.34715429804396,STR_Global
H02,2025-09-25,190.76664310150306,0.640591698996565,122.20352801626319,STR_Global
H02,2025-09-26,165.49792855077476,0.6925135593495113,114.60955956566814,STR_Global
H02,2025-09-27,186.30167840243715,0.736949861878025,137.2949961663203,STR_Global
H02,2025-09-28,175.49872376668307,0.6753392556506039,118.5211774762227,STR_Global
H02,2025-09-29,172.1012477750773,0.7777569190208132,133.8529362291817,STR_Global
H02,2025-09-30,166.83951898208645,0.7480550029667148,124.80513686710995,STR_Global
H02,2025-10-01,196.18334773609146,0.7121383599485406,139.7096875059944,STR_Global
H02,2025-10-02,180.23404323732933,0.5378510798180195,96.9390747751652,STR_Global
H02,2025-10-03,163.39265849725888,0.8393342831634023,137.14105989395938,STR_Global
H02,2025-10-04,175.2703434899384,0.6837858393497854,119.84737893639273,STR_Global
H02,2025-10-05,183.06793185807442,0.7177584234607627,131.39855015667382,STR_Global
H02,2025-10-06,172.94796026434213,0.8185775954936092,141.57132545870945,STR_Global
H02,2025-10-07,165.60834761434631,0.6903168595715294,114.32223444396574,STR_Global
H02,2025-10-08,182.01025755660595,0.6525441291054541,118.76972500553482,STR_Global
H02,2025-10-09,183.34758559617038,0.5737027166767301,105.18700795264226,STR_Global
H02,2025-10-10,170.44015855708943,0.7256935086070687,123.68731667083934,STR_Global
H02,2025-10-11,168.30728506526546,0.5899142321155971,99.28686282873699,STR_Global
H02,2025-10-12,179.3354201170767,0.7949755361398751,142.5672717564428,STR_Global
H02,2025-10-13,179.80624854396117,0.6059616496649314,108.95569098776139,STR_Global
H02,2025-10-14,190.8129835316375,0.8345407903890465,159.2412180929849,STR_Global
H02,2025-10-15,190.5180889042067,0.6883680300895411,131.14656155541283,STR_Global
H02,2025-10-16,167.7734724660002,0.6049908678540864,101.50141871009912,STR_Global
H02,2025-10-17,167.53026792615665,0.8252990107592799,138.2625643916942,STR_Global
H02,2025-10-18,191.0483765251088,0.6517621116933372,124.5180933195887,STR_Global
H02,2025-10-19,184.318786492662,0.5888695236345098,108.5397159988248,STR_Global
H02,2025-10-20,164.93363918313395,0.5210771275558327,85.94314694287758,STR_Global
H02,2025-10-21,196.9551788972093,0.6627932597017229,130.54056503641732,STR_Global
H02,2025-10-22,179.31667607281665,0.503525781697631,90.29056949098587,STR_Global
H02,2025-10-23,195.23551809139886,0.5373498509978191,104.90977655589519,STR_Global
H02,2025-10-24,171.21530731834793,0.5805300679470007,99.39563399108712,STR_Global
H02,2025-10-25,183.04639232088076,0.6038511080526643,110.53276682800654,STR_Global
H02,2025-10-26,164.01888609349214,0.8392394123018883,137.6511135715127,STR_Global
H02,2025-10-27,179.30667284675002,0.8004083041774668,143.518549940971,STR_Global
H02,2025-10-28,173.6556831240468,0.5849805249391963,101.58519267257962,STR_Global
H02,2025-10-29,186.48570768331967,0.6188228702709799,115.40162089310681,STR_Global
H02,2025-10-30,170.0107575903881,0.825190723441964,140.29130004892872,STR_Global
H02,2025-10-31,181.68898654016,0.5911945880952572,107.41354555905461,STR_Global
H02,2025-11-01,196.04992216017132,0.5114184774922331,100.26355270362563,STR_Global
H02,2025-11-02,182.05437357662103,0.7458386498891494,135.78318819480185,STR_Global
H02,2025-11-03,180.85220639996348,0.6102695892615291,110.368601716747,STR_Global
H02,2025-11-04,194.09238232402942,0.6238670391899006,121.08783988980643,STR_Global
H02,2025-11-05,182.76874327161903,0.5523280238322437,100.94829878951602,STR_Global
H02,2025-11-06,176.0658279211665,0.5681167390135978,100.02594401030237,STR_Global
H02,2025-11-07,195.21653162423803,0.5555652702892292,108.45552515674567,STR_Global
H02,2025-11-08,193.8178556451175,0.8128329901258207,157.54154714379553,STR_Global
H02,2025-11-09,171.10112080673937,0.7464994944577464,127.72690018338474,STR_Global
H02,2025-11-10,172.8081163529157,0.6963919096257102,120.34217414582888,STR_Global
H02,2025-11-11,194.6195081871762,0.7414610562834412,144.3027861138275,STR_Global
H02,2025-11-12,171.13425118045623,0.699977389384205,119.79010637551654,STR_Global
H02,2025-11-13,186.80240844616213,0.5245830570543184,97.99337848779716,STR_Global
H02,2025-11-14,192.08493313893695,0.7087348964411302,136.1372951961259,STR_Global
H02,2025-11-15,180.64243123872862,0.7635300106892731,137.92591745464273,STR_Global
H02,2025-11-16,195.03064686778455,0.7058368193846992,137.6598114676975,STR_Global
H02,2025-11-17,170.00470869157132,0.677087947057001,115.10813919799953,STR_Global
H02,2025-11-18,193.30884724534366,0.549204690937114,106.16612570678875,STR_Global
H02,2025-11-19,165.31550740045884,0.8477724069725296,140.14992561877202,STR_Global
H02,2025-11-20,176.22914759168106,0.8070055114931487,142.21789339222616,STR_Global
H02,2025-11-21,180.7856360981983,0.8012281605856659,144.85054267126898,STR_Global
H02,2025-11-22,163.1182196312292,0.8122105403934233,132.4863373146938,STR_Global
H02,2025-11-23,185.97057712560462,0.5176820793353172,96.27363506157198,STR_Global
H02,2025-11-24,163.22296756798622,0.7471745450877729,121.95604654048641,STR_Global
H02,2025-11-25,165.3643408560796,0.6630803828254946,109.64985044053483,STR_Global
H02,2025-11-26,168.87415891951596,0.6712515551263168,113.35704179537386,STR_Global
H02,2025-11-27,165.0826523062273,0.6462993909039381,106.69281763432129,STR_Global
H02,2025-11-28,184.6964987007273,0.5935653419269369,109.62944040400525,STR_Global
H02,2025-11-29,196.86352593212894,0.5241455578905382,103.18514262799415,STR_Global
H02,2025-11-30,166.4041887346371,0.5907289205008054,98.29976677802446,STR_Global
H02,2025-12-01,163.45001385847397,0.7495598708011838,122.51557127020945,STR_Global
H02,2025-12-02,168.00617643915004,0.6422130611459527,107.89576086241358,STR_Global
H02,2025-12-03,185.566373848694,0.54668343282321,101.44606227215918,STR_Global
H02,2025-12-04,174.4690861119058,0.8458712224544409,147.5783791499869,STR_Global
H02,2025-12-05,168.0135041281735,0.8280007383852926,139.11530547682807,STR_Global
H02,2025-12-06,165.2031192912962,0.7642425566022071,126.2552542458396,STR_Global
H02,2025-12-07,163.20250823678765,0.7845867664887953,128.0465282203622,STR_Global
H02,2025-12-08,174.05076714477704,0.5171944128621483,90.01808432164945,STR_Global
H02,2025-12-09,171.63600335169994,0.6863217047841201,117.79751442267165,STR_Global
H02,2025-12-10,177.97374968832864,0.8372423597867977,149.00716216916112,STR_Global
H02,2025-12-11,181.7212170500929,0.5046439893013063,91.70451991284743,STR_Global
H02,2025-12-12,164.20218318597398,0.5759301288925676,94.56898452673899,STR_Global
H02,2025-12-13,180.22937114722546,0.6546468305108499,117.98658658649478,STR_Global
H02,2025-12-14,178.92845854593415,0.653990818464833,117.0175690511064,STR_Global
H02,2025-12-15,189.6822168177383,0.5368346643271783,101.82798919418559,STR_Global
H02,2025-12-16,188.44086189151162,0.7595812833167113,143.13615170486153,STR_Global
H02,2025-12-17,181.31864055486494,0.573990064596315,104.07509820460294,STR_Global
H02,2025-12-18,188.32842342666976,0.7891942024519034,148.627699925235,STR_Global
H02,2025-12-19,163.65762576161634,0.5251812257338041,85.94991249816987,STR_Global
H02,2025-12-20,173.47230553438317,0.8392610211442678,145.58854428303684,STR_Global
H02,2025-12-21,162.86802621575032,0.7219269714229979,117.57882090757805,STR_Global
H02,2025-12-22,178.8051926161461,0.6818050561440512,121.91028439049937,STR_Global
H02,2025-12-23,177.24330833928607,0.8335768062753074,147.74591089913164,STR_Global
H02,2025-12-24,176.51737516400954,0.7854982445007255,138.65408831520546,STR_Global
H02,2025-12-25,188.85895763662415,0.6537561453147989,123.4677041526903,STR_Global
H02,2025-12-26,184.83220795729014,0.629872657181236,116.42075395873313,STR_Global
H02,2025-12-27,192.079278045654,0.752861458618634,144.60908543986523,STR_Global
H02,2025-12-28,192.64615963979514,0.6567798460120076,126.52611506302928,STR_Global
H02,2025-12-29,173.6631398362154,0.6008523211616812,104.34590067081565,STR_Global
H02,2025-12-30,167.8402645594739,0.6971193323568564,117.00469317229859,STR_Global
H02,2025-12-31,186.7742797220015,0.8149941469075289,152.21994476630078,STR_Global
H03,2021-01-01,323.1481995816022,0.5425427662558187,175.32171811158986,STR_Global
H03,2021-01-02,358.40221253747643,0.5295022659530947,189.7747836611964,STR_Global
H03,2021-01-03,315.9959756610416,0.5559870211136789,175.68966119169312,STR_Global
H03,2021-01-04,326.3415691455108,0.7843036193982184,255.95087384091806,STR_Global
H03,2021-01-05,331.7716418075774,0.6517407931050758,216.22911296144363,STR_Global
H03,2021-01-06,367.9818525357125,0.5624694260214796,206.97854138208297,STR_Global
H03,2021-01-07,320.0312677596037,0.83569582652477,267.448794824132,STR_Global
H03,2021-01-08,315.83331281934954,0.8157680015428325,257.646710419293,STR_Global
H03,2021-01-09,355.6232533180536,0.622502437508738,221.3763420252758,STR_Global
H03,2021-01-10,358.8153125794095,0.5227147260311037,187.5580478107109,STR_Global
H03,2021-01-11,329.737740278649,0.7178699385471804,236.7088113505199,STR_Global
H03,2021-01-12,356.5178944827309,0.6965884862776136,248.3462604486075,STR_Global
H03,2021-01-13,334.15904406420174,0.5980186219657948,199.83333104868123,STR_Global
H03,2021-01-14,328.9608235909254,0.6138917368153555,201.94633133844295,STR_Global
H03,2021-01-15,341.78121765696443,0.6991734493847314,238.96435288413346,STR_Global
H03,2021-01-16,352.48208162715395,0.5831649700681248,205.55520258164958,STR_Global
H03,2021-01-17,357.53365031187576,0.7240316388051595,258.8656747632982,STR_Global
H03,2021-01-18,358.514070463025,0.5723613260090837,205.19958876313106,STR_Global
H03,2021-01-19,373.46718834166023,0.592813306295613,221.396318713746,STR_Global
H03,2021-01-20,380.87982346020885,0.670821054694382,255.50220488538733,STR_Global
H03,2021-01-21,357.4520442880482,0.6363691060753036,227.47143788837508,STR_Global
H03,2021-01-22,379.08310913014606,0.8155786853494468,309.1721037825454,STR_Global
H03,2021-01-23,316.7366531029796,0.5799157928076586,183.68058729545874,STR_Global
H03,2021-01-24,364.7271353206809,0.5495420978457382,200.43291508539338,STR_Global
H03,2021-01-25,373.5615645391666,0.5153900745675092,192.52992260339647,STR_Global
H03,2021-01-26,361.755361481902,0.6512794764218648,235.60384241873558,STR_Global
H03,2021-01-27,319.59395967350184,0.6544507309799802,209.1585005251096,STR_Global
H03,2021-01-28,379.06234360306183,0.7676967626269942,291.00493401787185,STR_Global
H03,2021-01-29,364.1838974426557,0.6482550394076776,236.08404678833037,STR_Global
H03,2021-01-30,342.57192444591317,0.7227647479925339,247.5989106414678,STR_Global
H03,2021-01-31,373.42679652527937,0.730157841285357,272.6605036290042,STR_Global
H03,2021-02-01,347.29808335779035,0.5108831176800696,177.42872759014062,STR_Global
H03,2021-02-02,361.9671230730487,0.6903294731816128,249.87657338008168,STR_Global
H03,2021-02-03,356.1815438566414,0.6757044185399126,240.67344298630024,STR_Global
H03,2021-02-04,330.97244019904196,0.7339278293066516,242.90988459560842,STR_Global
H03,2021-02-05,339.36492596027983,0.836964371598514,284.0363519989218,STR_Global
H03,2021-02-06,382.96827309020426,0.7084882225380903,271.32851109016076,STR_Global
H03,2021-02-07,337.99563380365043,0.8156095866142247,275.67247916400817,STR_Global
H03,2021-02-08,373.0436598711157,0.6280987429014775,234.30825381241414,STR_Global
H03,2021-02-09,372.47505561399134,0.5119155771700926,190.67578307609872,STR_Global
H03,2021-02-10,332.5624663447696,0.6183502383784687,205.64008034001975,STR_Global
H03,2021-02-11,337.66956205899027,0.5728173418787851,193.42298097200427,STR_Global
H03,2021-02-12,352.30232298741197,0.8085405576420761,284.8507166868409,STR_Global
H03,2021-02-13,361.50477668615713,0.7670712113170646,277.29990694955546,STR_Global
H03,2021-02-14,345.5392958947697,0.8033760093525846,277.597980610442,STR_Global
H03,2021-02-15,368.58838478695213,0.5856144345243338,215.85067852924854,STR_Global
H03,2021-02-16,363.5958771229193,0.5515775407542189,200.55131973183302,STR_Global
H03,2021-02-17,330.5603737680688,0.7218062017701729,238.60052784525843,STR_Global
H03,2021-02-18,318.31790045518153,0.7152943038926091,227.6909810226459,STR_Global
H03,2021-02-19,378.32592436861813,0.5789529804563833,219.03292149712772,STR_Global
H03,2021-02-20,374.7201721591014,0.5783784516583934,216.7300729785477,STR_Global
H03,2021-02-21,373.39945293388195,0.6073096767837064,226.76910107248864,STR_Global
H03,2021-02-22,339.33659695312065,0.6435573192307231,218.38255065202668,STR_Global
H03,2021-02-23,365.7178471842687,0.5136135342863891,187.8376360439218,STR_Global
H03,2021-02-24,335.69193874894154,0.59882812364322,201.0217738031834,STR_Global
H03,2021-02-25,319.75483429559785,0.7479673885978924,239.1661883996301,STR_Global
H03,2021-02-26,347.54096511080405,0.6781066879932671,235.66985279327093,STR_Global
H03,2021-02-27,366.18496739973966,0.7934029409502672,290.5322300667312,STR_Global
H03,2021-02-28,359.7951481215367,0.5457270910938269,196.34995957403882,STR_Global
H03,2021-03-01,315.9261895435533,0.8012106124511017,253.12341581353317,STR_Global
H03,2021-03-02,364.48109918804073,0.5066841794611215,184.67680667118006,STR_Global
H03,2021-03-03,368.62852259415916,0.5519217520216404,203.45410003531717,STR_Global
H03,2021-03-04,333.33504713937606,0.7892395708106217,263.0812095404195,STR_Global
H03,2021-03-05,338.78789172714147,0.8232912693576546,278.92111342304196,STR_Global
H03,2021-03-06,326.0327944344008,0.6620913118826577,215.86348058384127,STR_Global
H03,2021-03-07,379.1812380246674,0.7600506714823319,288.19695457415037,STR_Global
H03,2021-03-08,365.3312008158355,0.678506782904811,247.879697760304,STR_Global
H03,2021-03-09,323.07992924929874,0.6727210498084221,217.34266917661898,STR_Global
H03,2021-03-10,356.7648983775615,0.7948673133705477,283.5807562782888,STR_Global
H03,2021-03-11,382.5036437747704,0.5648438077534056,216.05481462929356,STR_Global
H03,2021-03-12,316.3210578213424,0.7287724329512051,230.5260669021585,STR_Global
H03,2021-03-13,382.75786118641787,0.7737119944597216,296.1443481736806,STR_Global
H03,2021-03-14,340.26066213860963,0.5130132572294427,174.55823059077503,STR_Global
H03,2021-03-15,367.6730410537617,0.5673305822918642,208.59216047405113,STR_Global
H03,2021-03-16,383.69639730283365,0.6468853022550439,248.20755994341496,STR_Global
H03,2021-03-17,380.30737839969555,0.8226045971858731,312.842597815297,STR_Global
H03,2021-03-18,345.3152153601196,0.7793774135558047,269.1308794088357,STR_Global
H03,2021-03-19,376.8082849881628,0.5667640154101423,213.56137663970043,STR_Global
H03,2021-03-20,341.84239841833846,0.8039619026316147,274.8282650325619,STR_Global
H03,2021-03-21,316.29837370070857,0.6332055182142184,200.2818756294717,STR_Global
H03,2021-03-22,336.9326662503754,0.6224203599132774,209.71375139409884,STR_Global
H03,2021-03-23,383.6590357756729,0.6526874690984357,250.40944505717013,STR_Global
H03,2021-03-24,336.8155770426756,0.7148635447727697,240.777177339413,STR_Global
H03,2021-03-25,332.7718807672748,0.7757526518549404,258.14866896796946,STR_Global
H03,2021-03-26,337.59701483996906,0.7407944075332844,250.08998059338032,STR_Global
H03,2021-03-27,346.67951524049084,0.5515458329744144,191.20964200848272,STR_Global
H03,2021-03-28,373.76966945327956,0.6474169829388867,241.9848317115072,STR_Global
H03,2021-03-29,355.67743712885283,0.5671568495858249,201.72489471076048,STR_Global
H03,2021-03-30,323.37413076612495,0.6395244673187344,206.8056687228648,STR_Global
H03,2021-03-31,321.91383359791257,0.5254668316838695,169.1550422159035,STR_Global
H03,2021-04-01,379.78810281035567,0.6068835186889623,230.487140189754,STR_Global
H03,2021-04-02,352.11732684563697,0.7652503427252351,269.4579050481173,STR_Global
H03,2021-04-03,380.93334809868304,0.5910405940553897,225.14707235575418,STR_Global
H03,2021-04-04,340.553198543328,0.7909634249498374,269.36512429745267,STR_Global
H03,2021-04-05,315.5431753836197,0.735799076702297,232.17637710697838,STR_Global
H03,2021-04-06,358.9162853104754,0.5674806659332607,203.6780526022808,STR_Global
H03,2021-04-07,359.43853091854527,0.8370338837513654,300.8622295046352,STR_Global
H03,2021-04-08,338.2595349274398,0.6491810103926675,219.59166665914918,STR_Global
H03,2021-04-09,353.15058910067586,0.6036895136608744,213.1933073832383,STR_Global
H03,2021-04-10,348.8949146031854,0.6553708443162889,228.65555476114912,STR_Global
H03,2021-04-11,344.02340436775347,0.8136099278637476,279.9008572110888,STR_Global
H03,2021-04-12,327.19950749509525,0.8016208439262741,262.2899453304795,STR_Global
H03,2021-04-13,342.9654532682395,0.5087398151519459,174.4801812991875,STR_Global
H03,2021-04-14,331.1385454349257,0.6275017641357526,207.79002143376294,STR_Global
H03,2021-04-15,324.98200376807836,0.6963347748240012,226.29627041569756,STR_Global
H03,2021-04-16,342.4716319407956,0.6117398468367639,209.50354366939885,STR_Global
H03,2021-04-17,362.833539689615,0.8259936147275709,299.6981869926247,STR_Global
H03,2021-04-18,374.4000686707432,0.7257609670931826,271.7249559182326,STR_Global
H03,2021-04-19,325.80904610379946,0.7904851282046638,257.5472055796011,STR_Global
H03,2021-04-20,330.60821416069876,0.6891029849353282,227.82310722227575,STR_Global
H03,2021-04-21,369.84892116496985,0.8457975473563158,312.8173104137109,STR_Global
H03,2021-04-22,344.24681080310506,0.540307369166584,185.99908868901247,STR_Global
H03,2021-04-23,352.9543072103521,0.5248503778268866,185.24820149498032,STR_Global
H03,2021-04-24,332.4776271586358,0.7364599538609438,244.856457957045,STR_Global
H03,2021-04-25,365.6040537046055,0.8301319991714391,303.4996240069864,STR_Global
H03,2021-04-26,370.92113178288173,0.8388553581796308,311.14917885812326,STR_Global
H03,2021-04-27,382.559849051638,0.6216722804416704,237.82685376535304,STR_Global
H03,2021-04-28,347.10234157706395,0.5390731058624149,187.1135373260647,STR_Global
H03,2021-04-29,337.67337215942416,0.8491418775884344,286.7326012470716,STR_Global
H03,2021-04-30,339.86870526401333,0.8078882466274278,274.57593237927773,STR_Global
H03,2021-05-01,349.19085646994506,0.8321275562505264,290.57133405936366,STR_Global
H03,2021-05-02,315.24756365922576,0.7174200506114637,226.1649230755424,STR_Global
H03,2021-05-03,366.8025161488924,0.6335510357389312,232.38811401777681,STR_Global
H03,2021-05-04,324.8741859644608,0.6314770574225503,205.15059498538412,STR_Global
H03,2021-05-05,363.0098144681045,0.7990978091294341,290.0803474339446,STR_Global
H03,2021-05-06,319.8635989418473,0.5756815130368469,184.1395606042538,STR_Global
H03,2021-05-07,322.7405430948062,0.7647671875941443,246.82137746522164,STR_Global
H03,2021-05-08,363.2978308499208,0.6944281424384191,252.28423782901748,STR_Global
H03,2021-05-09,369.81690733751054,0.5417902247267098,200.36318533412665,STR_Global
H03,2021-05-10,339.699088286145,0.5785283896923329,196.52556652613708,STR_Global
H03,2021-05-11,367.05125845648587,0.6913754936898993,253.77024502485173,STR_Global
H03,2021-05-12,322.1377858274047,0.6582100007126399,212.03431223902427,STR_Global
H03,2021-05-13,336.11176252121464,0.6617893349954351,222.43517980305825,STR_Global
H03,2021-05-14,323.52364643196955,0.5150507579056002,166.63109929516935,STR_Global
H03,2021-05-15,364.8438173583859,0.6982090675316865,254.73726151249954,STR_Global
H03,2021-05-16,368.2742268777233,0.6623420200325183,243.9234953561052,STR_Global
H03,2021-05-17,338.63593181606575,0.5779620695957963,195.71872399191435,STR_Global
H03,2021-05-18,338.4869383944929,0.6109099432602948,206.78503632893054,STR_Global
H03,2021-05-19,320.9249825048576,0.5429939925999865,174.26033757539344,STR_Global
H03,2021-05-20,339.0594964494933,0.5388346913620179,182.6970191227239,STR_Global
H03,2021-05-21,377.1606192201847,0.5658514245232931,213.4168736598288,STR_Global
H03,2021-05-22,365.6946881569352,0.6821844894832072,249.47124414705948,STR_Global
H03,2021-05-23,378.30329932727784,0.5128722274565815,194.02125578015486,STR_Global
H03,2021-05-24,355.0317811786277,0.831778071232878,295.3076501751321,STR_Global
H03,2021-05-25,350.1140866246166,0.6734336181591456,235.7785961241001,STR_Global
H03,2021-05-26,366.79060596800423,0.6244109481594485,229.0280700484602,STR_Global
H03,2021-05-27,338.4576902025861,0.5854805409533544,198.16039154963295,STR_Global
H03,2021-05-28,351.98464857858653,0.6839423845525803,240.73721987474045,STR_Global
H03,2021-05-29,335.60252209618653,0.6176558827447846,207.28687203669617,STR_Global
H03,2021-05-30,351.0485867453841,0.7789456791656448,273.447779822523,STR_Global
H03,2021-05-31,360.9359593286165,0.5752750150127683,207.6374394214178,STR_Global
H03,2021-06-01,381.49685065325434,0.7927656170830899,302.43758622338254,STR_Global
H03,2021-06-02,370.2080500461997,0.632140898048445,234.02364922096834,STR_Global
H03,2021-06-03,317.33752434061006,0.5584850307179718,177.22825702933073,STR_Global
H03,2021-06-04,331.72906114289736,0.8162457562940486,270.77243839729897,STR_Global
H03,2021-06-05,316.7502878995415,0.8394372748343641,265.8919984773914,STR_Global
H03,2021-06-06,317.6241569808762,0.6124794845093047,194.53827993534952,STR_Global
H03,2021-06-07,372.33911550927013,0.6026746279978956,224.39933792861487,STR_Global
H03,2021-06-08,357.1295925832463,0.776913933586127,277.4589565738608,STR_Global
H03,2021-06-09,334.39319173983955,0.6604319636985312,220.8439522681617,STR_Global
H03,2021-06-10,355.86279321481493,0.6575099792065405,233.9833377670544,STR_Global
H03,2021-06-11,325.15626126473967,0.5271584536916522,171.408871896479,STR_Global
H03,2021-06-12,374.9510131251801,0.5078723153724392,190.42723918712704,STR_Global
H03,2021-06-13,373.51891143654325,0.7688302894577006,287.17265279768276,STR_Global
H03,2021-06-14,350.32497063613397,0.7878578818395232,276.00628932087767,STR_Global
H03,2021-06-15,316.6924630627919,0.8103053103711202,256.6175845742901,STR_Global
H03,2021-06-16,362.48520628480316,0.6842395785528457,248.02672477995503,STR_Global
H03,2021-06-17,341.6886003362333,0.5882497912326283,200.99824781435822,STR_Global
H03,2021-06-18,368.34759266882065,0.8329011809918947,306.7971449493821,STR_Global
H03,2021-06-19,326.7964414500632,0.5190281624540644,169.61655650235352,STR_Global
H03,2021-06-20,341.6486874974141,0.7848390650345465,268.1392364657504,STR_Global
H03,2021-06-21,378.9657381598641,0.8121317101297858,307.77009301236706,STR_Global
H03,2021-06-22,336.37873716800607,0.5152582226274081,173.32191024283884,STR_Global
H03,2021-06-23,320.392239998888,0.8328892703416932,266.8512589958145,STR_Global
H03,2021-06-24,367.3701688372199,0.8094515245450027,297.3683432376427,STR_Global
H03,2021-06-25,330.38604983733467,0.5129126511187688,169.459184714725,STR_Global
H03,2021-06-26,352.3871183060106,0.7159094251882382,252.27725931019575,STR_Global
H03,2021-06-27,331.57586242172835,0.5574843735281041,184.84836193921805,STR_Global
H03,2021-06-28,381.33217511254054,0.5949122249989212,226.85917275987973,STR_Global
H03,2021-06-29,366.04864840856436,0.520578605790623,190.55709504007237,STR_Global
H03,2021-06-30,334.57160593662627,0.7287211262203867,243.80939747950168,STR_Global
H03,2021-07-01,379.9606119242188,0.7702533766826126,292.6659443410213,STR_Global
H03,2021-07-02,347.4986494200158,0.6171999328496434,214.4761430873755,STR_Global
H03,2021-07-03,353.61586741533193,0.8395657035071954,296.8837544978603,STR_Global
H03,2021-07-04,353.9869290902515,0.8445635805824157,298.96446831183647,STR_Global
H03,2021-07-05,341.7480405156663,0.6164696911172131,210.67730897660562,STR_Global
H03,2021-07-06,332.91180202313427,0.5244250244001627,174.58727989908434,STR_Global
H03,2021-07-07,352.58308893642953,0.5055626875990012,178.252854044659,STR_Global
H03,2021-07-08,333.8109228625354,0.6343787280630406,211.76254865908498,STR_Global
H03,2021-07-09,351.3030522144734,0.5471307064845599,192.20868714828705,STR_Global
H03,2021-07-10,367.7281677017073,0.5575042943833654,205.0100326594282,STR_Global
H03,2021-07-11,316.31490282610275,0.5209743268806593,164.79194358215003,STR_Global
H03,2021-07-12,367.159292394888,0.5673854704033487,208.32084782843418,STR_Global
H03,2021-07-13,364.7101526317553,0.5363558265975836,195.614415383336,STR_Global
H03,2021-07-14,348.26592269012184,0.6073704629734913,211.52643470218942,STR_Global
H03,2021-07-15,358.6402255410353,0.7480026937727497,268.26385479996094,STR_Global
H03,2021-07-16,335.48289091964256,0.74991901572941,251.58499935251535,STR_Global
H03,2021-07-17,336.5223521123469,0.653299211763444,219.84978737577637,STR_Global
H03,2021-07-18,326.35908007913525,0.5134076133938815,167.55523641285149,STR_Global
H03,2021-07-19,377.0774467140466,0.5211969951944218,196.53163218294574,STR_Global
H03,2021-07-20,345.0524029997924,0.5128394018880899,176.95646797446167,STR_Global
H03,2021-07-21,380.5109904375121,0.7040850996207799,267.91211860899733,STR_Global
H03,2021-07-22,320.92390368640633,0.6164266723669511,197.82605403242337,STR_Global
H03,2021-07-23,322.8260259863756,0.742996161252552,239.85849806029367,STR_Global
H03,2021-07-24,345.2201819518628,0.5870421333148973,202.65879207637855,STR_Global
H03,2021-07-25,318.65295404577324,0.5899450782488234,187.9877419087524,STR_Global
H03,2021-07-26,315.5844816259639,0.5077558374405825,160.23986275124344,STR_Global
H03,2021-07-27,330.485505992761,0.5838210500995454,192.94439515137333,STR_Global
H03,2021-07-28,317.97351366422606,0.5683456666365063,180.7188685962468,STR_Global
H03,2021-07-29,330.3485991114806,0.6344402189353192,209.58643754526375,STR_Global
H03,2021-07-30,364.3083880913803,0.8413529180005161,306.5119253727473,STR_Global
H03,2021-07-31,366.24688588758846,0.533139881154773,195.2608212154146,STR_Global
H03,2021-08-01,330.99054071985125,0.7309107564423213,241.92454649279944,STR_Global
H03,2021-08-02,361.9141140538439,0.7961967591343688,288.15484469465684,STR_Global
H03,2021-08-03,346.4710619378245,0.7055810400440331,244.46341222725084,STR_Global
H03,2021-08-04,362.1212512946185,0.5237740350282067,189.66970896004557,STR_Global
H03,2021-08-05,340.453942413981,0.5619974091775509,191.33423358094043,STR_Global
H03,2021-08-06,384.63691205126406,0.8476097763594164,326.02200700334845,STR_Global
H03,2021-08-07,318.62218357683713,0.7540890727649215,240.26950697579173,STR_Global
H03,2021-08-08,382.5839959905554,0.5368668629857375,205.39666975599746,STR_Global
H03,2021-08-09,354.0930954131295,0.6519228414191701,230.8413768886367,STR_Global
H03,2021-08-10,339.00081176691907,0.5776982657566414,195.84018104784278,STR_Global
H03,2021-08-11,321.46960418335493,0.6996602703507513,224.91951017247513,STR_Global
H03,2021-08-12,378.6662121511537,0.7053216595405557,267.08148116638785,STR_Global
H03,2021-08-13,324.1437138153614,0.782083538932119,253.50746282331787,STR_Global
H03,2021-08-14,376.4235437136183,0.585170359221543,220.27190029434422,STR_Global
H03,2021-08-15,347.3264573813734,0.7754362544448932,269.32952718142604,STR_Global
H03,2021-08-16,322.00452700965735,0.686620232529164,221.0948232108144,STR_Global
H03,2021-08-17,321.5329684188879,0.772438465023624,248.36443257997513,STR_Global
H03,2021-08-18,356.5556805612767,0.5043017314044849,179.81164704915625,STR_Global
H03,2021-08-19,383.74280613136875,0.7347321606007349,281.9481810638895,STR_Global
H03,2021-08-20,371.98478011706766,0.8160503798030236,303.5583210954773,STR_Global
H03,2021-08-21,335.1556423719991,0.8407342931430382,281.77684208252356,STR_Global
H03,2021-08-22,368.0360331622081,0.8082620019759663,297.46954096297947,STR_Global
H03,2021-08-23,352.2380214147549,0.5420009623659108,190.91334658866143,STR_Global
H03,2021-08-24,368.0690444547792,0.7772759616043731,286.09122046539125,STR_Global
H03,2021-08-25,348.56364418337006,0.7476091771065154,260.58937919717755,STR_Global
H03,2021-08-26,357.1391456253047,0.8460364401010279,302.15273138555534,STR_Global
H03,2021-08-27,364.1043430870555,0.7543116675321819,274.64815418970653,STR_Global
H03,2021-08-28,348.1912122162688,0.6590434129485123,229.47312485768953,STR_Global
H03,2021-08-29,331.8745731232627,0.5116391125244129,169.80001206220447,STR_Global
H03,2021-08-30,334.24785565170646,0.81025575398904,270.82624830029323,STR_Global
H03,2021-08-31,363.99928841865113,0.5419184261688097,197.25792150640206,STR_Global
H03,2021-09-01,323.3209773918737,0.6649565406147779,214.9943986346892,STR_Global
H03,2021-09-02,382.11282313504324,0.8354576247583604,319.2390716061147,STR_Global
H03,2021-09-03,356.9792895557522,0.7255801885521788,259.01710022508547,STR_Global
H03,2021-09-04,319.50265880633,0.6554225719971859,209.40925439478414,STR_Global
H03,2021-09-05,347.2369131795463,0.5842812292541166,202.8840104749503,STR_Global
H03,2021-09-06,372.25136465216633,0.6962491087029614,259.1796808525319,STR_Global
H03,2021-09-07,351.87218470634576,0.7320720671952172,257.59579764647185,STR_Global
H03,2021-09-08,382.0121795903387,0.6407029650778014,244.75633615936357,STR_Global
H03,2021-09-09,345.0917930687394,0.6672570569785702,230.2649342305048,STR_Global
H03,2021-09-10,357.231551487226,0.8242949902996433,294.46417826788945,STR_Global
H03,2021-09-11,379.04523312392075,0.8218611967975028,311.52256893561395,STR_Global
H03,2021-09-12,354.6955979401472,0.5168008059205452,183.30697087193775,STR_Global
H03,2021-09-13,363.0374955100255,0.7570342744742327,274.83182702037465,STR_Global
H03,2021-09-14,322.1680244857201,0.5618805832624225,181.01995750653882,STR_Global
H03,2021-09-15,337.6470939924697,0.6576543483990767,222.05507958845945,STR_Global
H03,2021-09-16,351.2601635477609,0.7077646257992845,248.60951821157644,STR_Global
H03,2021-09-17,363.0251208795904,0.7854540990823509,285.1395692647402,STR_Global
H03,2021-09-18,369.0165456790891,0.6327545774352656,233.49690842779344,STR_Global
H03,2021-09-19,377.32791523563867,0.7465351274810816,281.6885433026083,STR_Global
H03,2021-09-20,331.7726882419744,0.545128056896936,180.85860087282043,STR_Global
H03,2021-09-21,372.8380410532448,0.8236143863165402,307.07477437752925,STR_Global
H03,2021-09-22,353.44089835531673,0.595356254388091,210.42324939238338,STR_Global
H03,2021-09-23,324.20994983152485,0.8476804758560612,274.8264445504567,STR_Global
H03,2021-09-24,373.25580484527336,0.7430245611483448,277.3382305912315,STR_Global
H03,2021-09-25,381.78110628834315,0.7374622421770062,281.54915066421944,STR_Global
H03,2021-09-26,382.7468495894066,0.8198351794176744,313.7893321046808,STR_Global
H03,2021-09-27,328.7350955819207,0.6084154971405172,200.00752660600972,STR_Global
H03,2021-09-28,376.44308395349134,0.6585551626330659,247.90853637508437,STR_Global
H03,2021-09-29,367.6259261163096,0.5902090214590315,216.9761381160773,STR_Global
H03,2021-09-30,342.10087758377887,0.612267544907595,209.457264428954,STR_Global
H03,2021-10-01,375.24231432447965,0.5553464260017776,208.38947814473542,STR_Global
H03,2021-10-02,347.7508939543753,0.8209575991581948,285.4887390058999,STR_Global
H03,2021-10-03,315.26215662978996,0.5496400900406861,173.28072015641865,STR_Global
H03,2021-10-04,342.42094345418246,0.5375048439244232,184.0529157677941,STR_Global
H03,2021-10-05,327.2657004656281,0.5964900639159451,195.21073858823902,STR_Global
H03,2021-10-06,322.03082925033766,0.8313769102985672,267.72899584303116,STR_Global
H03,2021-10-07,317.6448955268573,0.8360044300384515,265.5525398395538,STR_Global
H03,2021-10-08,384.0435243510661,0.8385905705823304,322.0552782140096,STR_Global
H03,2021-10-09,352.8680754140127,0.524734837643287,185.16217226187112,STR_Global
H03,2021-10-10,365.3992461722907,0.7379949285448747,269.6627905692708,STR_Global
H03,2021-10-11,323.91441434631196,0.5372790729611305,174.032436258734,STR_Global
H03,2021-10-12,383.54737950913903,0.6571344031173831,252.0421783009745,STR_Global
H03,2021-10-13,330.7334901342749,0.7873997320240236,260.4194615030981,STR_Global
H03,2021-10-14,329.37379155373395,0.5922049657888833,195.0567949588338,STR_Global
H03,2021-10-15,379.09143898604094,0.8184842721454133,310.28038051504706,STR_Global
H03,2021-10-16,362.3021678614929,0.7469019647830929,270.60420102092297,STR_Global
H03,2021-10-17,350.70969793372814,0.6037783250497458,211.7509139971287,STR_Global
H03,2021-10-18,341.3717121731668,0.5091898865834671,173.82302340425878,STR_Global
H03,2021-10-19,382.03928749045417,0.5884082825916968,224.79508103481365,STR_Global
H03,2021-10-20,330.17347076072804,0.8353305156555979,275.8039755863574,STR_Global
H03,2021-10-21,370.03976151031577,0.6023659116282452,222.89933828085978,STR_Global
H03,2021-10-22,328.77530935142596,0.5730941457479772,188.4192050557824,STR_Global
H03,2021-10-23,370.46029673316315,0.6603289413865057,244.62565556754038,STR_Global
H03,2021-10-24,366.14704085679136,0.7136441512661998,261.29869421087545,STR_Global
H03,2021-10-25,326.19585616568503,0.7829611013170019,255.3986667885271,STR_Global
H03,2021-10-26,360.5255892346812,0.6154355330997263,221.88025820673897,STR_Global
H03,2021-10-27,350.6911839414482,0.7623343130827684,267.34392281418667,STR_Global
H03,2021-10-28,323.67163957068936,0.6529773289651163,211.35024266862857,STR_Global
H03,2021-10-29,370.5095555974758,0.8333054846103873,308.7476447799338,STR_Global
H03,2021-10-30,380.13934189249005,0.7263819811221839,276.12636826635014,STR_Global
H03,2021-10-31,383.40690955003146,0.6159879486299231,236.17403570426237,STR_Global
H03,2021-11-01,347.4646418152646,0.6130652546165108,213.01849910470995,STR_Global
H03,2021-11-02,382.0473526669282,0.5521834875350019,210.96023959913921,STR_Global
H03,2021-11-03,328.25493593764656,0.8063651789232678,264.6933501498062,STR_Global
H03,2021-11-04,368.49543386896164,0.5083864847934945,187.33809828709502,STR_Global
H03,2021-11-05,318.62046177882576,0.7189563542144134,229.0742055786174,STR_Global
H03,2021-11-06,335.2240021062669,0.526015805323753,176.33312343177946,STR_Global
H03,2021-11-07,357.8504875129374,0.6981650945110813,249.83871943530644,STR_Global
H03,2021-11-08,332.1155248141098,0.5955600784865508,197.79474802489324,STR_Global
H03,2021-11-09,358.15355509788714,0.7971748062162223,285.5109908808093,STR_Global
H03,2021-11-10,376.1124921068296,0.5620232829374339,211.38397756766005,STR_Global
H03,2021-11-11,343.480487527751,0.73078967796688,251.0119948683121,STR_Global
H03,2021-11-12,370.80677025159605,0.8428077670894882,312.5188260574125,STR_Global
H03,2021-11-13,368.12523640302777,0.7966476786974731,293.2661150504306,STR_Global
H03,2021-11-14,328.0167411773719,0.6492934989845739,212.97913760457317,STR_Global
H03,2021-11-15,333.7258300147707,0.7529667114938938,251.28444076679207,STR_Global
H03,2021-11-16,320.3633869750754,0.8484630490300491,271.816496110466,STR_Global
H03,2021-11-17,370.22656275788637,0.780721895758781,289.0439839365944,STR_Global
H03,2021-11-18,346.76972789795366,0.6221482273556689,215.74217151231952,STR_Global
H03,2021-11-19,337.9283089656945,0.84087920425064,284.1568875368376,STR_Global
H03,2021-11-20,355.50865551023526,0.7027437403513197,249.83148230053152,STR_Global
H03,2021-11-21,359.2151142588048,0.7784744707099098,279.63979594362286,STR_Global
H03,2021-11-22,376.51250971841455,0.5812646742146022,218.85342129919647,STR_Global
H03,2021-11-23,317.49236585615563,0.5804162361994342,184.27772401228358,STR_Global
H03,2021-11-24,322.0617419637422,0.715427994342765,230.41198610765719,STR_Global
H03,2021-11-25,369.2185229231584,0.658263939876593,243.04323957481444,STR_Global
H03,2021-11-26,325.9370879976342,0.6586048605067593,214.6637503746612,STR_Global
H03,2021-11-27,332.61651045318297,0.5452910502094988,181.37280630203486,STR_Global
H03,2021-11-28,324.6619326256528,0.6706041658159259,217.71964450061222,STR_Global
H03,2021-11-29,335.6124869188812,0.7086483215937872,237.83122556098203,STR_Global
H03,2021-11-30,342.4186342857588,0.5271767703736517,180.5151497385229,STR_Global
H03,2021-12-01,358.9727823157249,0.6318868621517898,226.8301850153809,STR_Global
H03,2021-12-02,339.0675743881127,0.580911559098088,196.96827327740547,STR_Global
H03,2021-12-03,367.7249407117214,0.8012992598152071,294.65772280789326,STR_Global
H03,2021-12-04,340.5535894279264,0.6268025494107702,213.45985806441297,STR_Global
H03,2021-12-05,384.1587851094183,0.5137352516141912,197.35591012798903,STR_Global
H03,2021-12-06,317.659848611332,0.7383981946753366,234.5594587354483,STR_Global
H03,2021-12-07,322.4045234825847,0.6696723210316564,215.90538555168766,STR_Global
H03,2021-12-08,353.4991891106167,0.811610059674778,286.90349796905326,STR_Global
H03,2021-12-09,364.9885069181614,0.5254387545442838,191.77910649805645,STR_Global
H03,2021-12-10,350.71838523544545,0.7149152624403973,250.73392642327084,STR_Global
H03,2021-12-11,331.3376816209885,0.7076448825457973,234.46941479368118,STR_Global
H03,2021-12-12,374.6407594641864,0.8378900409409207,313.90776128558474,STR_Global
H03,2021-12-13,335.49849357221825,0.556565621255604,186.72692750534094,STR_Global
H03,2021-12-14,370.47511773030266,0.6104212222687784,226.14587418510092,STR_Global
H03,2021-12-15,319.7846200395397,0.766940159659113,245.25566754965334,STR_Global
H03,2021-12-16,355.6937451852609,0.8143782315912567,289.66924319204384,STR_Global
H03,2021-12-17,358.1820048282571,0.5814081229373477,208.24992709713297,STR_Global
H03,2021-12-18,383.82511906576224,0.8470592214354948,325.1226065232307,STR_Global
H03,2021-12-19,349.37986783942637,0.6550046771370617,228.84544753235275,STR_Global
H03,2021-12-20,337.9846451667503,0.5355510904823835,181.00804528535454,STR_Global
H03,2021-12-21,328.7087469325964,0.5256762658309219,172.79438663348876,STR_Global
H03,2021-12-22,348.98471238161113,0.7746710124069762,270.3483404552201,STR_Global
H03,2021-12-23,353.52068662281914,0.5288235466178653,186.95006330266216,STR_Global
H03,2021-12-24,383.4031417392693,0.7152269622710016,274.22026439133583,STR_Global
H03,2021-12-25,348.11661766695624,0.5742438895526789,199.90384054699578,STR_Global
H03,2021-12-26,352.0711741846803,0.7167014976172165,252.32993780601223,STR_Global
H03,2021-12-27,380.5181175746628,0.5137026904969773,195.4731807809494,STR_Global
H03,2021-12-28,324.3377612258567,0.7359080480377578,238.68276876865656,STR_Global
H03,2021-12-29,320.7605478712583,0.678749650430761,217.71610973959596,STR_Global
H03,2021-12-30,369.32155249081717,0.5031884803587706,185.83835076159622,STR_Global
H03,2021-12-31,341.23256413232656,0.5744186622772276,196.0103530143193,STR_Global
H03,2022-01-01,337.5867696256804,0.7427893352399217,250.75585219605176,STR_Global
H03,2022-01-02,335.962669906331,0.8348546697700621,280.48000383971834,STR_Global
H03,2022-01-03,368.4373474908952,0.6438648978973257,237.22387512378674,STR_Global
H03,2022-01-04,340.99918383952627,0.771890979306901,263.2141939567459,STR_Global
H03,2022-01-05,357.7449925645152,0.627136162496762,224.3548217893427,STR_Global
H03,2022-01-06,320.4370689290987,0.8234120723505891,263.85175098485774,STR_Global
H03,2022-01-07,320.4622309457699,0.5143104841217343,164.81708514044993,STR_Global
H03,2022-01-08,358.2554118857906,0.7854432889112448,281.38930898182804,STR_Global
H03,2022-01-09,384.29072388265257,0.6707347186326597,257.75713055657206,STR_Global
H03,2022-01-10,335.4276231301777,0.646249665282746,216.7699891744644,STR_Global
H03,2022-01-11,335.47118226981775,0.7674044189830023,257.4420677153103,STR_Global
H03,2022-01-12,344.921537326974,0.5040014368352714,173.84095040822558,STR_Global
H03,2022-01-13,347.8861452988376,0.8459364575239521,294.28957337576156,STR_Global
H03,2022-01-14,349.37475647575053,0.8119303043610135,283.6679523614111,STR_Global
H03,2022-01-15,341.8041485130842,0.5334840486498744,182.3470609940831,STR_Global
H03,2022-01-16,335.2304434314124,0.6077274644417736,203.7287473902637,STR_Global
H03,2022-01-17,377.21507367013527,0.8462127316437416,319.20419790760036,STR_Global
H03,2022-01-18,361.86365224701524,0.6480045405055481,234.48928969998656,STR_Global
H03,2022-01-19,376.58586401183436,0.7870537805399767,296.3933279684278,STR_Global
H03,2022-01-20,347.3399655154946,0.6312690354099376,219.26496499028727,STR_Global
H03,2022-01-21,347.2298775656621,0.6397883718152428,222.15363801334107,STR_Global
H03,2022-01-22,382.85447300938785,0.6510960425297466,249.27503224122412,STR_Global
H03,2022-01-23,329.0681822953868,0.7055783728101201,232.183392607563,STR_Global
H03,2022-01-24,322.88250043275184,0.7742960460663413,250.0066434290935,STR_Global
H03,2022-01-25,322.25227086986865,0.5171704285930251,166.65934504084558,STR_Global
H03,2022-01-26,327.4764096288526,0.5319950318693919,174.21582297697546,STR_Global
H03,2022-01-27,343.61697230513875,0.7907930379057035,271.7299094051407,STR_Global
H03,2022-01-28,383.1296106143386,0.5700056914430393,218.38605861052847,STR_Global
H03,2022-01-29,381.1756460840571,0.7960534171716922,303.4361756078412,STR_Global
H03,2022-01-30,360.52150101150795,0.5234736780391012,188.72351614667159,STR_Global
H03,2022-01-31,318.6248410760147,0.5019820501840289,159.94395096289824,STR_Global
H03,2022-02-01,332.6875739417544,0.7992239797788749,265.8918868687077,STR_Global
H03,2022-02-02,329.81009645425115,0.687992261900359,226.90679425713583,STR_Global
H03,2022-02-03,325.1704198376047,0.7707728257520163,250.63252334920008,STR_Global
H03,2022-02-04,338.61306717723903,0.7711897183291174,261.1349158989735,STR_Global
H03,2022-02-05,357.60821323705227,0.5175745925101505,185.08892524445034,STR_Global
H03,2022-02-06,339.8814624506335,0.7907041637900579,268.74568755477014,STR_Global
H03,2022-02-07,318.5100816150267,0.7943111418490197,252.99610661805633,STR_Global
H03,2022-02-08,334.93602619746855,0.629501239201261,210.84264354445247,STR_Global
H03,2022-02-09,375.50890937468506,0.8039765367088698,301.90035246238415,STR_Global
H03,2022-02-10,316.0306724302932,0.7187206917651278,227.1377835080988,STR_Global
H03,2022-02-11,333.1825655271803,0.532037291118982,177.26554961115374,STR_Global
H03,2022-02-12,316.10420728400123,0.6581064047066145,208.0302033683085,STR_Global
H03,2022-02-13,362.7311060447737,0.8075803353300742,292.93450825428704,STR_Global
H03,2022-02-14,323.39693454237346,0.8362582436148149,270.4433524708205,STR_Global
H03,2022-02-15,341.72913592463914,0.5449262145133192,186.21716442832113,STR_Global
H03,2022-02-16,315.26012701903886,0.7579806916765233,238.96108913591965,STR_Global
H03,2022-02-17,352.3011575413055,0.6883701369934371,242.51359607965492,STR_Global
H03,2022-02-18,352.8370475762255,0.6063487533038778,213.94230391726535,STR_Global
H03,2022-02-19,355.35947743958246,0.5654052750412094,200.92212308022758,STR_Global
H03,2022-02-20,323.5952931332956,0.5421399883384508,175.43394844566245,STR_Global
H03,2022-02-21,342.467937156878,0.594533513299276,203.60866587023432,STR_Global
H03,2022-02-22,315.09202434014384,0.5624935007497207,177.2372158294037,STR_Global
H03,2022-02-23,363.33769906808965,0.7502506891141909,272.59435910699875,STR_Global
H03,2022-02-24,380.49818642833384,0.7453393791023422,283.60028202206155,STR_Global
H03,2022-02-25,354.9392036218628,0.5927819906746075,210.4015676914277,STR_Global
H03,2022-02-26,351.23273341889774,0.6947466958892523,244.01778103092977,STR_Global
H03,2022-02-27,328.2130934553873,0.7281300361833735,238.9818116135281,STR_Global
H03,2022-02-28,316.09274355804104,0.6485273260384714,204.99478175986062,STR_Global
H03,2022-03-01,341.29122118069466,0.6288075143037289,214.60648444431678,STR_Global
H03,2022-03-02,373.299432911401,0.5855582735898317,218.5885714676632,STR_Global
H03,2022-03-03,331.23779165104503,0.8196359668209106,271.49440760752765,STR_Global
H03,2022-03-04,350.5503426331196,0.5021306358414565,176.02206644080877,STR_Global
H03,2022-03-05,347.2734277053185,0.6469114412213721,224.65515361473356,STR_Global
H03,2022-03-06,354.72750505194244,0.6637704711809405,235.45764316916728,STR_Global
H03,2022-03-07,340.0809589463708,0.6959154725252518,236.6676012420044,STR_Global
H03,2022-03-08,375.9796705113509,0.7554704703294022,284.04153851550393,STR_Global
H03,2022-03-09,384.3076848614442,0.7667807763747592,294.6797449648445,STR_Global
H03,2022-03-10,332.13662729884936,0.6035779386850394,200.47034086684067,STR_Global
H03,2022-03-11,353.59313847846107,0.5478432760711627,193.7136233803244,STR_Global
H03,2022-03-12,362.6149359653568,0.746925931232098,270.8464987245917,STR_Global
H03,2022-03-13,362.7060174809637,0.6156088518888962,223.28503499464998,STR_Global
H03,2022-03-14,341.2035307587718,0.5744181163667595,195.9934894361414,STR_Global
H03,2022-03-15,373.1097231593658,0.5309094524265022,198.08747881754272,STR_Global
H03,2022-03-16,319.53405396676413,0.5769126050584078,184.34322347883977,STR_Global
H03,2022-03-17,342.54048426058023,0.5740350190521948,196.6302334086702,STR_Global
H03,2022-03-18,370.50315948307457,0.5791943546654523,214.59333835831055,STR_Global
H03,2022-03-19,338.5139691574683,0.5724796887106987,193.7923716874905,STR_Global
H03,2022-03-20,384.45202001138864,0.5259604205997228,202.20654614560303,STR_Global
H03,2022-03-21,368.584895028371,0.6897337782194115,254.22545224252352,STR_Global
H03,2022-03-22,316.1577614502914,0.7823501688156547,247.34607804301496,STR_Global
H03,2022-03-23,341.3031543462774,0.7292168557412408,248.88401306695982,STR_Global
H03,2022-03-24,332.5359431214724,0.6638761586307892,220.7626845261497,STR_Global
H03,2022-03-25,341.18565231017425,0.6411306847816207,218.74459090328597,STR_Global
H03,2022-03-26,340.2288264445895,0.6039482118987958,205.48059136763555,STR_Global
H03,2022-03-27,384.04490568540194,0.6638294210656763,254.94030740436264,STR_Global
H03,2022-03-28,318.81777624726055,0.7114252352096723,226.815011455732,STR_Global
H03,2022-03-29,343.281407200397,0.7268588171428402,249.51711758481022,STR_Global
H03,2022-03-30,315.88604799389134,0.7070840872077264,223.35799790741672,STR_Global
H03,2022-03-31,328.2311947134188,0.7156344967522741,234.89356584713516,STR_Global
H03,2022-04-01,318.7588031557562,0.7286450480414602,232.26202343906434,STR_Global
H03,2022-04-02,355.6123458857574,0.5523011657497067,196.4051131876917,STR_Global
H03,2022-04-03,332.8661851842996,0.7523975487596652,250.4477017976478,STR_Global
H03,2022-04-04,344.8306083915507,0.5275392799296642,181.9116908485867,STR_Global
H03,2022-04-05,344.06011527078016,0.6036944425840642,207.7071795038025,STR_Global
H03,2022-04-06,347.9014146700888,0.6072333629277014,211.25734599742276,STR_Global
H03,2022-04-07,344.2391523675024,0.7567454235274274,260.5014031530682,STR_Global
H03,2022-04-08,384.41999601512066,0.5401412612337655,207.64110149108637,STR_Global
H03,2022-04-09,355.6865441398126,0.7222463815587576,256.893319474119,STR_Global
H03,2022-04-10,367.91491414980663,0.6028429344676862,221.79490648049628,STR_Global
H03,2022-04-11,362.0898768540739,0.6439063380462222,233.15196664871428,STR_Global
H03,2022-04-12,377.99156643998066,0.7334033226421957,277.22027075781006,STR_Global
H03,2022-04-13,324.16044681603654,0.8152158562356823,264.26073620887655,STR_Global
H03,2022-04-14,349.6245158290913,0.6916707279830621,241.8250433842332,STR_Global
H03,2022-04-15,326.32413494692923,0.6763064608578819,220.69512079846757,STR_Global
H03,2022-04-16,355.0292619850424,0.5345383211193571,189.77674564972895,STR_Global
H03,2022-04-17,320.9826761041237,0.556120625366808,178.50508656693682,STR_Global
H03,2022-04-18,378.482747414368,0.794685459046422,300.77473587013804,STR_Global
H03,2022-04-19,362.90697972144517,0.7220925493015694,262.05242614639127,STR_Global
H03,2022-04-20,331.3583500810167,0.733444701514341,243.0330261694558,STR_Global
H03,2022-04-21,321.2795566007742,0.6368065471625399,204.59292511285082,STR_Global
H03,2022-04-22,334.26218188318086,0.6733253174350412,225.06718972302224,STR_Global
H03,2022-04-23,371.11604339656446,0.7713543064391261,286.2619582625896,STR_Global
H03,2022-04-24,355.3024747442694,0.6637117416900573,235.81842433930663,STR_Global
H03,2022-04-25,341.99344181702645,0.5442947200479834,186.14522467204472,STR_Global
H03,2022-04-26,380.50606832382346,0.7095919051277044,270.00402593455436,STR_Global
H03,2022-04-27,327.192754465705,0.553197396505637,181.00217992593613,STR_Global
H03,2022-04-28,364.42855949443,0.7583636045273212,276.36935597089524,STR_Global
H03,2022-04-29,324.4765017207771,0.5285963858607801,171.51710610635195,STR_Global
H03,2022-04-30,366.47898178549025,0.7206476118591231,264.1022030202766,STR_Global
H03,2022-05-01,329.11931901705094,0.8292227927821851,272.9132408738899,STR_Global
H03,2022-05-02,340.11330972262965,0.5841130082606907,198.66460849158523,STR_Global
H03,2022-05-03,335.0832484238472,0.5275971606997188,176.7889704664603,STR_Global
H03,2022-05-04,334.4937719229952,0.6969784373228879,233.13494644912768,STR_Global
H03,2022-05-05,327.1763461122936,0.5576998593312925,182.4662022033524,STR_Global
H03,2022-05-06,365.028421374033,0.599511890442402,218.83887896315224,STR_Global
H03,2022-05-07,334.09758682161413,0.8419635637657547,281.2979948458649,STR_Global
H03,2022-05-08,331.8671763596896,0.5182132431930961,171.97796577068996,STR_Global
H03,2022-05-09,332.1291291604761,0.5298403786229012,175.97542354608112,STR_Global
H03,2022-05-10,319.8665078177237,0.7040335322775821,225.19674735620686,STR_Global
H03,2022-05-11,380.9312535103077,0.5213930063640184,198.6148914857534,STR_Global
H03,2022-05-12,379.69517335704825,0.7957290147065712,302.13446618424473,STR_Global
H03,2022-05-13,343.09436029669627,0.5865706349001704,201.24907674990092,STR_Global
H03,2022-05-14,345.4563648689667,0.8066115050324427,278.6490783899939,STR_Global
H03,2022-05-15,322.52490459766005,0.8261240476466887,266.44557965308104,STR_Global
H03,2022-05-16,348.8702945203434,0.5557576187881775,193.88732414855625,STR_Global
H03,2022-05-17,354.10013951957865,0.7110316707417115,251.77641381247915,STR_Global
H03,2022-05-18,361.1869324201642,0.8021562301957935,289.72834810614177,STR_Global
H03,2022-05-19,376.82159745829324,0.552730908372684,208.2809438575683,STR_Global
H03,2022-05-20,323.9638596947816,0.577974737473486,187.24292675798867,STR_Global
H03,2022-05-21,332.6713263726902,0.8106982311133084,269.69605583245806,STR_Global
H03,2022-05-22,358.24706958312225,0.7961232470263977,285.20882027420714,STR_Global
H03,2022-05-23,365.1542904332803,0.5749000173026402,209.92720788822615,STR_Global
H03,2022-05-24,354.1920309288716,0.8455598937737314,299.49057604771883,STR_Global
H03,2022-05-25,332.54591860290986,0.541440554449526,180.05384654828646,STR_Global
H03,2022-05-26,334.88951049437793,0.636559750345103,213.17718319349498,STR_Global
H03,2022-05-27,367.64415579152575,0.5380481428698529,197.8102552605853,STR_Global
H03,2022-05-28,370.43754943752225,0.5707062430628373,211.4110221288924,STR_Global
H03,2022-05-29,318.4987900554286,0.6667141398716021,212.34764686195106,STR_Global
H03,2022-05-30,337.1569705138579,0.6423534363909345,216.5739386127336,STR_Global
H03,2022-05-31,321.46947703172253,0.6528150967706042,209.86012775725948,STR_Global
H03,2022-06-01,367.06371431614815,0.525308701170477,192.8217630142268,STR_Global
H03,2022-06-02,354.21890529178813,0.5204508467991013,184.35352921136177,STR_Global
H03,2022-06-03,378.49821934260933,0.8163110197131296,308.9722673911692,STR_Global
H03,2022-06-04,371.80171212895834,0.8241661225038075,306.42637542560044,STR_Global
H03,2022-06-05,336.4241438751323,0.6993977476994766,235.2942884979922,STR_Global
H03,2022-06-06,358.9946801062344,0.6145200077136252,220.6094135880336,STR_Global
H03,2022-06-07,347.7642603956825,0.5905240828230626,205.36317090880112,STR_Global
H03,2022-06-08,379.6223219919431,0.7060252844006216,268.022957849186,STR_Global
H03,2022-06-09,355.7905033188645,0.7332493149521195,260.8831428250272,STR_Global
H03,2022-06-10,377.6297318798806,0.5652973508721308,213.47308704224955,STR_Global
H03,2022-06-11,367.50106254600865,0.5319581071523563,195.49516960845446,STR_Global
H03,2022-06-12,316.9799449803686,0.6301635998394116,199.7492232057277,STR_Global
H03,2022-06-13,318.80870894251245,0.5606212707659692,178.73094353860935,STR_Global
H03,2022-06-14,341.1320784456159,0.792952728531091,270.5016123929333,STR_Global
H03,2022-06-15,337.7773296492868,0.5746713010960443,194.1109375103031,STR_Global
H03,2022-06-16,344.3908713609215,0.7171957183966495,246.9956583949442,STR_Global
H03,2022-06-17,353.1992111223064,0.7665862168879642,270.75764706206223,STR_Global
H03,2022-06-18,335.93450167261904,0.8273376100380165,277.9312477431367,STR_Global
H03,2022-06-19,357.7913861938771,0.751196176598268,268.7715213286348,STR_Global
H03,2022-06-20,347.7486609187301,0.6316515585036715,219.65598363688065,STR_Global
H03,2022-06-21,379.71010642489836,0.5623961829127143,213.54751446674337,STR_Global
H03,2022-06-22,362.6042719814786,0.6684745412377483,242.3917243636666,STR_Global
H03,2022-06-23,332.52611354948846,0.5476609498265499,182.11156718864402,STR_Global
H03,2022-06-24,317.5378426809069,0.7796536299733254,247.56953170006784,STR_Global
H03,2022-06-25,351.4767325706088,0.7418757623115994,260.75206891061055,STR_Global
H03,2022-06-26,381.8789915322268,0.7770508681255097,296.739401889011,STR_Global
H03,2022-06-27,372.6658330804524,0.8333472431637097,310.56004461890217,STR_Global
H03,2022-06-28,345.4488925419324,0.7359091626941464,254.21900526415365,STR_Global
H03,2022-06-29,363.73844327103734,0.5203162179564763,189.25901112816246,STR_Global
H03,2022-06-30,372.74628506223905,0.7859797314218773,292.9710250217212,STR_Global
H03,2022-07-01,348.6917264990806,0.6132819733625301,213.84635012254375,STR_Global
H03,2022-07-02,356.4740483242348,0.6005737816096989,214.08896724780422,STR_Global
H03,2022-07-03,315.1769284882336,0.5194217523748712,163.70975250348778,STR_Global
H03,2022-07-04,382.30019186683364,0.7772877450574063,297.15725407118487,STR_Global
H03,2022-07-05,325.27937183513984,0.6794393837074799,221.00761593242362,STR_Global
H03,2022-07-06,357.7850031839181,0.5506292157024419,197.00687569325652,STR_Global
H03,2022-07-07,325.41997627649585,0.6113604420244493,198.9489005399843,STR_Global
H03,2022-07-08,322.0280800362921,0.7101594905463008,228.69129726017658,STR_Global
H03,2022-07-09,344.2265964275271,0.6306567465430106,217.08882537655816,STR_Global
H03,2022-07-10,379.3196435881237,0.7298176823155952,276.83418314026204,STR_Global
H03,2022-07-11,333.9505930737189,0.5673201047662575,189.45688544933603,STR_Global
H03,2022-07-12,346.850772261487,0.7000739031445518,242.82117394580123,STR_Global
H03,2022-07-13,334.49444023501707,0.6574045579133236,219.89816960716604,STR_Global
H03,2022-07-14,352.63239947084895,0.6674718009633265,235.37218275282672,STR_Global
H03,2022-07-15,361.9282023711455,0.7808464005125462,282.61033406548535,STR_Global
H03,2022-07-16,338.73537938708205,0.6212579575700712,210.44204995474178,STR_Global
H03,2022-07-17,323.2090238687737,0.6020104461802639,194.57520866872804,STR_Global
H03,2022-07-18,380.2125666826147,0.7978629284872578,303.35751190104776,STR_Global
H03,2022-07-19,351.4995429643827,0.6402447484351386,225.0457364602974,STR_Global
H03,2022-07-20,327.50942846528267,0.6190381277760041,202.74082342613772,STR_Global
H03,2022-07-21,364.8902602070985,0.7328214362183735,267.3994045470619,STR_Global
H03,2022-07-22,320.27484273602244,0.6299109422411896,201.74462796399672,STR_Global
H03,2022-07-23,378.5085998970373,0.6937455778430411,262.5886673541306,STR_Global
H03,2022-07-24,335.726623183936,0.6059552820163975,203.43532063183474,STR_Global
H03,2022-07-25,370.63105385153955,0.8033128801252056,297.7326993333204,STR_Global
H03,2022-07-26,338.769539189447,0.5293830815249243,179.33886258288805,STR_Global
H03,2022-07-27,369.8535919710401,0.8337797578371449,308.376438348812,STR_Global
H03,2022-07-28,326.71572715086563,0.6811768311561618,222.55118370950782,STR_Global
H03,2022-07-29,344.785031412288,0.6488671085791584,223.7196664138656,STR_Global
H03,2022-07-30,338.33779894387436,0.6383289777528632,215.97082133499708,STR_Global
H03,2022-07-31,375.2482195401793,0.5688102788852116,213.44504440782853,STR_Global
H03,2022-08-01,334.84274053377044,0.8180137582298619,273.9059686000161,STR_Global
H03,2022-08-02,355.7391264665252,0.776787229885102,276.3336106096781,STR_Global
H03,2022-08-03,355.1960030029364,0.6140454317887247,218.10648303356723,STR_Global
H03,2022-08-04,368.52637886604714,0.6407954848616616,236.15003962978108,STR_Global
H03,2022-08-05,341.31179975654976,0.7935961055431382,270.8637150627173,STR_Global
H03,2022-08-06,362.68789411308126,0.8296861706470056,300.91713000670904,STR_Global
H03,2022-08-07,379.2677937132393,0.7490627046617602,284.09535934993755,STR_Global
H03,2022-08-08,343.02756980685564,0.7146344220297685,245.13930908919832,STR_Global
H03,2022-08-09,337.74943266845116,0.5438553137421382,183.6868236701297,STR_Global
H03,2022-08-10,370.3779882741008,0.8085161718436951,299.45659321454497,STR_Global
H03,2022-08-11,335.01344032764854,0.5258546462676137,176.16837415839194,STR_Global
H03,2022-08-12,319.5446536085889,0.7176010148213449,229.3055677102585,STR_Global
H03,2022-08-13,364.3802886988182,0.8155126016506475,297.15671722698727,STR_Global
H03,2022-08-14,329.46123785208147,0.7385864769256757,243.33561494874093,STR_Global
H03,2022-08-15,363.68531052108705,0.7903217355517181,287.42840580569106,STR_Global
H03,2022-08-16,357.23414757182275,0.5662490027388861,202.2834798068207,STR_Global
H03,2022-08-17,336.8323104863097,0.5415936970378858,182.42625631809352,STR_Global
H03,2022-08-18,323.3958128700275,0.5421975735377002,175.34442503038105,STR_Global
H03,2022-08-19,352.3619386544366,0.69940179228672,246.4425714285362,STR_Global
H03,2022-08-20,318.4860198026064,0.8417900872205973,268.0983743881769,STR_Global
H03,2022-08-21,324.5455957695869,0.726627715090433,235.82382469671822,STR_Global
H03,2022-08-22,382.970362854775,0.698716428918378,267.58768431546383,STR_Global
H03,2022-08-23,322.9521658631786,0.8309436703186084,268.35505803969363,STR_Global
H03,2022-08-24,359.30525249807926,0.5451817316049071,195.88665973164123,STR_Global
H03,2022-08-25,359.28615631506784,0.55629872435225,199.87043043549534,STR_Global
H03,2022-08-26,379.4810945753882,0.6026431300099906,228.69167461452923,STR_Global
H03,2022-08-27,346.05747397588215,0.5228444973576146,180.93424603776592,STR_Global
H03,2022-08-28,339.8874755661286,0.5268353336889015,179.06473160655972,STR_Global
H03,2022-08-29,336.7467954138363,0.541354442480559,182.2993736883722,STR_Global
H03,2022-08-30,373.26331984435086,0.6901238454985815,257.5979176745504,STR_Global
H03,2022-08-31,380.44382561606466,0.8221939599829029,312.79861553431715,STR_Global
H03,2022-09-01,384.28889673688985,0.5118564125423625,196.70073606360683,STR_Global
H03,2022-09-02,358.11333135666035,0.700226391412401,250.7604057325477,STR_Global
H03,2022-09-03,328.5747657023842,0.7841957891660712,257.6669476900381,STR_Global
H03,2022-09-04,372.3662323325411,0.8068915601312302,300.4591701469922,STR_Global
H03,2022-09-05,366.46287604859265,0.8481447056936974,310.8135481538995,STR_Global
H03,2022-09-06,344.03128454590984,0.7963254225164373,273.9608580248943,STR_Global
H03,2022-09-07,368.448586384157,0.6124974472340847,225.67381859730332,STR_Global
H03,2022-09-08,383.40280346164974,0.6449968966564589,247.29361840215032,STR_Global
H03,2022-09-09,381.73046774564034,0.8034057539797126,306.6844542562145,STR_Global
H03,2022-09-10,315.24575956374554,0.6921285374815362,218.1905865141112,STR_Global
H03,2022-09-11,328.02059022991966,0.5702979256178907,187.06946216807933,STR_Global
H03,2022-09-12,340.204584548551,0.6067271231941813,206.41134888061399,STR_Global
H03,2022-09-13,317.9653352366947,0.5346032184596051,169.9852915761243,STR_Global
H03,2022-09-14,346.0900941554084,0.6880671886950772,238.13323812072642,STR_Global
H03,2022-09-15,344.9385036381343,0.7896877925212391,272.3937254935777,STR_Global
H03,2022-09-16,373.77371471030926,0.8337502783423055,311.63393867675785,STR_Global
H03,2022-09-17,327.3949645341158,0.72565089323516,237.57444845487464,STR_Global
H03,2022-09-18,351.2820580641766,0.843464901898455,296.2940866437881,STR_Global
H03,2022-09-19,338.04916873980613,0.6977528989284909,235.87478746856632,STR_Global
H03,2022-09-20,364.35140244081686,0.6299172826510979,229.51124535563596,STR_Global
H03,2022-09-21,355.4186613805672,0.5861329476334054,208.32258763891105,STR_Global
H03,2022-09-22,325.779159319422,0.5580321826106023,181.7952553240642,STR_Global
H03,2022-09-23,331.31658496034396,0.8411351634306897,278.6820298379169,STR_Global
H03,2022-09-24,341.7103143336527,0.5306623458576628,181.33279700805548,STR_Global
H03,2022-09-25,352.07048915599756,0.5940614308514189,209.15149854857088,STR_Global
H03,2022-09-26,322.0389868061135,0.8305532868242477,267.4705389773681,STR_Global
H03,2022-09-27,333.9292887281571,0.8426968711312037,281.4011667902863,STR_Global
H03,2022-09-28,339.9455915324727,0.5887087928546276,200.12895882733432,STR_Global
H03,2022-09-29,376.7854134673653,0.7997050677940007,301.31720462070996,STR_Global
H03,2022-09-30,340.07691550258886,0.7882564384597205,268.067818216438,STR_Global
H03,2022-10-01,356.75123742291913,0.7653267390522257,273.03126118972904,STR_Global
H03,2022-10-02,383.2936359337625,0.5885499091791464,225.58743461776072,STR_Global
H03,2022-10-03,323.9612396049166,0.7834294152808177,253.8007645173287,STR_Global
H03,2022-10-04,383.4172260245769,0.5750890774211503,220.4990587818506,STR_Global
H03,2022-10-05,345.0053488545101,0.6232484692460852,215.02405555528503,STR_Global
H03,2022-10-06,341.2494501462613,0.7681779863014162,262.14031543982054,STR_Global
H03,2022-10-07,316.2739714505737,0.7924583072627056,250.63393604697492,STR_Global
H03,2022-10-08,317.244516503892,0.8314136088697147,263.7614083606286,STR_Global
H03,2022-10-09,321.14386946373725,0.620579901948107,199.29543102304171,STR_Global
H03,2022-10-10,354.6829464522272,0.7550487397814225,267.8029117407159,STR_Global
H03,2022-10-11,362.9398135425241,0.7291839550106252,264.6498886697566,STR_Global
H03,2022-10-12,319.64914831370044,0.5151888429546182,164.67967487116448,STR_Global
H03,2022-10-13,316.56427518988005,0.5367287131147823,169.90913604077812,STR_Global
H03,2022-10-14,364.23386681632525,0.6976972098498511,254.1249526105724,STR_Global
H03,2022-10-15,327.77334317694607,0.733890803022861,240.54984203361676,STR_Global
H03,2022-10-16,360.76596565335325,0.6441858879635296,232.4003439314256,STR_Global
H03,2022-10-17,371.60256223366196,0.6236793108396128,231.76082992012462,STR_Global
H03,2022-10-18,348.07714447176306,0.661444686603295,230.23377773889516,STR_Global
H03,2022-10-19,363.76788234605715,0.8341331353938085,303.43084425688266,STR_Global
H03,2022-10-20,326.15072647297677,0.678680282686027,221.35206724093294,STR_Global
H03,2022-10-21,379.7199153780714,0.7354706601551876,279.27285683718213,STR_Global
H03,2022-10-22,345.3769637982954,0.6051364313859899,209.0001833558287,STR_Global
H03,2022-10-23,347.91612708991005,0.5357603130624533,186.3996531691665,STR_Global
H03,2022-10-24,359.99478824301593,0.5924094834939199,213.2643265635481,STR_Global
H03,2022-10-25,368.08973079952796,0.6046906460641852,222.58041712675856,STR_Global
H03,2022-10-26,371.2996765493521,0.6904879820464508,256.377964395062,STR_Global
H03,2022-10-27,319.0950863012245,0.8177869514823677,260.95179785928144,STR_Global
H03,2022-10-28,361.2247329979879,0.6966144083905366,251.63435367342288,STR_Global
H03,2022-10-29,370.31979147609894,0.7540485795184382,279.23911273011663,STR_Global
H03,2022-10-30,358.8743881832362,0.6356240824991376,228.10920372140885,STR_Global
H03,2022-10-31,328.0784149954094,0.8363863562396878,274.40031007890263,STR_Global
H03,2022-11-01,375.7574638955307,0.7004643316496991,263.20470080996887,STR_Global
H03,2022-11-02,331.4949632399781,0.7971978226563927,264.2670629164715,STR_Global
H03,2022-11-03,345.1742871003553,0.8452704737753913,291.7656331924003,STR_Global
H03,2022-11-04,342.784839643667,0.6278820810872269,215.22845848061698,STR_Global
H03,2022-11-05,337.1554934212519,0.5283552124909424,178.13786236907407,STR_Global
H03,2022-11-06,328.0131198089387,0.6208214108639245,203.63756782166283,STR_Global
H03,2022-11-07,353.88630666918175,0.6781897923711077,240.0020808429505,STR_Global
H03,2022-11-08,379.152784406624,0.6766019387624802,256.53550901671446,STR_Global
H03,2022-11-09,325.3811214365423,0.7941176833773791,258.39090236992064,STR_Global
H03,2022-11-10,326.91631227068314,0.7363003490553469,240.70859483679078,STR_Global
H03,2022-11-11,317.2550752315261,0.8242752166654774,261.5054958746885,STR_Global
H03,2022-11-12,361.55542079989004,0.6097163514769355,220.44625202681706,STR_Global
H03,2022-11-13,344.88314611259864,0.6261323425447993,215.94249217970167,STR_Global
H03,2022-11-14,315.41156985397157,0.8047914174498725,253.84052438286724,STR_Global
H03,2022-11-15,354.92633402441766,0.5971643760364668,211.94936279660195,STR_Global
H03,2022-11-16,374.50278984952354,0.6089218757649077,228.04294127436293,STR_Global
H03,2022-11-17,365.85300804470825,0.550988884565279,201.58094081740583,STR_Global
H03,2022-11-18,360.26250657875056,0.651551725539368,234.72965780852286,STR_Global
H03,2022-11-19,366.3904718112905,0.6344373851365273,232.45181287489365,STR_Global
H03,2022-11-20,325.3797776527141,0.535115868624224,174.11588235138896,STR_Global
H03,2022-11-21,362.196559313974,0.7540156064086465,273.1018583102514,STR_Global
H03,2022-11-22,355.6532764366578,0.5594219289153427,198.9602419292567,STR_Global
H03,2022-11-23,345.8952055079935,0.7550919514928062,261.18268573903606,STR_Global
H03,2022-11-24,329.8029224034823,0.602717502075655,198.7779935682779,STR_Global
H03,2022-11-25,339.2799907650223,0.5331906535954355,180.90092002785556,STR_Global
H03,2022-11-26,367.27393112336006,0.5652448465082144,207.59969682429215,STR_Global
H03,2022-11-27,365.1818922918094,0.7338829559420703,268.0007665716318,STR_Global
H03,2022-11-28,316.5007906636179,0.8355442094778894,264.4504029341596,STR_Global
H03,2022-11-29,375.3590210547058,0.8355753253791428,313.64073615178233,STR_Global
H03,2022-11-30,327.0716287913526,0.6143871071881062,200.94859185642125,STR_Global
H03,2022-12-01,337.1951638554141,0.7492657936928223,252.64880207550812,STR_Global
H03,2022-12-02,344.4937871627734,0.7418221995249182,255.55313891575761,STR_Global
H03,2022-12-03,319.52658806953997,0.7700424773507359,246.04904545649666,STR_Global
H03,2022-12-04,354.0262785267093,0.5823639428359124,206.17213943033934,STR_Global
H03,2022-12-05,354.5391571552006,0.5077450360475536,180.0154971300366,STR_Global
H03,2022-12-06,381.1455231755778,0.65561883402154,249.88618349690216,STR_Global
H03,2022-12-07,319.3697628577759,0.7233542729203908,231.01748260474412,STR_Global
H03,2022-12-08,341.56117708166664,0.8190528604382766,279.7566591034038,STR_Global
H03,2022-12-09,354.90723040831125,0.6096064000017627,216.35371906380675,STR_Global
H03,2022-12-10,376.77845201250443,0.7372982631456132,277.7980982595123,STR_Global
H03,2022-12-11,364.2828695317516,0.5918293548511411,215.59329565829896,STR_Global
H03,2022-12-12,316.40240688540507,0.662494641737386,209.61489919439308,STR_Global
H03,2022-12-13,367.3223122437228,0.7375962347601015,270.9355544543443,STR_Global
H03,2022-12-14,321.9233112575936,0.579698342643919,186.61840999446946,STR_Global
H03,2022-12-15,345.6107212016823,0.5441406247606216,188.06083375865242,STR_Global
H03,2022-12-16,334.63223407962914,0.7391860216001961,247.35546980850663,STR_Global
H03,2022-12-17,339.3267070959441,0.8246992458148519,279.8424794268622,STR_Global
H03,2022-12-18,332.185126771923,0.7000035280187061,232.53076069568726,STR_Global
H03,2022-12-19,347.15229535690423,0.7912916197353683,274.6987020878157,STR_Global
H03,2022-12-20,317.7065893293313,0.7281598983590484,231.3411977940458,STR_Global
H03,2022-12-21,380.7224503155514,0.8127355006363455,309.4266512607058,STR_Global
H03,2022-12-22,336.43040556430026,0.8224368519146932,276.69276364068656,STR_Global
H03,2022-12-23,318.8739398985317,0.6345050656461819,202.32713016817453,STR_Global
H03,2022-12-24,372.68205047056273,0.844461419790277,314.7156134707231,STR_Global
H03,2022-12-25,328.83885219805063,0.6033486896690324,198.40449058596246,STR_Global
H03,2022-12-26,346.29430888785765,0.7334393353418722,253.98586774338332,STR_Global
H03,2022-12-27,316.4238581747321,0.7254844902890937,229.560601463204,STR_Global
H03,2022-12-28,384.816678876967,0.5124431571421693,197.1966738446773,STR_Global
H03,2022-12-29,333.0187861137694,0.604070311639016,201.1667619093915,STR_Global
H03,2022-12-30,341.0636472869767,0.624658437860055,213.04828512513564,STR_Global
H03,2022-12-31,326.4984564604437,0.717396692396916,234.22891273742079,STR_Global
H03,2023-01-01,348.35382454986893,0.7843408694109604,273.22814161007733,STR_Global
H03,2023-01-02,316.22958189927766,0.5865007745106027,185.4688947070904,STR_Global
H03,2023-01-03,354.701518240711,0.6602682924376504,234.19816577383634,STR_Global
H03,2023-01-04,359.41171978289225,0.8394739507480802,301.71677635130646,STR_Global
H03,2023-01-05,326.25009094240545,0.5293329517205075,172.6949236376275,STR_Global
H03,2023-01-06,346.2175689283084,0.6509779097358006,225.3799893347607,STR_Global
H03,2023-01-07,327.9615531791342,0.7125747342172103,233.69711659008505,STR_Global
H03,2023-01-08,319.46782242968,0.5608295999973338,179.1670110652567,STR_Global
H03,2023-01-09,377.2294146989433,0.5808991197034467,219.1322349248626,STR_Global
H03,2023-01-10,353.41037239081345,0.561814792400943,198.55117499708481,STR_Global
H03,2023-01-11,315.5076699610601,0.5160482064311456,162.8171671986749,STR_Global
H03,2023-01-12,363.08142917551294,0.7134034166328024,259.02353208973176,STR_Global
H03,2023-01-13,363.58462523991705,0.6979252559744256,253.7548926389347,STR_Global
H03,2023-01-14,339.818094438503,0.8134500176790767,276.4250349286704,STR_Global
H03,2023-01-15,317.6022701634752,0.5752472782559369,182.6998414794459,STR_Global
H03,2023-01-16,347.1607122632865,0.8210561009124177,285.03842080087173,STR_Global
H03,2023-01-17,376.5294615431056,0.8359043933136364,314.7426311158999,STR_Global
H03,2023-01-18,330.40905945850346,0.8267154771816452,273.1542832553753,STR_Global
H03,2023-01-19,375.8831474697383,0.7414969187240071,278.7161956490925,STR_Global
H03,2023-01-20,369.20789759120794,0.6212732721118888,229.3789986260409,STR_Global
H03,2023-01-21,322.55340020560834,0.6150072570598192,198.3726819157693,STR_Global
H03,2023-01-22,344.47499787355434,0.5965804515944262,205.50704979439405,STR_Global
H03,2023-01-23,349.41527250780325,0.63580966641953,222.16160785507554,STR_Global
H03,2023-01-24,342.5753085052373,0.7691827856187692,263.50303008026765,STR_Global
H03,2023-01-25,341.3924847755225,0.5724752613865851,195.43875195728305,STR_Global
H03,2023-01-26,358.8120651031339,0.7655231543697991,274.67894390369275,STR_Global
H03,2023-01-27,370.9818450598987,0.6594637758359496,244.64908830978803,STR_Global
H03,2023-01-28,332.7586006561958,0.5012645263869835,166.80008235912337,STR_Global
H03,2023-01-29,319.59136052652457,0.7165405723991899,229.00017640551178,STR_Global
H03,2023-01-30,351.80455147728,0.6902376341765409,242.82874130421683,STR_Global
H03,2023-01-31,316.9245022742242,0.7081880848217019,224.44215629865397,STR_Global
H03,2023-02-01,337.5323939773775,0.7568545305244945,255.46292158055678,STR_Global
H03,2023-02-02,346.19344844699526,0.5729348211397581,198.3462814657353,STR_Global
H03,2023-02-03,351.89867452443883,0.6051271282498898,212.94343434991632,STR_Global
H03,2023-02-04,342.21352564818375,0.8498843750930618,290.8419283939001,STR_Global
H03,2023-02-05,328.3212177189861,0.6762536220950611,222.0284126931255,STR_Global
H03,2023-02-06,328.4475347439596,0.700293726102557,230.0097479350465,STR_Global
H03,2023-02-07,383.77949404097996,0.5120162598999987,196.50134116517637,STR_Global
H03,2023-02-08,322.7906963929947,0.7028738094369069,226.8811264245362,STR_Global
H03,2023-02-09,331.8722216532528,0.5978023096097471,198.39398059963244,STR_Global
H03,2023-02-10,346.0920809337468,0.8305961295935017,287.46274290653105,STR_Global
H03,2023-02-11,376.01065076781384,0.741004122092588,278.6254421696666,STR_Global
H03,2023-02-12,369.931457986027,0.6415155207716398,237.3167719197181,STR_Global
H03,2023-02-13,364.1956051872602,0.8245664153109039,300.3034646412444,STR_Global
H03,2023-02-14,317.2641701543228,0.6769830100795323,214.78245290145838,STR_Global
H03,2023-02-15,361.67853965329056,0.6940033240280649,251.0061087489999,STR_Global
H03,2023-02-16,356.48610535198134,0.6164290753167679,219.74840028539776,STR_Global
H03,2023-02-17,367.33022452378776,0.8310082857908029,305.25446020066363,STR_Global
H03,2023-02-18,353.4768768302584,0.5162236443019979,182.4731215338044,STR_Global
H03,2023-02-19,333.01393917326726,0.8247447933121681,274.6515124335272,STR_Global
H03,2023-02-20,332.0358799384463,0.6439711871085252,213.82153976658503,STR_Global
H03,2023-02-21,354.07935670827413,0.8000951963277803,283.2971924211207,STR_Global
H03,2023-02-22,334.742964835277,0.7908971678912935,264.74726285975544,STR_Global
H03,2023-02-23,379.0676318821531,0.5291261959590247,200.57461406899955,STR_Global
H03,2023-02-24,336.19287594325675,0.6377866643611575,214.41933292983416,STR_Global
H03,2023-02-25,341.23965909577635,0.5881157852909068,200.68843008151384,STR_Global
H03,2023-02-26,336.29277343399616,0.7919894262548102,266.3403206856295,STR_Global
H03,2023-02-27,318.68713322807884,0.8058369216980183,256.80985842528133,STR_Global
H03,2023-02-28,362.49774709500633,0.5767145209783161,209.05771457161535,STR_Global
H03,2023-03-01,375.1552157326975,0.6935292618662382,260.18111985236703,STR_Global
H03,2023-03-02,352.6776922441336,0.6214598088639726,219.1750112126262,STR_Global
H03,2023-03-03,371.20508889619936,0.5757550791940851,213.72321535467864,STR_Global
H03,2023-03-04,368.1290508310438,0.5661198497517934,208.40516294574084,STR_Global
H03,2023-03-05,319.47130487033223,0.680168580926405,217.29434408036076,STR_Global
H03,2023-03-06,353.928087904105,0.7103768796522374,251.4223307066009,STR_Global
H03,2023-03-07,330.8738687345537,0.6501667978902405,215.12320374070052,STR_Global
H03,2023-03-08,374.5317042448654,0.833639199502292,312.2243101149188,STR_Global
H03,2023-03-09,380.3467018901642,0.5104232755623224,194.13780942810374,STR_Global
H03,2023-03-10,369.6502596994566,0.6882432381022576,254.4092917008945,STR_Global
H03,2023-03-11,382.80640392027163,0.6686676490926007,255.97025816696055,STR_Global
H03,2023-03-12,324.32587235890475,0.553810761198525,179.6151582474607,STR_Global
H03,2023-03-13,335.67639026884314,0.768349086047251,257.91664767070597,STR_Global
H03,2023-03-14,326.8799391476437,0.8304610272269817,271.46105004444547,STR_Global
H03,2023-03-15,331.4520150982694,0.582996060834163,193.23521915783658,STR_Global
H03,2023-03-16,376.5429442445369,0.8221364410250129,309.56967607428345,STR_Global
H03,2023-03-17,353.85063605323967,0.6438149667471322,227.8143354840681,STR_Global
H03,2023-03-18,380.74568953198445,0.518264747188227,197.32706852830108,STR_Global
H03,2023-03-19,348.07222301977635,0.5694402552360007,198.2063355169436,STR_Global
H03,2023-03-20,325.35683171417793,0.5064519733952597,164.77760947927484,STR_Global
H03,2023-03-21,330.98929197823554,0.7393057427286887,244.70228434121222,STR_Global
H03,2023-03-22,377.2014746236305,0.6950707726507634,262.18172041165417,STR_Global
H03,2023-03-23,349.2490558128326,0.5467453930522193,190.9503122935036,STR_Global
H03,2023-03-24,344.72784441878724,0.5384509149684567,185.61902324239978,STR_Global
H03,2023-03-25,348.8067354251666,0.5117457135765379,178.50035172045455,STR_Global
H03,2023-03-26,357.15080142885176,0.7957875546518942,284.2161629110302,STR_Global
H03,2023-03-27,349.80718361326944,0.6427773798690037,224.84814494229283,STR_Global
H03,2023-03-28,384.8812209013771,0.812477674747231,312.7073994118262,STR_Global
H03,2023-03-29,325.0504224414017,0.5421340376711169,176.22089796485932,STR_Global
H03,2023-03-30,374.3546913594888,0.7315042934577711,273.84206400552483,STR_Global
H03,2023-03-31,357.89987530957234,0.6573913856792689,235.2802949641973,STR_Global
H03,2023-04-01,348.2955689116146,0.6794577645998288,236.65212867271129,STR_Global
H03,2023-04-02,360.0759613735138,0.6951160921414787,250.29459514404294,STR_Global
H03,2023-04-03,359.9962456148013,0.7517187961797791,270.6159443827985,STR_Global
H03,2023-04-04,346.46373756298,0.7386288839495353,255.9081238051286,STR_Global
H03,2023-04-05,354.19749030020904,0.5004963770468704,177.27456065434865,STR_Global
H03,2023-04-06,340.3034833865993,0.8402171376715,285.9288187507293,STR_Global
H03,2023-04-07,319.9374006666125,0.5706298534697666,182.5658320618871,STR_Global
H03,2023-04-08,357.62334027210267,0.5873883725187637,210.06379181715445,STR_Global
H03,2023-04-09,376.34464791190345,0.6649328405520767,250.24391576263315,STR_Global
H03,2023-04-10,377.72108660731357,0.5997180180646178,226.52614144135194,STR_Global
H03,2023-04-11,316.8172712847745,0.5574139814767446,176.59837658744405,STR_Global
H03,2023-04-12,383.0581861219198,0.600291589493836,229.9466074157529,STR_Global
H03,2023-04-13,377.2101266228923,0.6306416062102441,237.88440013223035,STR_Global
H03,2023-04-14,380.885367012196,0.6103335199403573,232.46710674232847,STR_Global
H03,2023-04-15,350.85993201351494,0.7952839313968043,279.03326610132365,STR_Global
H03,2023-04-16,355.12560702893705,0.5627736757425932,199.8553432179946,STR_Global
H03,2023-04-17,375.41916410873455,0.6702983392627784,251.64284222950522,STR_Global
H03,2023-04-18,384.63229359537246,0.6272447028536855,241.25856870416092,STR_Global
H03,2023-04-19,349.71550841838655,0.6654146230219489,232.70581319914987,STR_Global
H03,2023-04-20,342.2412323880162,0.6192367291395563,211.92834132064593,STR_Global
H03,2023-04-21,375.56184107002815,0.5255443088648193,197.37438820114704,STR_Global
H03,2023-04-22,368.02333114818845,0.703452541426977,258.8869476006151,STR_Global
H03,2023-04-23,383.5457480579628,0.8116099729122279,311.28955419192334,STR_Global
H03,2023-04-24,315.0790035768888,0.8279280777614356,260.86275377440205,STR_Global
H03,2023-04-25,336.80467973093215,0.608865861912957,205.06887162069145,STR_Global
H03,2023-04-26,329.94392085890445,0.6109548654028156,201.58084375882922,STR_Global
H03,2023-04-27,347.51769244670936,0.5296344349963513,184.0573366902487,STR_Global
H03,2023-04-28,330.3947183627562,0.5775823450805859,190.83015623420044,STR_Global
H03,2023-04-29,330.3413087616576,0.6458338174720333,213.34558850624896,STR_Global
H03,2023-04-30,321.97631294888083,0.7209512593164558,232.1292282905649,STR_Global
H03,2023-05-01,370.2351788017185,0.8347847121773031,309.06666717390493,STR_Global
H03,2023-05-02,378.6667891553631,0.5650871284203461,213.9797285119568,STR_Global
H03,2023-05-03,375.98192323726806,0.5572746444647733,209.52519259723024,STR_Global
H03,2023-05-04,360.97756145599476,0.5283044110412372,190.7060380041113,STR_Global
H03,2023-05-05,337.3196266255608,0.5332262033479663,179.86766382030135,STR_Global
H03,2023-05-06,324.15042232650677,0.8011838291252129,259.7040765721056,STR_Global
H03,2023-05-07,362.34726985859044,0.7020480241396694,254.385184856627,STR_Global
H03,2023-05-08,325.21013938064056,0.6113723785986305,198.82449645753437,STR_Global
H03,2023-05-09,327.87631924931685,0.7871207552666356,258.0782560415668,STR_Global
H03,2023-05-10,348.71776257186343,0.504780242749128,176.025836841958,STR_Global
H03,2023-05-11,370.34144900552894,0.8422032291554252,311.9027642425557,STR_Global
H03,2023-05-12,356.471180855329,0.5303055753627726,189.03865466373222,STR_Global
H03,2023-05-13,354.7745838551244,0.5667510385516609,201.06886385162503,STR_Global
H03,2023-05-14,371.2094412507007,0.7688867221762107,285.4180105241139,STR_Global
H03,2023-05-15,343.3864808642475,0.8281887357558146,284.3888154625994,STR_Global
H03,2023-05-16,363.79978697620487,0.7767308341159638,282.5745119892375,STR_Global
H03,2023-05-17,335.7914160167572,0.5894747102580713,197.9405476636254,STR_Global
H03,2023-05-18,372.3534236821434,0.6496622706047104,241.903970696779,STR_Global
H03,2023-05-19,367.9622908572839,0.8253216479686132,303.68724428063973,STR_Global
H03,2023-05-20,380.66508176937884,0.7930484457946705,301.8858514655071,STR_Global
H03,2023-05-21,374.64976946981335,0.8067699645805779,302.256181245283,STR_Global
H03,2023-05-22,383.43674023893425,0.7609545183780002,291.7779199969486,STR_Global
H03,2023-05-23,315.621866268018,0.7977045644377865,251.77300335837057,STR_Global
H03,2023-05-24,342.22881711203075,0.7088535180640522,242.5901009927621,STR_Global
H03,2023-05-25,345.24357192528333,0.6056936695800068,209.1118459783339,STR_Global
H03,2023-05-26,378.5946407217307,0.5955635915101867,225.47718395474269,STR_Global
H03,2023-05-27,374.4827134254033,0.6484544631916559,242.8349869088246,STR_Global
H03,2023-05-28,323.55909969049446,0.7861128705788363,254.35397265959847,STR_Global
H03,2023-05-29,373.9713243565396,0.8327945831601071,311.4412931813376,STR_Global
H03,2023-05-30,381.0079132601669,0.7234597570509603,275.6438923616937,STR_Global
H03,2023-05-31,352.62276451537144,0.5206536645780502,183.59433455857098,STR_Global
H03,2023-06-01,377.4077432812106,0.5655616824489813,213.4473582593947,STR_Global
H03,2023-06-02,351.18655434349256,0.785887009262354,275.9929508861585,STR_Global
H03,2023-06-03,345.20114946156076,0.7351187861597268,253.763849973125,STR_Global
H03,2023-06-04,367.805353942876,0.5359870783316883,197.13891705459466,STR_Global
H03,2023-06-05,383.5729722369259,0.5098355892661754,195.5591523269915,STR_Global
H03,2023-06-06,344.8396634378175,0.5564072907636564,191.8713028812871,STR_Global
H03,2023-06-07,346.93680308373354,0.7446447878610699,258.3446821334845,STR_Global
H03,2023-06-08,324.7840162765446,0.551231578533855,179.03120597468492,STR_Global
H03,2023-06-09,321.73754082664084,0.8447534117403062,271.78888529824087,STR_Global
H03,2023-06-10,320.0590408578666,0.8043106907882607,257.4269082454188,STR_Global
H03,2023-06-11,343.5786741748498,0.6835000941811629,234.83605615714893,STR_Global
H03,2023-06-12,336.40618077146354,0.6039910053447447,203.1863073283422,STR_Global
H03,2023-06-13,361.8806105481805,0.7533283305611749,272.6149162067195,STR_Global
H03,2023-06-14,358.2629968457229,0.5899901320514507,211.3716328181565,STR_Global
H03,2023-06-15,336.64792773313,0.7738545723200676,260.5165381383583,STR_Global
H03,2023-06-16,343.15053333364506,0.8087743441360598,277.5313475368579,STR_Global
H03,2023-06-17,339.2180741464918,0.6806177878196275,230.8778552140196,STR_Global
H03,2023-06-18,348.99258225977934,0.832861523662012,290.6624938076199,STR_Global
H03,2023-06-19,322.24482525154974,0.7291046800670111,234.9502102182811,STR_Global
H03,2023-06-20,361.8959829354637,0.8216427639251395,297.3492156724995,STR_Global
H03,2023-06-21,362.7986086220229,0.5716189153956569,207.38254716757416,STR_Global
H03,2023-06-22,335.45237623674313,0.7939508504359146,266.3326993939106,STR_Global
H03,2023-06-23,318.3770886195579,0.7662388797386634,243.95290371830723,STR_Global
H03,2023-06-24,342.02927148790127,0.5955581731132428,203.69832807858782,STR_Global
H03,2023-06-25,351.46891797558806,0.5341964362917078,187.7534434498617,STR_Global
H03,2023-06-26,346.5661025523359,0.7456688156761799,258.4235352437098,STR_Global
H03,2023-06-27,363.40992644376394,0.6807150528780245,247.37860729556576,STR_Global
H03,2023-06-28,355.75406305301016,0.7484636381049283,266.26898030326606,STR_Global
H03,2023-06-29,322.5969453390522,0.5171705988111925,166.83765539565917,STR_Global
H03,2023-06-30,338.4260100987151,0.7654429855319489,259.045815551626,STR_Global
H03,2023-07-01,329.91091588228034,0.8269512452661394,272.8202427157443,STR_Global
H03,2023-07-02,367.21454836445923,0.6201935398300062,227.744090627231,STR_Global
H03,2023-07-03,382.5326772982282,0.6455284037793492,246.93570856976612,STR_Global
H03,2023-07-04,367.1242010697834,0.5216514985341528,191.51088963620614,STR_Global
H03,2023-07-05,329.73379854048613,0.7276131630910919,239.91865213408397,STR_Global
H03,2023-07-06,376.1104415568896,0.6084228483267287,228.8341861374664,STR_Global
H03,2023-07-07,335.0149291757792,0.716893549391504,240.17004167596764,STR_Global
H03,2023-07-08,334.5186308504326,0.5527563425537646,184.90729490497804,STR_Global
H03,2023-07-09,331.71101683378015,0.5738072442125732,190.33818444434186,STR_Global
H03,2023-07-10,339.1108914261156,0.8356385711550361,283.3741407744298,STR_Global
H03,2023-07-11,364.202949797639,0.7977477271049743,290.5420754059936,STR_Global
H03,2023-07-12,365.06343094575544,0.5409656034818693,197.4867592307323,STR_Global
H03,2023-07-13,366.90780958633434,0.8210114022934227,301.2354952608845,STR_Global
H03,2023-07-14,350.45472673428714,0.6270285727288684,219.74512711028564,STR_Global
H03,2023-07-15,383.2315860871131,0.7742139930034104,296.70325650953407,STR_Global
H03,2023-07-16,330.5941898187752,0.6561130646836351,216.90716704859997,STR_Global
H03,2023-07-17,362.96334249100545,0.739951901635389,268.5754155001565,STR_Global
H03,2023-07-18,338.66745944004236,0.8146927352311648,275.9099188649977,STR_Global
H03,2023-07-19,360.5388485168568,0.7659324174851119,276.14839184181466,STR_Global
H03,2023-07-20,317.8139083880514,0.712934475885784,226.58049220584797,STR_Global
H03,2023-07-21,342.77256480597214,0.5348560269149186,183.3339721475587,STR_Global
H03,2023-07-22,353.5211675405171,0.7929760560366831,280.3338211617627,STR_Global
H03,2023-07-23,373.91243621609533,0.7389037594449146,276.28530482327966,STR_Global
H03,2023-07-24,355.2593838082561,0.7309048491417094,259.66080632855005,STR_Global
H03,2023-07-25,333.73000789647546,0.5704980180879808,190.39230808142545,STR_Global
H03,2023-07-26,316.9041756100833,0.6241519320645805,197.79635348636663,STR_Global
H03,2023-07-27,335.09021738564394,0.5740253362029255,192.35027469310566,STR_Global
H03,2023-07-28,360.63815997460733,0.5313174340438461,191.61334177600247,STR_Global
H03,2023-07-29,379.1389586140472,0.7766453376117235,294.45650451456396,STR_Global
H03,2023-07-30,350.04876394567174,0.7087435093046262,248.0947893866021,STR_Global
H03,2023-07-31,366.58392390462615,0.8260700461947038,302.82399895413033,STR_Global
H03,2023-08-01,322.28120762565715,0.6178974989273818,199.1367521431898,STR_Global
H03,2023-08-02,381.6566099791021,0.7016886532810073,267.8041126720308,STR_Global
H03,2023-08-03,355.24794391777056,0.7417826685071239,263.5167678209929,STR_Global
H03,2023-08-04,352.8081696553975,0.7072225077142208,249.51387848575447,STR_Global
H03,2023-08-05,326.47915803712095,0.6796980267769661,221.90723950163638,STR_Global
H03,2023-08-06,349.26144390798777,0.7119786451375589,248.66668963239667,STR_Global
H03,2023-08-07,328.3541906411704,0.5271311984275451,173.08573802138676,STR_Global
H03,2023-08-08,356.57562107010233,0.6467714478740673,230.62293071610486,STR_Global
H03,2023-08-09,316.05616211474864,0.5557076583310289,175.634829749879,STR_Global
H03,2023-08-10,353.6330852946621,0.6512360140940698,230.29860091908398,STR_Global
H03,2023-08-11,322.0030299101008,0.7808261928438673,251.42839992889395,STR_Global
H03,2023-08-12,378.7888852288458,0.5670947449065721,214.80918624229713,STR_Global
H03,2023-08-13,341.9086251640629,0.7287011734610267,249.14921637349897,STR_Global
H03,2023-08-14,330.64491280482514,0.7060421021271917,233.44922929438073,STR_Global
H03,2023-08-15,372.577521323943,0.6721791339132748,250.4388355990827,STR_Global
H03,2023-08-16,368.9342550950908,0.8446399438703336,311.61660851536084,STR_Global
H03,2023-08-17,353.48636815608864,0.6573324104084961,232.3580464265868,STR_Global
H03,2023-08-18,327.7278897368806,0.6049695669669735,198.2653995371207,STR_Global
H03,2023-08-19,351.94907380782223,0.5855285299846974,206.07622381616991,STR_Global
H03,2023-08-20,357.5127214580408,0.8025713374584099,286.92946301897575,STR_Global
H03,2023-08-21,338.1148635708302,0.7819158071379386,264.3773564543197,STR_Global
H03,2023-08-22,359.11837696588566,0.6340719842470636,227.7069018623441,STR_Global
H03,2023-08-23,325.2746505145055,0.7200224412993959,234.20504795626204,STR_Global
H03,2023-08-24,346.84545502582114,0.5654191876767016,196.11307543005574,STR_Global
H03,2023-08-25,316.39159360880967,0.598560213582338,189.3794198461454,STR_Global
H03,2023-08-26,342.3893798784862,0.8348101987185577,285.83014625548276,STR_Global
H03,2023-08-27,363.62253281387103,0.8391156009899132,305.1213401555858,STR_Global
H03,2023-08-28,383.22264476042693,0.6969457018798737,267.08537512881725,STR_Global
H03,2023-08-29,363.9565206013255,0.8132614630618094,295.9918124351195,STR_Global
H03,2023-08-30,336.2435088609674,0.6016438227497862,202.29883004591403,STR_Global
H03,2023-08-31,354.39390495610724,0.6038472012094649,213.99976763343847,STR_Global
H03,2023-09-01,322.73509458593827,0.7859441832831743,253.65177033116325,STR_Global
H03,2023-09-02,328.08366743789543,0.7109554301776606,233.25286491757348,STR_Global
H03,2023-09-03,337.6427134311348,0.5988745928965692,202.20564255056382,STR_Global
H03,2023-09-04,384.01731790809924,0.5221617364403124,200.51914954204457,STR_Global
H03,2023-09-05,340.9859353430202,0.7318739056144974,249.55870825910867,STR_Global
H03,2023-09-06,362.1625452381201,0.6246868885806544,226.23819354525173,STR_Global
H03,2023-09-07,322.97733869507067,0.7416934241398756,239.55016825633132,STR_Global
H03,2023-09-08,317.01609593985336,0.5979956423089341,189.5742439138233,STR_Global
H03,2023-09-09,347.7021893346713,0.6517400859813304,226.61145477287548,STR_Global
H03,2023-09-10,337.0696359172746,0.6080953331998606,204.9704725646708,STR_Global
H03,2023-09-11,354.7478263979709,0.7403874255973035,262.65082992303286,STR_Global
H03,2023-09-12,352.6150424458814,0.7468161426210741,263.33860582959943,STR_Global
H03,2023-09-13,359.544368768694,0.6789635902813942,244.11753548465006,STR_Global
H03,2023-09-14,324.8520354373807,0.6011352366992511,195.28000521488335,STR_Global
H03,2023-09-15,376.1011300036988,0.7237868100660505,272.2170371476141,STR_Global
H03,2023-09-16,367.9621748805699,0.5593320561153118,205.81303984861108,STR_Global
H03,2023-09-17,357.4782000239614,0.8082038550923383,288.9152593708356,STR_Global
H03,2023-09-18,322.50650612386664,0.5053952354569426,162.9932515988675,STR_Global
H03,2023-09-19,319.87072484805054,0.7494116394891566,239.71484433296246,STR_Global
H03,2023-09-20,336.7492466490769,0.6654474145227012,224.08891552509562,STR_Global
H03,2023-09-21,339.6723949079468,0.5596516206579986,190.09820630301613,STR_Global
H03,2023-09-22,362.1065280172458,0.5106478100376495,184.90890553234334,STR_Global
H03,2023-09-23,376.340764834404,0.8262937435933585,310.9680194418075,STR_Global
H03,2023-09-24,320.41054452053265,0.7052274494630334,225.96231109327695,STR_Global
H03,2023-09-25,337.06311031077746,0.5329778325616276,179.64716596991894,STR_Global
H03,2023-09-26,354.33286721009983,0.6215083938860024,220.22085120077134,STR_Global
H03,2023-09-27,382.87004362855913,0.6606207835045573,252.93190820232277,STR_Global
H03,2023-09-28,344.4043868705613,0.71956356433311,247.82084818854045,STR_Global
H03,2023-09-29,371.93403303315756,0.6712657910684826,249.66659290929366,STR_Global
H03,2023-09-30,325.7542064275287,0.5243571465887081,170.81154617160794,STR_Global
H03,2023-10-01,354.55124382342774,0.7533983844506582,267.1183343015419,STR_Global
H03,2023-10-02,368.6688476683438,0.8109140351459176,298.9587428953323,STR_Global
H03,2023-10-03,359.9902008321891,0.784641805472729,282.46336113345916,STR_Global
H03,2023-10-04,379.8205192322276,0.8026372134049776,304.8580831505869,STR_Global
H03,2023-10-05,382.1120307835907,0.518044205643188,197.95092345399064,STR_Global
H03,2023-10-06,342.2156583272982,0.8056793038772965,275.7160733770483,STR_Global
H03,2023-10-07,325.95555293563194,0.528155120073267,172.15509419926684,STR_Global
H03,2023-10-08,364.10485303960485,0.6709814238757892,244.30759273259903,STR_Global
H03,2023-10-09,360.15722436105534,0.8433331290734166,303.73251897880533,STR_Global
H03,2023-10-10,363.2851593987214,0.7095572894901725,257.77163301496205,STR_Global
H03,2023-10-11,337.47094107500436,0.7466754453940928,251.98126523474252,STR_Global
H03,2023-10-12,337.05501386992626,0.7079474543908284,238.61723905887965,STR_Global
H03,2023-10-13,355.79066884320747,0.7667863677558502,272.8154346437076,STR_Global
H03,2023-10-14,376.81800009520236,0.7931729460390053,298.8818432560379,STR_Global
H03,2023-10-15,381.33245467834337,0.5731176012080245,218.54834168801986,STR_Global
H03,2023-10-16,321.69156154118883,0.5855336112196434,188.36122172809846,STR_Global
H03,2023-10-17,327.27720096539605,0.7367389452728088,241.11785985108298,STR_Global
H03,2023-10-18,377.3385804138626,0.6488954229953808,244.85327775012988,STR_Global
H03,2023-10-19,381.8700337201276,0.6868217378072632,262.2766401761762,STR_Global
H03,2023-10-20,370.97165559594305,0.6011468261796795,223.0084333641223,STR_Global
H03,2023-10-21,321.68749265531517,0.7911530545256218,254.50404241694113,STR_Global
H03,2023-10-22,352.85685977377045,0.8154631809569701,287.7417772936064,STR_Global
H03,2023-10-23,326.6392057867476,0.5788511121518904,189.07546754206905,STR_Global
H03,2023-10-24,346.8522833385396,0.6255181924581371,216.96241332390093,STR_Global
H03,2023-10-25,368.93064656874856,0.6350582569675383,234.29245335185635,STR_Global
H03,2023-10-26,363.452581348062,0.7445641761088896,270.6137717860689,STR_Global
H03,2023-10-27,366.98422227692004,0.6884152652409381,252.63754071800528,STR_Global
H03,2023-10-28,381.4947376739839,0.5810309738861196,221.66025896314457,STR_Global
H03,2023-10-29,354.92326983408736,0.5488129122828136,194.78647335458436,STR_Global
H03,2023-10-30,339.8544797315419,0.6882618790447541,233.90888282180833,STR_Global
H03,2023-10-31,368.7622717977858,0.5858304853810876,216.0321806775294,STR_Global
H03,2023-11-01,319.5596067069627,0.5760363003683081,184.07793359463037,STR_Global
H03,2023-11-02,371.9545216661282,0.7645559529124355,284.38004375253576,STR_Global
H03,2023-11-03,364.3385338262136,0.6754314543374428,246.08570577341106,STR_Global
H03,2023-11-04,320.887706951678,0.7274267546294186,233.42230326833507,STR_Global
H03,2023-11-05,360.74956068767716,0.6665288852481104,240.450002538903,STR_Global
H03,2023-11-06,329.31124569459644,0.5648281657908283,186.0042668799717,STR_Global
H03,2023-11-07,342.66043759483455,0.5792938469842019,198.50108310360176,STR_Global
H03,2023-11-08,369.31817361249216,0.6533111240970644,241.27967115225204,STR_Global
H03,2023-11-09,318.4189136324521,0.5442844199171765,173.3104536970967,STR_Global
H03,2023-11-10,325.38374265037993,0.5279408732970057,171.78337725148972,STR_Global
H03,2023-11-11,355.76593942108445,0.7199177278545288,256.12220675605903,STR_Global
H03,2023-11-12,374.2051926703082,0.5431502397641175,203.24964011985566,STR_Global
H03,2023-11-13,352.7273483549495,0.7076332025478961,249.6015831426403,STR_Global
H03,2023-11-14,345.86167683330063,0.7591626278306556,262.56525945068546,STR_Global
H03,2023-11-15,369.9794764853502,0.7833244475465464,289.8139690214474,STR_Global
H03,2023-11-16,349.45794844652613,0.5131505100456135,179.3245244848286,STR_Global
H03,2023-11-17,383.78147304074116,0.5666575544626316,217.47267096133274,STR_Global
H03,2023-11-18,362.4011970545625,0.7484404272987226,271.23570677708534,STR_Global
H03,2023-11-19,344.5333889353525,0.7522346131371962,259.16994053863203,STR_Global
H03,2023-11-20,368.98771786656846,0.7437210846333483,274.4239457481082,STR_Global
H03,2023-11-21,318.89485408814164,0.5322245159981159,169.72365937135098,STR_Global
H03,2023-11-22,355.73788652582704,0.5907844073633861,210.16439646786424,STR_Global
H03,2023-11-23,317.819688071639,0.507713721283672,161.3614165280677,STR_Global
H03,2023-11-24,351.6690155115791,0.7126871465210534,250.62998718481538,STR_Global
H03,2023-11-25,384.2479367030541,0.6619907300195828,254.3685721265732,STR_Global
H03,2023-11-26,369.57440492934353,0.836726382313028,309.2326548320197,STR_Global
H03,2023-11-27,368.2351403092068,0.7472853713061168,275.17673355392566,STR_Global
H03,2023-11-28,372.75272374363533,0.8234831952849465,306.95560399957577,STR_Global
H03,2023-11-29,336.32059629610745,0.7355531853370683,247.38168590006404,STR_Global
H03,2023-11-30,356.02842441638484,0.8274792952933405,294.6061497404685,STR_Global
H03,2023-12-01,373.0666215850528,0.5521972877466382,206.0063765880676,STR_Global
H03,2023-12-02,360.1557884376751,0.785077788845686,282.7503100266247,STR_Global
H03,2023-12-03,315.59883390827196,0.6064245996730899,191.38689651011782,STR_Global
H03,2023-12-04,359.1528498628537,0.5306014441227749,190.56702079804032,STR_Global
H03,2023-12-05,379.8698991715442,0.6843412756242229,259.9606513702995,STR_Global
H03,2023-12-06,318.6436678857115,0.7706872786200702,245.57462125235648,STR_Global
H03,2023-12-07,319.4152622040077,0.6504361943494836,207.75924756511725,STR_Global
H03,2023-12-08,317.0327147861842,0.685347082776918,217.27744622355803,STR_Global
H03,2023-12-09,371.4278272360884,0.7144339854088178,265.36066290401646,STR_Global
H03,2023-12-10,370.98806178349315,0.6941032350374685,257.50401384420286,STR_Global
H03,2023-12-11,357.9136418108635,0.5786660831805868,207.11248522359188,STR_Global
H03,2023-12-12,358.46119312897616,0.7569374433083944,271.3326990523238,STR_Global
H03,2023-12-13,324.3428303128761,0.694938636816157,225.39836435872425,STR_Global
H03,2023-12-14,359.3298459547782,0.6725065639973548,241.65168004474666,STR_Global
H03,2023-12-15,339.1332131088507,0.5031031973467682,170.61900384154572,STR_Global
H03,2023-12-16,349.45158540986444,0.5645517269588811,197.2834960316579,STR_Global
H03,2023-12-17,339.3220425405016,0.6592813831372427,223.70870553505623,STR_Global
H03,2023-12-18,326.9633702960992,0.5150139538477501,168.39069809958005,STR_Global
H03,2023-12-19,342.4142369167672,0.6247038504431498,213.9074922484574,STR_Global
H03,2023-12-20,332.4068148448299,0.810216080386578,269.32134661736507,STR_Global
H03,2023-12-21,334.16744335003546,0.6605764528516253,220.74314438666283,STR_Global
H03,2023-12-22,353.0977736545604,0.67381833492211,237.92375390861994,STR_Global
H03,2023-12-23,359.70506320241884,0.6761822835304837,243.22619103368854,STR_Global
H03,2023-12-24,352.2409435064355,0.8011507338309899,282.19809037550107,STR_Global
H03,2023-12-25,359.4467599080603,0.7107187855244658,255.46556466256084,STR_Global
H03,2023-12-26,340.4743703763133,0.8499624333467672,289.39042433725973,STR_Global
H03,2023-12-27,384.5113075448619,0.7983131111714303,306.9604182067334,STR_Global
H03,2023-12-28,358.81545799536156,0.798158871450946,286.3917410127321,STR_Global
H03,2023-12-29,377.2367369901368,0.575204910847197,216.98842366869917,STR_Global
H03,2023-12-30,351.0542242030509,0.6903907526417677,242.3645900656162,STR_Global
H03,2023-12-31,371.36951497298884,0.5271359940632104,195.76223844005878,STR_Global
H03,2024-01-01,376.69016052511455,0.6465326147116555,243.54247442045553,STR_Global
H03,2024-01-02,318.37415694320856,0.632856819814157,201.48525647409227,STR_Global
H03,2024-01-03,378.8257479130869,0.8452913678573744,320.2181346330461,STR_Global
H03,2024-01-04,331.7608065380276,0.5368525003895808,178.1066185212041,STR_Global
H03,2024-01-05,331.4862059454075,0.6244115740894759,206.98382364332008,STR_Global
H03,2024-01-06,337.3091859172969,0.715855477381392,241.46462830995526,STR_Global
H03,2024-01-07,359.6934541629268,0.8317613807011632,299.1791240637266,STR_Global
H03,2024-01-08,338.1491951879518,0.7630531453489933,258.0258069853973,STR_Global
H03,2024-01-09,334.74421756191913,0.519266787047975,173.82155433626608,STR_Global
H03,2024-01-10,382.1158783533523,0.8173390985269023,312.31824754614445,STR_Global
H03,2024-01-11,337.5748052849686,0.8465305359714699,285.76738084834903,STR_Global
H03,2024-01-12,319.40287803248015,0.5631034112438731,179.85685018120031,STR_Global
H03,2024-01-13,330.45774411144714,0.8006238859857425,264.5723632445889,STR_Global
H03,2024-01-14,380.68360418350215,0.8184315151325666,311.56345895802997,STR_Global
H03,2024-01-15,336.6445415570529,0.7546025080954186,254.0328153955845,STR_Global
H03,2024-01-16,344.8753679122164,0.6641860412330214,229.0614053323968,STR_Global
H03,2024-01-17,347.5916853386547,0.7038266005090057,244.64427425710133,STR_Global
H03,2024-01-18,345.82514381983367,0.7515105819947496,259.8912551004612,STR_Global
H03,2024-01-19,369.1069698645496,0.7242236224620429,267.31598679129223,STR_Global
H03,2024-01-20,331.05883938642245,0.7058191680463854,233.66767459012664,STR_Global
H03,2024-01-21,379.36912039693,0.6171996751016742,234.1464978525931,STR_Global
H03,2024-01-22,348.10488365547513,0.597362886847906,207.94493822628905,STR_Global
H03,2024-01-23,351.7808399106667,0.6174123829139266,217.19384663270728,STR_Global
H03,2024-01-24,327.1724522545322,0.7640852685893595,249.98765105594362,STR_Global
H03,2024-01-25,382.7851847056786,0.8192699651736705,313.60440494281835,STR_Global
H03,2024-01-26,354.9514674283299,0.844281281455995,299.67887977507627,STR_Global
H03,2024-01-27,323.09986759844656,0.693055610631886,223.92617603352292,STR_Global
H03,2024-01-28,374.4039459104685,0.660441768560685,247.2720041932089,STR_Global
H03,2024-01-29,339.3094064413389,0.7104993048286803,241.07909739840343,STR_Global
H03,2024-01-30,362.58628496713925,0.6217177573201198,225.4263319248037,STR_Global
H03,2024-01-31,342.07391644171776,0.649410343498208,222.14633957819325,STR_Global
H03,2024-02-01,363.95596697676837,0.8093254717910505,294.55883468464106,STR_Global
H03,2024-02-02,325.0345107837605,0.6516119671415606,211.79637696070094,STR_Global
H03,2024-02-03,324.1410450292917,0.5575023986342802,180.70941009965236,STR_Global
H03,2024-02-04,322.8292160658343,0.5709408709024252,184.31639377337464,STR_Global
H03,2024-02-05,376.543072125658,0.8466405371037699,318.79662882717065,STR_Global
H03,2024-02-06,375.15174054629404,0.6480705832188537,243.12480729140486,STR_Global
H03,2024-02-07,356.48904464865296,0.7966758013282149,284.0061953101954,STR_Global
H03,2024-02-08,348.9318950179785,0.6944962392521055,242.33188884509653,STR_Global
H03,2024-02-09,384.24445680586655,0.8275909296487535,317.9972272203474,STR_Global
H03,2024-02-10,325.9148376521682,0.8468211161780793,275.9915665996066,STR_Global
H03,2024-02-11,334.0216961539137,0.5311556436568636,177.41750901598937,STR_Global
H03,2024-02-12,369.52248515718003,0.7985235253624574,295.07239754840776,STR_Global
H03,2024-02-13,364.6093002449553,0.679888279382926,247.8935897905553,STR_Global
H03,2024-02-14,362.403306578375,0.7944579230248956,287.9141782416103,STR_Global
H03,2024-02-15,376.96602889478214,0.6875775975951749,259.1933965224676,STR_Global
H03,2024-02-16,369.43497987743825,0.6334016786763678,234.00073641613955,STR_Global
H03,2024-02-17,339.24795238339965,0.8112249046984668,275.2063878413734,STR_Global
H03,2024-02-18,347.50592241274285,0.8110575262853188,281.8472938015771,STR_Global
H03,2024-02-19,334.36689595253574,0.6164673003674878,206.12625768011637,STR_Global
H03,2024-02-20,376.54908488280364,0.5419442315394214,204.06860444368337,STR_Global
H03,2024-02-21,363.58139620771965,0.566761892297031,206.06408011868376,STR_Global
H03,2024-02-22,334.1242454235163,0.5645872677578254,188.64229481530816,STR_Global
H03,2024-02-23,359.71063861719045,0.7447349573359159,267.8890871038484,STR_Global
H03,2024-02-24,368.05564177243167,0.768943690089912,283.01406334290436,STR_Global
H03,2024-02-25,338.39843623454465,0.7754465291846888,262.4098928596039,STR_Global
H03,2024-02-26,372.5654459668702,0.7152185300306793,266.46571060464936,STR_Global
H03,2024-02-27,352.9687090074816,0.5764533857460381,203.47000736977088,STR_Global
H03,2024-02-28,348.30556542143154,0.744124662612983,259.18276135544704,STR_Global
H03,2024-02-29,362.91811031219265,0.7373253793126708,267.58873334537515,STR_Global
H03,2024-03-01,373.91726464900427,0.8444874182719516,315.7684254707477,STR_Global
H03,2024-03-02,352.49421569930627,0.6155753288060096,216.98674273131692,STR_Global
H03,2024-03-03,325.2122472538301,0.688466591831947,223.8977674888529,STR_Global
H03,2024-03-04,342.31371770749314,0.7270526580542169,248.88009834765376,STR_Global
H03,2024-03-05,322.5994201291967,0.806478685686105,260.16955634889416,STR_Global
H03,2024-03-06,317.56955879632403,0.5597640928486687,177.7640359959763,STR_Global
H03,2024-03-07,343.3588251335802,0.7677651164896714,263.6189283764399,STR_Global
H03,2024-03-08,316.55752463484316,0.683647639413793,216.41380445528415,STR_Global
H03,2024-03-09,370.2565743423347,0.5385815180524315,199.41334787818758,STR_Global
H03,2024-03-10,368.28900007377524,0.6209062350319297,228.67293643948184,STR_Global
H03,2024-03-11,326.0460613917966,0.8352539959571517,272.3312756435889,STR_Global
H03,2024-03-12,371.48099752882155,0.7954491610089162,295.4942478150564,STR_Global
H03,2024-03-13,334.88247034555445,0.5942789908209429,199.01361652058046,STR_Global
H03,2024-03-14,327.1052060247612,0.8226487858250684,269.0927005733286,STR_Global
H03,2024-03-15,340.8723808836688,0.7045229959437396,240.15243101463787,STR_Global
H03,2024-03-16,342.1808444563977,0.7340059464953979,251.1627746078127,STR_Global
H03,2024-03-17,371.5363454365883,0.6396960958400109,237.67034963845117,STR_Global
H03,2024-03-18,353.5344728626143,0.5184070149342375,183.27475075305705,STR_Global
H03,2024-03-19,324.4007875076631,0.6867608405338997,222.7857574986217,STR_Global
H03,2024-03-20,370.51432046324834,0.834952421236774,309.36182897368724,STR_Global
H03,2024-03-21,339.18750252440384,0.8438382687679691,286.2193949179241,STR_Global
H03,2024-03-22,334.204317030875,0.7134059736164723,238.42335617823957,STR_Global
H03,2024-03-23,322.5617723550708,0.5534976063826771,178.53716890908566,STR_Global
H03,2024-03-24,322.4658548740784,0.6944227888380403,223.9276382467003,STR_Global
H03,2024-03-25,352.90041336268916,0.7368578445379603,260.03743792698634,STR_Global
H03,2024-03-26,377.1656267581164,0.5216912625963318,196.76401203137857,STR_Global
H03,2024-03-27,377.37354318513746,0.6250448226986158,235.8753793913027,STR_Global
H03,2024-03-28,344.920174981215,0.7820669764566157,269.75067836644564,STR_Global
H03,2024-03-29,347.01098585978286,0.6518044719261057,226.1833123908931,STR_Global
H03,2024-03-30,384.3981304134728,0.5369539495165498,206.40409431229202,STR_Global
H03,2024-03-31,351.8762043199156,0.5694933412379826,200.39115530028775,STR_Global
H03,2024-04-01,369.0324502427678,0.6539372582416355,241.32406871394838,STR_Global
H03,2024-04-02,365.662246978545,0.7133934093007445,260.8610370245951,STR_Global
H03,2024-04-03,376.8936129859859,0.6997254638907657,263.7220581840857,STR_Global
H03,2024-04-04,379.83592151440814,0.6418137363303363,243.78391197963867,STR_Global
H03,2024-04-05,383.70789751310195,0.6605550884700843,253.46020418843707,STR_Global
H03,2024-04-06,375.1595813602913,0.5228393161937521,196.14817898194903,STR_Global
H03,2024-04-07,350.99450221341004,0.6652272421380045,233.4911047130285,STR_Global
H03,2024-04-08,333.5604301551908,0.7584958243405282,253.0041934379426,STR_Global
H03,2024-04-09,375.1238628266949,0.667895056886741,250.5433737022094,STR_Global
H03,2024-04-10,376.5694266328947,0.8346791689766538,314.31465608395956,STR_Global
H03,2024-04-11,369.239489257387,0.6556119597326353,242.07782516271283,STR_Global
H03,2024-04-12,321.1129160790928,0.688350200528509,221.03814017533784,STR_Global
H03,2024-04-13,365.01139457575766,0.6590777615246685,240.57089286798788,STR_Global
H03,2024-04-14,352.8601705177554,0.5657943552266118,199.64629266324573,STR_Global
H03,2024-04-15,342.3237939808368,0.84100064460441,287.894531401311,STR_Global
H03,2024-04-16,371.64968850600036,0.8379103624539312,311.40912520195343,STR_Global
H03,2024-04-17,331.0856978523682,0.6983675973483314,231.21952332555398,STR_Global
H03,2024-04-18,324.1726057755884,0.7164010874168518,232.23760728838596,STR_Global
H03,2024-04-19,321.86164084080525,0.736524663784931,237.0590368055403,STR_Global
H03,2024-04-20,384.7255390234779,0.5215831725575915,200.66636720779505,STR_Global
H03,2024-04-21,335.5509946896998,0.8170283087071221,274.1546616763179,STR_Global
H03,2024-04-22,349.88272967537756,0.5766733157093327,201.7680338313321,STR_Global
H03,2024-04-23,370.59965021538727,0.7857170396132789,291.1864600489507,STR_Global
H03,2024-04-24,348.7551390792271,0.5740152984570577,200.1907852469952,STR_Global
H03,2024-04-25,335.78242805796003,0.8116758705717694,272.54649461664724,STR_Global
H03,2024-04-26,371.7281358601289,0.6816821056189049,253.40041837092298,STR_Global
H03,2024-04-27,345.42216581025946,0.7455597724648589,257.5328713458158,STR_Global
H03,2024-04-28,327.23858408263476,0.7660719685852061,250.6883063052195,STR_Global
H03,2024-04-29,340.1376960077318,0.5784602968614156,196.7561526063905,STR_Global
H03,2024-04-30,370.87195618324915,0.7027919708803292,260.64583303026876,STR_Global
H03,2024-05-01,384.2132284125983,0.6275753375920774,241.12274652837834,STR_Global
H03,2024-05-02,373.4877495468998,0.6397901056224031,238.95376673128467,STR_Global
H03,2024-05-03,328.729754481371,0.7622463678884366,250.57306137028255,STR_Global
H03,2024-05-04,350.282660534013,0.8016398457886109,280.80053797291055,STR_Global
H03,2024-05-05,373.9649751402868,0.7057768065619926,263.93580592054656,STR_Global
H03,2024-05-06,323.6264267606863,0.7014163472602277,226.9968661353602,STR_Global
H03,2024-05-07,317.99861248322986,0.7561887434234492,240.46697118409395,STR_Global
H03,2024-05-08,323.68678132767775,0.6451415539580252,208.8237931014095,STR_Global
H03,2024-05-09,344.0891672486322,0.5679815253934536,195.43629008524127,STR_Global
H03,2024-05-10,369.19508907164516,0.7584370729276201,280.01124269475054,STR_Global
H03,2024-05-11,380.17155953496956,0.5079403947638567,193.10449202818347,STR_Global
H03,2024-05-12,372.3183029449883,0.5119684074724161,190.61520863157824,STR_Global
H03,2024-05-13,347.66440589651313,0.7027274163498873,244.31330971247522,STR_Global
H03,2024-05-14,345.6152904093831,0.8113998020435391,280.4321782213937,STR_Global
H03,2024-05-15,379.437466186774,0.8313235545252333,315.43530311043696,STR_Global
H03,2024-05-16,321.5001631060465,0.6637623848462088,213.39971499171452,STR_Global
H03,2024-05-17,319.8020689426602,0.5264172700484101,168.3493320886286,STR_Global
H03,2024-05-18,315.54111871382446,0.556044884064624,175.4550247728503,STR_Global
H03,2024-05-19,326.2360790696484,0.5480260310635231,178.7858636022651,STR_Global
H03,2024-05-20,365.0838925842073,0.5717828138032635,208.74869537604644,STR_Global
H03,2024-05-21,350.4587671116993,0.6583867754102553,230.7374175929253,STR_Global
H03,2024-05-22,333.0297407954662,0.5242606914799609,174.59440219282325,STR_Global
H03,2024-05-23,357.35021429366236,0.7588429020572476,271.17267366538204,STR_Global
H03,2024-05-24,369.65412644210323,0.5414134255510984,200.13570686611797,STR_Global
H03,2024-05-25,350.9085189340039,0.7576189050689763,265.85492789415616,STR_Global
H03,2024-05-26,379.4720661237662,0.8175513465084001,310.2378986218097,STR_Global
H03,2024-05-27,333.5974925851986,0.6790279276679736,226.5220140653596,STR_Global
H03,2024-05-28,332.4899277112584,0.5802148338009189,192.91558814746733,STR_Global
H03,2024-05-29,378.62985960609683,0.7036861239067174,266.4365783015589,STR_Global
H03,2024-05-30,360.63680414889194,0.8243026210000941,297.27386288902926,STR_Global
H03,2024-05-31,340.68078760003607,0.7936083781767923,270.36712732325685,STR_Global
H03,2024-06-01,329.0758441884232,0.6698805133092179,220.44149542260516,STR_Global
H03,2024-06-02,324.6286478032598,0.6207678042627199,201.51901289760542,STR_Global
H03,2024-06-03,359.0341783437621,0.6790446687817593,243.80024471477103,STR_Global
H03,2024-06-04,317.690024305123,0.6464717674998421,205.37763152960068,STR_Global
H03,2024-06-05,344.53875162746,0.7357214340296141,253.4845444261279,STR_Global
H03,2024-06-06,324.2877432592595,0.6163970333424563,199.8900028943277,STR_Global
H03,2024-06-07,331.92736376244073,0.7358817714150072,244.25929642661836,STR_Global
H03,2024-06-08,380.7201843504961,0.6406483185078273,243.90774592613536,STR_Global
H03,2024-06-09,350.15039168458895,0.555436241415447,194.4862174874347,STR_Global
H03,2024-06-10,373.9716453269059,0.7350238345113616,274.8780727467053,STR_Global
H03,2024-06-11,367.8927932276921,0.8109229819666397,298.3327209282365,STR_Global
H03,2024-06-12,377.136064463237,0.6212893744172335,234.31062956054197,STR_Global
H03,2024-06-13,340.268001919039,0.7981438169019808,271.5828018212723,STR_Global
H03,2024-06-14,346.8685043162628,0.6163180130771128,213.781307379229,STR_Global
H03,2024-06-15,353.2238214705596,0.6787832254990381,239.76240486088284,STR_Global
H03,2024-06-16,337.12359066182097,0.5595354361658594,188.63259534276264,STR_Global
H03,2024-06-17,355.8372909258701,0.6961603715954156,247.7198206784597,STR_Global
H03,2024-06-18,328.8655811392071,0.6921411222451487,227.62139239749382,STR_Global
H03,2024-06-19,354.62333010469297,0.8490105947688908,301.07896441111006,STR_Global
H03,2024-06-20,342.7532800106372,0.7787524755227309,266.91996530181945,STR_Global
H03,2024-06-21,328.8581278874478,0.801881932179342,263.7053910032678,STR_Global
H03,2024-06-22,330.35297288216435,0.5649530828742444,186.6339304664504,STR_Global
H03,2024-06-23,350.27760458777755,0.6978911871826765,244.4556533092682,STR_Global
H03,2024-06-24,327.00025431323024,0.5236441952094905,171.23178500315015,STR_Global
H03,2024-06-25,317.2491606281152,0.5218195207683066,165.5468049631106,STR_Global
H03,2024-06-26,359.4570376239169,0.7905813276569598,284.18002204035395,STR_Global
H03,2024-06-27,373.24434677279055,0.5953346027421513,222.20527491173303,STR_Global
H03,2024-06-28,321.99558345980336,0.770598535509847,248.1293250547632,STR_Global
H03,2024-06-29,360.80753553814026,0.6064715813472513,218.8195166398205,STR_Global
H03,2024-06-30,360.1809283228448,0.6282061008418186,226.26785657928087,STR_Global
H03,2024-07-01,362.80591862377315,0.7547145010650046,273.8148878575716,STR_Global
H03,2024-07-02,348.02900823863297,0.6343562337019971,220.77437088530053,STR_Global
H03,2024-07-03,352.426169672436,0.6451967894334381,227.3842331849798,STR_Global
H03,2024-07-04,359.918055558236,0.5555093020433148,199.9378278359427,STR_Global
H03,2024-07-05,325.0317025392928,0.7039103278745747,228.79317230406483,STR_Global
H03,2024-07-06,349.6962940824562,0.6242831682271164,218.30951038707715,STR_Global
H03,2024-07-07,320.87926509724116,0.7715515035305281,247.57487943754734,STR_Global
H03,2024-07-08,367.07035014201995,0.6651185029024382,244.14528174633412,STR_Global
H03,2024-07-09,331.54282123266205,0.7347518339974668,243.6016959493927,STR_Global
H03,2024-07-10,325.6127446551333,0.5059020045287366,164.72814022113562,STR_Global
H03,2024-07-11,322.0012663017026,0.5839104605283905,188.01990769695203,STR_Global
H03,2024-07-12,358.2418350437499,0.5101639657732268,182.76207527179758,STR_Global
H03,2024-07-13,380.3165851176898,0.8308065100122639,315.96949478140994,STR_Global
H03,2024-07-14,316.9603723630721,0.7150474543780603,226.6417073969368,STR_Global
H03,2024-07-15,327.62059997003524,0.5974144746745236,195.72528862365084,STR_Global
H03,2024-07-16,361.89484395129267,0.6375305537806759,230.71902027463892,STR_Global
H03,2024-07-17,323.34099318783257,0.6343027611518091,205.09608477261048,STR_Global
H03,2024-07-18,371.5249112159663,0.5350501507084229,198.78445973803622,STR_Global
H03,2024-07-19,338.99182895121925,0.7083806782921127,240.13526172794855,STR_Global
H03,2024-07-20,346.99016165638585,0.7238139538222363,251.1563208459256,STR_Global
H03,2024-07-21,349.3887339943001,0.7074982017122775,247.1919009994966,STR_Global
H03,2024-07-22,361.86490035854865,0.6956714507178381,251.73908019629746,STR_Global
H03,2024-07-23,319.0378299208481,0.6630551051176864,211.53966185468647,STR_Global
H03,2024-07-24,375.6332240685907,0.6961780569272906,261.50760804940506,STR_Global
H03,2024-07-25,344.3373560400695,0.524480403548521,180.5981954527264,STR_Global
H03,2024-07-26,368.58025517213406,0.5514744665926202,203.2625996176245,STR_Global
H03,2024-07-27,315.594020845841,0.8161693547973781,257.5781683716603,STR_Global
H03,2024-07-28,361.94060355788554,0.7895153499858626,285.75766229209836,STR_Global
H03,2024-07-29,356.787477600151,0.5200128790855932,185.53408344854114,STR_Global
H03,2024-07-30,350.94654538387385,0.5124860457261863,179.8552073050471,STR_Global
H03,2024-07-31,334.1330708187264,0.5669526109707376,189.4376169123473,STR_Global
H03,2024-08-01,375.06095602978286,0.6639053316599854,249.00496840566421,STR_Global
H03,2024-08-02,383.940615824139,0.5933308804358703,227.80382362202664,STR_Global
H03,2024-08-03,360.5723308602232,0.6267862582188473,226.00178207712747,STR_Global
H03,2024-08-04,337.17537521462305,0.6412724341883765,216.22127361226052,STR_Global
H03,2024-08-05,383.71265991324105,0.7487335360799923,287.2985366955005,STR_Global
H03,2024-08-06,363.9249362661652,0.6463894436396167,235.2372370796695,STR_Global
H03,2024-08-07,319.17462822560634,0.5123148699595665,163.5179081537945,STR_Global
H03,2024-08-08,356.76474399534186,0.5271559580912777,188.07066043405385,STR_Global
H03,2024-08-09,367.00146530028456,0.6307140001940671,231.47296225662657,STR_Global
H03,2024-08-10,343.4891662153088,0.6505799761907287,223.46717357812884,STR_Global
H03,2024-08-11,362.69849420269065,0.8387606774770464,304.2172347173534,STR_Global
H03,2024-08-12,338.11871718260414,0.7568509545719478,255.9054738582964,STR_Global
H03,2024-08-13,367.571670139689,0.6663761251094772,244.94098524770487,STR_Global
H03,2024-08-14,342.0866892861432,0.8042109497165699,275.1098612762064,STR_Global
H03,2024-08-15,348.7730416093046,0.8493853698521433,296.24271894177616,STR_Global
H03,2024-08-16,379.84585359694256,0.7817458196209728,296.9429081497699,STR_Global
H03,2024-08-17,368.7423664082504,0.5949270967493948,219.37482549576197,STR_Global
H03,2024-08-18,326.6350711309169,0.6958652298240868,227.29398884112246,STR_Global
H03,2024-08-19,334.4026955272235,0.682466930000857,228.21878100047553,STR_Global
H03,2024-08-20,325.9008208346342,0.5307146195194986,172.96033013034517,STR_Global
H03,2024-08-21,318.2083579044098,0.7515727132046504,239.15671891461372,STR_Global
H03,2024-08-22,337.58394909657414,0.6961593713564507,235.0122297830991,STR_Global
H03,2024-08-23,377.4106390570677,0.7747462576817514,292.39748021874146,STR_Global
H03,2024-08-24,357.4245287329442,0.6232267679331844,222.75653382227443,STR_Global
H03,2024-08-25,316.19654640842487,0.5033551062095136,159.1591462004941,STR_Global
H03,2024-08-26,326.01363940600334,0.5798271579360721,189.03156198517834,STR_Global
H03,2024-08-27,327.4427242530876,0.8482832649146134,277.7641832019446,STR_Global
H03,2024-08-28,380.3965508750498,0.5419046298999628,206.13865211716623,STR_Global
H03,2024-08-29,334.8153507475264,0.8074189370151824,270.3362545969332,STR_Global
H03,2024-08-30,335.4952601107411,0.5732834667060205,192.33388577972374,STR_Global
H03,2024-08-31,373.44060287333207,0.5924909572473794,221.26018027145898,STR_Global
H03,2024-09-01,383.00647189575096,0.6420578840930284,245.91232493932182,STR_Global
H03,2024-09-02,328.7610846037602,0.839415989940598,275.96731128661,STR_Global
H03,2024-09-03,377.4859336734837,0.7904713108454355,298.3918008165918,STR_Global
H03,2024-09-04,379.21533895456935,0.716882453066898,271.85282243034686,STR_Global
H03,2024-09-05,347.0469555059238,0.5362402501834744,186.1005462459097,STR_Global
H03,2024-09-06,345.7061079084973,0.7021802986231025,242.74801808701912,STR_Global
H03,2024-09-07,353.04781664114,0.8478992066947848,299.3489636553484,STR_Global
H03,2024-09-08,325.9102257310954,0.8341160800264189,271.84695992734663,STR_Global
H03,2024-09-09,333.2581756017506,0.7828051621719743,260.8762201970647,STR_Global
H03,2024-09-10,317.3231341157501,0.595036719017976,188.8189165927371,STR_Global
H03,2024-09-11,368.04924050527296,0.5688402519444015,209.3612226969651,STR_Global
H03,2024-09-12,369.80918500860156,0.8232609337922712,304.4494549751401,STR_Global
H03,2024-09-13,359.92159313698164,0.7800553828326787,280.75877612421584,STR_Global
H03,2024-09-14,355.1676848432258,0.791292010089552,281.0413512584486,STR_Global
H03,2024-09-15,335.8570200270851,0.7228243623755548,242.76563635043175,STR_Global
H03,2024-09-16,331.36938583598345,0.7158057433249363,237.19610954345376,STR_Global
H03,2024-09-17,357.58235809800476,0.5001939646048389,178.86053736978823,STR_Global
H03,2024-09-18,341.26234788191715,0.7633088397357095,260.48856680723026,STR_Global
H03,2024-09-19,360.54023537765426,0.6424797404853847,231.6397968599748,STR_Global
H03,2024-09-20,380.5302890618971,0.837318677479808,318.62511837831676,STR_Global
H03,2024-09-21,346.4397781921574,0.8221050947004618,284.8099066586705,STR_Global
H03,2024-09-22,363.7302147456979,0.7597324073953855,276.3376316911896,STR_Global
H03,2024-09-23,384.85192957599224,0.7507158595398433,288.9144471072083,STR_Global
H03,2024-09-24,363.8344375982865,0.7915492097837962,287.99286157305556,STR_Global
H03,2024-09-25,369.99212546961155,0.6140424581957497,227.19087423643052,STR_Global
H03,2024-09-26,339.42930756099105,0.8371148863354615,284.1413262178434,STR_Global
H03,2024-09-27,359.29395188378106,0.6114509781270585,219.69063831447423,STR_Global
H03,2024-09-28,320.32625599447033,0.7288434364358192,233.4676891996297,STR_Global
H03,2024-09-29,374.52539513604955,0.8259286657126144,309.3312598802071,STR_Global
H03,2024-09-30,363.9108846592715,0.8476864575586738,308.482328683861,STR_Global
H03,2024-10-01,326.9897845404506,0.5043456312092982,164.915869283046,STR_Global
H03,2024-10-02,331.3203112532661,0.5075737637308073,168.16949738328282,STR_Global
H03,2024-10-03,369.79149972521344,0.7051386875643473,260.7542927886887,STR_Global
H03,2024-10-04,377.4757993365907,0.5177104854926317,195.42317933626558,STR_Global
H03,2024-10-05,360.1001709569445,0.6936873540804173,249.79693479502876,STR_Global
H03,2024-10-06,349.1709169261116,0.8416809398453411,293.89050552502914,STR_Global
H03,2024-10-07,356.0387490235288,0.8280417156722442,294.8149365872423,STR_Global
H03,2024-10-08,373.43165683438775,0.6838115264769784,255.35687129474985,STR_Global
H03,2024-10-09,347.87538494818847,0.5939324278470017,206.6144719704879,STR_Global
H03,2024-10-10,342.5564389838949,0.7470673342643304,255.9127257067801,STR_Global
H03,2024-10-11,365.3881218224968,0.5011825963829443,183.1261675824865,STR_Global
H03,2024-10-12,354.49525839233564,0.6382641874885244,226.26162806631862,STR_Global
H03,2024-10-13,315.84962208206406,0.7177691761980466,226.70712304430745,STR_Global
H03,2024-10-14,379.2734241260814,0.7254719186442422,275.1522186915197,STR_Global
H03,2024-10-15,356.83809209604505,0.7678165710433604,273.98620029084015,STR_Global
H03,2024-10-16,352.3198184527452,0.679525390726949,239.4102622949494,STR_Global
H03,2024-10-17,355.03617536849015,0.7358092009852445,261.23888451874586,STR_Global
H03,2024-10-18,375.31600088479337,0.5037125981796118,189.05139794406074,STR_Global
H03,2024-10-19,343.115162404843,0.5014088475988898,172.04097817511825,STR_Global
H03,2024-10-20,362.55511529451525,0.718540170615257,260.5104144011552,STR_Global
H03,2024-10-21,360.9290163057042,0.5141818339038845,185.583143513192,STR_Global
H03,2024-10-22,373.09705432687235,0.7521134970642405,280.6113302741509,STR_Global
H03,2024-10-23,337.5535415453574,0.8111107788797689,273.7933159964793,STR_Global
H03,2024-10-24,380.9274888275309,0.7951870762151747,302.90861609075296,STR_Global
H03,2024-10-25,332.62211249977713,0.5810028206621987,193.25438557698968,STR_Global
H03,2024-10-26,325.47183593032906,0.8142408778604968,265.0124734067787,STR_Global
H03,2024-10-27,371.60103186003687,0.6019559830468026,223.68746443451474,STR_Global
H03,2024-10-28,342.92707589384537,0.5815501714331487,199.42929977513415,STR_Global
H03,2024-10-29,330.1544547349069,0.6707487258282092,221.45067983994596,STR_Global
H03,2024-10-30,370.6056478895564,0.67464554232118,250.02744830774205,STR_Global
H03,2024-10-31,345.5694609982645,0.5812521080501374,200.862977682991,STR_Global
H03,2024-11-01,352.24563994780283,0.5621795677484936,198.02530160714733,STR_Global
H03,2024-11-02,318.4932744637629,0.5434629141903318,173.08928309009775,STR_Global
H03,2024-11-03,322.2412281685055,0.5072621058091327,163.4607639792773,STR_Global
H03,2024-11-04,343.03116585163195,0.515232064874517,176.74065589804923,STR_Global
H03,2024-11-05,370.38117809630484,0.6224555817450539,230.54583167935382,STR_Global
H03,2024-11-06,321.42833154986124,0.6558903772256282,210.82174963124277,STR_Global
H03,2024-11-07,320.361044070313,0.5572983783781676,178.53669035592216,STR_Global
H03,2024-11-08,347.2415405739366,0.8192209642373526,284.4675496922441,STR_Global
H03,2024-11-09,319.6881636286502,0.8081042010964894,258.34134806913414,STR_Global
H03,2024-11-10,340.5776177036163,0.6371367806280258,216.99452689764462,STR_Global
H03,2024-11-11,377.91183815601846,0.8349796861054766,315.548707999056,STR_Global
H03,2024-11-12,355.6300476640389,0.7435381308583364,264.4245009171806,STR_Global
H03,2024-11-13,317.41456802080154,0.790264611021734,250.84150012959043,STR_Global
H03,2024-11-14,381.45354159674474,0.8357651878818535,318.8055908608018,STR_Global
H03,2024-11-15,384.56390296410547,0.5705040454728282,219.39526238384232,STR_Global
H03,2024-11-16,326.6494129865717,0.7005031013883984,228.81892686379325,STR_Global
H03,2024-11-17,328.27533410136755,0.5809425048771895,190.70909488224473,STR_Global
H03,2024-11-18,364.1992695023794,0.8218675959243531,299.3235780633261,STR_Global
H03,2024-11-19,378.64239104513933,0.6319627253644884,239.2878773834126,STR_Global
H03,2024-11-20,382.9658198571067,0.7627090768775624,292.09150693887267,STR_Global
H03,2024-11-21,378.6950789284051,0.7138407763785584,270.32798915299213,STR_Global
H03,2024-11-22,320.3349579346139,0.6971826353789652,223.33197017686408,STR_Global
H03,2024-11-23,327.89263230392385,0.6842944449037482,224.3751068104424,STR_Global
H03,2024-11-24,342.1235925462108,0.6201370082145601,212.16350112122433,STR_Global
H03,2024-11-25,321.2496753395405,0.6710795597144343,215.58409068526382,STR_Global
H03,2024-11-26,328.35252821863673,0.5330631412783816,175.03263013892493,STR_Global
H03,2024-11-27,338.13131477988526,0.5634595785196318,190.5233281101631,STR_Global
H03,2024-11-28,352.82288070694386,0.8217470239139563,289.93115218967995,STR_Global
H03,2024-11-29,367.61415554970876,0.6251869819570209,229.82758443280125,STR_Global
H03,2024-11-30,328.5638156423858,0.6609279046462014,217.15699421508288,STR_Global
H03,2024-12-01,344.82394270552015,0.7173311305815142,247.35294867252605,STR_Global
H03,2024-12-02,320.115085657729,0.5821940950374549,186.3691126023389,STR_Global
H03,2024-12-03,340.53173206078526,0.8101177940665265,275.8708155867368,STR_Global
H03,2024-12-04,354.09303451708814,0.580994417762002,205.72607642283612,STR_Global
H03,2024-12-05,322.35833908966777,0.8034610595718393,259.00237268680274,STR_Global
H03,2024-12-06,317.4306007665557,0.7238755546775546,229.7802522015199,STR_Global
H03,2024-12-07,335.19963954540185,0.6848118589813394,229.54868828696155,STR_Global
H03,2024-12-08,384.39905323426626,0.6015177493035213,231.2228533358803,STR_Global
H03,2024-12-09,319.29432905738526,0.7477931754840806,238.76612023988108,STR_Global
H03,2024-12-10,370.82958867741655,0.5456538090866713,202.3445775838759,STR_Global
H03,2024-12-11,351.01871639336457,0.6846026297252298,240.308336325672,STR_Global
H03,2024-12-12,378.787160902801,0.729547132000856,276.34308687538527,STR_Global
H03,2024-12-13,378.16155814094697,0.5922290077271167,223.95824433835338,STR_Global
H03,2024-12-14,352.4372715460201,0.7288802852629742,256.8845790217674,STR_Global
H03,2024-12-15,335.9994029387598,0.6455261155520386,216.89638940686183,STR_Global
H03,2024-12-16,367.2265423535959,0.7604983287529574,279.2751717336368,STR_Global
H03,2024-12-17,332.06019925172683,0.7252718258418672,240.83390700071416,STR_Global
H03,2024-12-18,349.3796974987079,0.7830503889099039,273.5819080035878,STR_Global
H03,2024-12-19,319.3905113630972,0.5356761673731996,171.08988502235024,STR_Global
H03,2024-12-20,379.3106624533682,0.7816579726684292,296.49120342481865,STR_Global
H03,2024-12-21,378.5407740190541,0.8220002921623792,311.1606268390356,STR_Global
H03,2024-12-22,370.86326079857747,0.5767954734949163,213.91225011418413,STR_Global
H03,2024-12-23,331.3278025275784,0.5935225468647992,196.6505212032856,STR_Global
H03,2024-12-24,325.7909234737739,0.6126396278591779,199.59243011687076,STR_Global
H03,2024-12-25,354.9386998464981,0.8058675335748084,286.0335746155466,STR_Global
H03,2024-12-26,326.6881711570788,0.5685552647776981,185.7402796519549,STR_Global
H03,2024-12-27,361.212084915287,0.6621651155411956,239.18204194280716,STR_Global
H03,2024-12-28,380.9582821560993,0.7629575534782618,290.6549989310989,STR_Global
H03,2024-12-29,353.56388479635206,0.5722353597868632,202.32175682408158,STR_Global
H03,2024-12-30,329.5521638684201,0.601097893166071,198.0931113896271,STR_Global
H03,2024-12-31,317.2289221183669,0.5389258012507754,170.9628510325607,STR_Global
H03,2025-01-01,364.58512552270633,0.7135871424014317,260.16325788381533,STR_Global
H03,2025-01-02,335.37552169629527,0.5400031383998343,181.10383425848116,STR_Global
H03,2025-01-03,367.28325587488666,0.795040340716997,292.00500489041787,STR_Global
H03,2025-01-04,382.66304945849504,0.6194582341714627,237.04377690022645,STR_Global
H03,2025-01-05,333.52137243381105,0.780404459055405,260.2815662376246,STR_Global
H03,2025-01-06,363.01107186620084,0.7743709250962919,281.10521954122646,STR_Global
H03,2025-01-07,354.4504839943584,0.6934221036402178,245.7838002476614,STR_Global
H03,2025-01-08,339.69379260998693,0.5945008683924183,201.94825469415127,STR_Global
H03,2025-01-09,353.24166999655097,0.6081028203542552,214.80725579154975,STR_Global
H03,2025-01-10,345.47039320467326,0.8499736893916118,293.6407446877469,STR_Global
H03,2025-01-11,371.38521778819046,0.7949059328017836,295.2163129747151,STR_Global
H03,2025-01-12,337.6757384112501,0.6621303730931601,223.58536265874937,STR_Global
H03,2025-01-13,376.8644220746011,0.8066781525960742,304.0082957783264,STR_Global
H03,2025-01-14,347.5305369339125,0.6499225993346027,225.86794991223857,STR_Global
H03,2025-01-15,375.27385638523145,0.5680291756431478,213.16649928292807,STR_Global
H03,2025-01-16,326.5894460559748,0.7217006190391375,235.699805390246,STR_Global
H03,2025-01-17,326.62451110813583,0.8147750184772775,266.1254920732631,STR_Global
H03,2025-01-18,344.1024336772516,0.5715786296945842,196.681597515815,STR_Global
H03,2025-01-19,357.17579362872095,0.7020572463664118,250.7578541437176,STR_Global
H03,2025-01-20,343.0957240002012,0.5951190441858292,204.18279933124478,STR_Global
H03,2025-01-21,373.59696512522316,0.7690649417859813,287.32032823544904,STR_Global
H03,2025-01-22,317.9425481533295,0.5705053876203886,181.3879366752293,STR_Global
H03,2025-01-23,341.34594391087876,0.5856841059494474,199.92089397891326,STR_Global
H03,2025-01-24,349.2925899491578,0.5383687452155008,188.04821336400053,STR_Global
H03,2025-01-25,372.23161828660824,0.7432104800325481,276.6464397100823,STR_Global
H03,2025-01-26,358.32456493643053,0.5112687477305679,183.20015159614937,STR_Global
H03,2025-01-27,362.95209644884324,0.7157247132596587,259.77378515784034,STR_Global
H03,2025-01-28,378.77595921018343,0.7867711520526198,298.00999779763214,STR_Global
H03,2025-01-29,356.0650108711945,0.6067882165742288,216.05605293101547,STR_Global
H03,2025-01-30,329.08772126334355,0.5011805302426944,164.93235863912253,STR_Global
H03,2025-01-31,384.00627459065123,0.5568576847456327,213.83684499634572,STR_Global
H03,2025-02-01,326.2261425573635,0.7090774262361927,231.31959353553663,STR_Global
H03,2025-02-02,353.4687361300479,0.7151186739377955,252.77209385978838,STR_Global
H03,2025-02-03,360.7479502694574,0.5942316125010106,214.36783619505408,STR_Global
H03,2025-02-04,357.35216773796463,0.7053634169111421,252.06314607625436,STR_Global
H03,2025-02-05,315.83568099679275,0.6920215887401931,218.56510974424134,STR_Global
H03,2025-02-06,320.0982910292992,0.7441326610128263,238.19559308929053,STR_Global
H03,2025-02-07,345.2738363110862,0.5738695612433977,198.14214495266776,STR_Global
H03,2025-02-08,356.2342107467704,0.5155034008489473,183.63994713870073,STR_Global
H03,2025-02-09,381.02141367223084,0.5273365064073194,200.92650115229227,STR_Global
H03,2025-02-10,315.0216812340504,0.7991919529330676,251.762792641699,STR_Global
H03,2025-02-11,368.0468422324481,0.5069019062715094,186.56364592483743,STR_Global
H03,2025-02-12,343.12216437974854,0.758375880047712,260.21557337536746,STR_Global
H03,2025-02-13,319.98768797249556,0.7686273433883775,245.95128652328833,STR_Global
H03,2025-02-14,367.88231991687724,0.5948316161912965,218.82803492435968,STR_Global
H03,2025-02-15,343.3739626641301,0.5169467570337035,177.50605644903405,STR_Global
H03,2025-02-16,341.8346143985656,0.6257107557575646,213.88959491942214,STR_Global
H03,2025-02-17,354.968435674874,0.7101016549549621,252.06367362950206,STR_Global
H03,2025-02-18,381.4428719130938,0.7627412264710527,290.9422039516338,STR_Global
H03,2025-02-19,352.800109418077,0.5629114154683905,198.59520896993277,STR_Global
H03,2025-02-20,357.8476704250601,0.7376167130846821,263.95442244394343,STR_Global
H03,2025-02-21,344.79350936931706,0.7928887130410494,273.3828819087448,STR_Global
H03,2025-02-22,344.1703380481135,0.5301931493720837,182.476755450184,STR_Global
H03,2025-02-23,382.391583797808,0.7328821982030277,280.2479845080748,STR_Global
H03,2025-02-24,360.827311640056,0.8450207828191432,304.90657734460706,STR_Global
H03,2025-02-25,363.6135819367375,0.8108679790468558,294.84261033903067,STR_Global
H03,2025-02-26,361.6630819773675,0.8094299938017615,292.7409462032665,STR_Global
H03,2025-02-27,346.38913455783387,0.8137364608301092,281.8694684250962,STR_Global
H03,2025-02-28,346.77580406915473,0.7606411575732231,263.7719490255471,STR_Global
H03,2025-03-01,318.34714469203533,0.7700039191830262,245.12854907359312,STR_Global
H03,2025-03-02,339.2878298859013,0.8188063229835936,277.8110204219579,STR_Global
H03,2025-03-03,354.35970948877747,0.5815023964267944,206.06102026482677,STR_Global
H03,2025-03-04,362.7849261011543,0.5346333055902872,193.95690425978822,STR_Global
H03,2025-03-05,360.2153929360657,0.637193389517436,229.52686718128678,STR_Global
H03,2025-03-06,338.41123308148275,0.5876911206258949,198.88127680204752,STR_Global
H03,2025-03-07,370.9029111146416,0.8357633665778748,309.9870656667071,STR_Global
H03,2025-03-08,371.77112771838597,0.5699373221194775,211.88624097315514,STR_Global
H03,2025-03-09,340.62093742881063,0.5736617759997011,195.40121190809458,STR_Global
H03,2025-03-10,323.55639349981686,0.5461253340219386,176.7023434750213,STR_Global
H03,2025-03-11,354.8109559153712,0.5967436893827861,211.7311988663717,STR_Global
H03,2025-03-12,322.8381079340895,0.6522356872229259,210.56653519014,STR_Global
H03,2025-03-13,377.0117916300221,0.7873775021063976,296.85060275830443,STR_Global
H03,2025-03-14,318.7391670354158,0.5397111755336692,172.0270905293068,STR_Global
H03,2025-03-15,341.0966992442244,0.7503736243750719,255.9499664742625,STR_Global
H03,2025-03-16,380.47395969778336,0.7495355854458341,285.17877212897275,STR_Global
H03,2025-03-17,319.79681913178916,0.5673021031308779,181.42140806802897,STR_Global
H03,2025-03-18,355.2249449435288,0.777405506011749,276.15382807181965,STR_Global
H03,2025-03-19,335.8403893640962,0.5956593255288019,200.04645981394773,STR_Global
H03,2025-03-20,320.1071904739068,0.5903153629128504,188.96419231561723,STR_Global
H03,2025-03-21,346.66619239163106,0.604678074079394,209.62144556380812,STR_Global
H03,2025-03-22,354.58723138468406,0.7808919061881028,276.8942990259478,STR_Global
H03,2025-03-23,367.6588622661738,0.6691332178525551,246.01275758017422,STR_Global
H03,2025-03-24,347.3808230654613,0.5760075805847548,200.09398743547715,STR_Global
H03,2025-03-25,335.88736453089166,0.6187079568648135,207.81618504561482,STR_Global
H03,2025-03-26,334.5086398011978,0.5114106202180067,171.07127094901233,STR_Global
H03,2025-03-27,349.5819245006808,0.694730023755894,242.86505871298914,STR_Global
H03,2025-03-28,343.04861021149475,0.5883020562414623,201.81620277819826,STR_Global
H03,2025-03-29,335.9960279769654,0.5403407301591129,181.5523390876352,STR_Global
H03,2025-03-30,320.9180334766086,0.673105187920926,216.01159323048668,STR_Global
H03,2025-03-31,321.55468292132196,0.7789720091207804,250.48209739741765,STR_Global
H03,2025-04-01,350.41421379724864,0.8408440927413251,294.64372168401223,STR_Global
H03,2025-04-02,378.5068478644175,0.5165832565696177,195.53030010370165,STR_Global
H03,2025-04-03,326.4255460161219,0.660439687430785,215.58438558031088,STR_Global
H03,2025-04-04,344.3340879064167,0.6136100375478777,211.28685260927057,STR_Global
H03,2025-04-05,359.0068948688806,0.6236894236926791,223.90880336247037,STR_Global
H03,2025-04-06,341.71277517070126,0.7790806440710671,266.2218089673017,STR_Global
H03,2025-04-07,339.4013805263608,0.5999286570588457,203.6166144230979,STR_Global
H03,2025-04-08,324.31028146913604,0.64580911824288,209.44253691268298,STR_Global
H03,2025-04-09,354.34448700412,0.6200253632893642,219.70256928431291,STR_Global
H03,2025-04-10,366.714311684526,0.6701724727138205,245.76183704116548,STR_Global
H03,2025-04-11,323.7108567532661,0.649669615090586,210.3051077075382,STR_Global
H03,2025-04-12,324.65460928345925,0.6335141723978415,205.67329611535527,STR_Global
H03,2025-04-13,330.48889990381167,0.5927258101778421,195.88930095027052,STR_Global
H03,2025-04-14,380.3767892256667,0.5457183884042521,207.57860840261472,STR_Global
H03,2025-04-15,332.238600678655,0.5715413211679377,189.88808877486537,STR_Global
H03,2025-04-16,338.78899006048647,0.5102991232752412,172.88372460317063,STR_Global
H03,2025-04-17,316.87963678239,0.6149985964809923,194.88053187457646,STR_Global
H03,2025-04-18,358.34120172638933,0.5370672176611723,192.45331218455277,STR_Global
H03,2025-04-19,335.3466383119564,0.5132156988594403,172.10515934143464,STR_Global
H03,2025-04-20,335.7244400795737,0.6925924342507123,232.52020719216932,STR_Global
H03,2025-04-21,317.930395700463,0.8440553046875907,268.3508370124006,STR_Global
H03,2025-04-22,337.8815152835724,0.5136962890693508,173.5684805463003,STR_Global
H03,2025-04-23,343.4429231132708,0.5089415903925615,174.79238749833826,STR_Global
H03,2025-04-24,327.08484485462037,0.6298231987881727,206.0056232614702,STR_Global
H03,2025-04-25,345.5234454435324,0.8071594306064966,278.89250748539655,STR_Global
H03,2025-04-26,324.9474871882808,0.7062684322826918,229.50015235066712,STR_Global
H03,2025-04-27,331.62661292936485,0.691186788661011,229.2159336251758,STR_Global
H03,2025-04-28,369.03923491782837,0.6720219557908329,248.00246841303166,STR_Global
H03,2025-04-29,334.6856054095062,0.5488251650119778,183.68388261600592,STR_Global
H03,2025-04-30,320.89193055921425,0.8310487380892493,266.67683395425803,STR_Global
H03,2025-05-01,383.62697440511056,0.5282531566040201,202.65216018794925,STR_Global
H03,2025-05-02,355.16793015087006,0.7769695334068727,275.9546609704063,STR_Global
H03,2025-05-03,340.30419009756736,0.7336418953170181,249.66141100750212,STR_Global
H03,2025-05-04,341.6822500675626,0.6706478771476236,229.14847566683434,STR_Global
H03,2025-05-05,315.3648762933847,0.8093566391950586,255.24265639697927,STR_Global
H03,2025-05-06,379.36676956634017,0.6409454501811873,243.15340490348066,STR_Global
H03,2025-05-07,319.6158621641501,0.6129913363027641,195.92175445156244,STR_Global
H03,2025-05-08,339.7046025165171,0.7972348275044185,270.8243401897126,STR_Global
H03,2025-05-09,367.1550830214042,0.8348141489573505,306.5062581678789,STR_Global
H03,2025-05-10,330.4558612583481,0.6069359082207094,200.56552827969224,STR_Global
H03,2025-05-11,351.44198717620867,0.6826260859980704,239.90346816147937,STR_Global
H03,2025-05-12,372.5920821727646,0.679268066865862,253.08990338702023,STR_Global
H03,2025-05-13,355.0869408233785,0.50265699566087,178.48693487268855,STR_Global
H03,2025-05-14,378.34838172471774,0.7607780599067763,287.8391478173992,STR_Global
H03,2025-05-15,348.05844225566506,0.5001155557408168,174.06944127897492,STR_Global
H03,2025-05-16,330.54456221789746,0.8410863937818311,278.0165338200455,STR_Global
H03,2025-05-17,351.5433891319881,0.5213981705042783,183.29407994629216,STR_Global
H03,2025-05-18,338.45869866873574,0.5156310101070283,174.51980067407052,STR_Global
H03,2025-05-19,329.55201103435627,0.846472521946229,278.95672189270306,STR_Global
H03,2025-05-20,370.44134455580945,0.84556044221952,313.2305471190038,STR_Global
H03,2025-05-21,322.4226429220014,0.7869709567825409,253.73725578868297,STR_Global
H03,2025-05-22,315.5355871962853,0.6999399155706323,220.8559522616978,STR_Global
H03,2025-05-23,360.6768421992853,0.73089602884609,263.61727166020546,STR_Global
H03,2025-05-24,332.3163073672918,0.5895063143707423,195.90256156138696,STR_Global
H03,2025-05-25,344.2473164274378,0.8028955586259553,276.3946414284937,STR_Global
H03,2025-05-26,341.73102265641506,0.6918115752775575,236.4134771051452,STR_Global
H03,2025-05-27,342.3393471698922,0.7045644760756146,241.20014277882305,STR_Global
H03,2025-05-28,317.48287097391665,0.8134058598183478,258.24242764213625,STR_Global
H03,2025-05-29,359.75371344509847,0.6259865337091044,225.20098006847562,STR_Global
H03,2025-05-30,366.0132324957125,0.5894259884836723,215.73771136188952,STR_Global
H03,2025-05-31,358.73176219345214,0.6839711701098263,245.36218314301541,STR_Global
H03,2025-06-01,368.32691678131044,0.7943596732150942,292.58404925072495,STR_Global
H03,2025-06-02,345.41518856035134,0.8488542403702066,293.2071474977287,STR_Global
H03,2025-06-03,323.94480682016905,0.6269159330549117,203.08616082595938,STR_Global
H03,2025-06-04,318.73628459240825,0.598537264037413,190.77554372939028,STR_Global
H03,2025-06-05,329.230268880517,0.5258961094706668,173.14091752424542,STR_Global
H03,2025-06-06,333.74261658776794,0.5221087058160608,174.2499256223053,STR_Global
H03,2025-06-07,376.28896580447247,0.8376399447563946,315.1946685288992,STR_Global
H03,2025-06-08,333.54350354484745,0.5616234626131802,187.32585739298878,STR_Global
H03,2025-06-09,319.88714110398934,0.7724639189703147,247.10127464539767,STR_Global
H03,2025-06-10,332.0411943820122,0.5867564503133827,194.82731257340538,STR_Global
H03,2025-06-11,325.05219079582986,0.601128247700101,195.3980538641761,STR_Global
H03,2025-06-12,357.86820356720807,0.7483348222518093,267.80523850604095,STR_Global
H03,2025-06-13,363.30919435558246,0.7083618410240132,257.35436977467145,STR_Global
H03,2025-06-14,383.5862214172908,0.8078977938414187,309.8984620309952,STR_Global
H03,2025-06-15,348.0356549989521,0.6367242291815187,221.60273415689275,STR_Global
H03,2025-06-16,318.13406607626666,0.7259139489313586,230.9379561950125,STR_Global
H03,2025-06-17,369.4974759702384,0.5060550429593395,186.98606107548648,STR_Global
H03,2025-06-18,370.9074674135343,0.6652026187410652,246.72861863409932,STR_Global
H03,2025-06-19,342.8572263511581,0.5554895374570636,190.4536020796166,STR_Global
H03,2025-06-20,384.8722316524726,0.618265499021272,237.95322236204657,STR_Global
H03,2025-06-21,380.5938243496043,0.809365635236038,308.0395624116305,STR_Global
H03,2025-06-22,331.38437448004527,0.6039769352287654,200.14851888115925,STR_Global
H03,2025-06-23,331.53203877380145,0.7378431517998147,244.61864441148006,STR_Global
H03,2025-06-24,351.96980400916283,0.6773491173764794,238.4064360887789,STR_Global
H03,2025-06-25,378.59668213503585,0.6331981465315257,239.7267174108899,STR_Global
H03,2025-06-26,380.1178023989539,0.7612304361773239,289.3572405189215,STR_Global
H03,2025-06-27,322.8117914004876,0.6580291436761356,212.4195666638222,STR_Global
H03,2025-06-28,325.40111993349814,0.6071557523631459,197.56916179303335,STR_Global
H03,2025-06-29,343.8001403470991,0.8374777973305474,287.9249842598216,STR_Global
H03,2025-06-30,315.8480993919754,0.6555781367242565,207.06310848728899,STR_Global
H03,2025-07-01,383.46240884661603,0.7973861163471128,305.7676009553119,STR_Global
H03,2025-07-02,382.643340366395,0.6874312364354179,263.0409845818494,STR_Global
H03,2025-07-03,379.8771447749879,0.5652083661258576,214.70974032682676,STR_Global
H03,2025-07-04,342.5444869783027,0.5531883403947563,189.49161626290046,STR_Global
H03,2025-07-05,369.4531046140926,0.651435036871193,240.6746968264581,STR_Global
H03,2025-07-06,337.87740925401465,0.7266047426356711,245.50332799342064,STR_Global
H03,2025-07-07,372.4918641030542,0.5045908365207196,187.9559813049223,STR_Global
H03,2025-07-08,344.29037720541066,0.5802624344506909,199.77877243515826,STR_Global
H03,2025-07-09,336.0111913512185,0.688545065131985,231.3588476340006,STR_Global
H03,2025-07-10,372.6610916093919,0.576164908557089,214.71424376991027,STR_Global
H03,2025-07-11,375.20843089781897,0.7482050079955125,280.73282703988633,STR_Global
H03,2025-07-12,374.93047008171595,0.5551085350164463,208.1271039800889,STR_Global
H03,2025-07-13,376.86319991840685,0.7771012585472349,292.86086695673214,STR_Global
H03,2025-07-14,323.62088317921535,0.5937982585972632,192.16551687752641,STR_Global
H03,2025-07-15,339.34794626502804,0.7916674671768387,268.6507291112967,STR_Global
H03,2025-07-16,384.29619270530065,0.5959981316787961,229.03981286363378,STR_Global
H03,2025-07-17,369.24056872507754,0.8152991904919947,301.04153677835944,STR_Global
H03,2025-07-18,339.40511348490026,0.5520411053382431,187.36557400565619,STR_Global
H03,2025-07-19,333.80725321054297,0.8047213220561972,268.6218141155359,STR_Global
H03,2025-07-20,327.3550855762639,0.695591311144186,227.70535318571063,STR_Global
H03,2025-07-21,331.16741030104373,0.5922325048693062,196.12810493366842,STR_Global
H03,2025-07-22,353.1722371064519,0.707617115145281,249.91071957067268,STR_Global
H03,2025-07-23,322.69173788146406,0.8118908360586816,261.9904648578108,STR_Global
H03,2025-07-24,323.63850176458334,0.7109471942921691,230.08988479445176,STR_Global
H03,2025-07-25,363.90061900169536,0.8331206495433714,303.17312007192737,STR_Global
H03,2025-07-26,327.5677476539715,0.7011818287052982,229.6845523248874,STR_Global
H03,2025-07-27,381.71520255554447,0.6198832275783669,236.61885177586097,STR_Global
H03,2025-07-28,380.66555542933753,0.665030729988618,253.15429220869507,STR_Global
H03,2025-07-29,357.5831178602894,0.837580333749548,299.50458720062517,STR_Global
H03,2025-07-30,335.401938996136,0.7893274214124206,264.74194764454603,STR_Global
H03,2025-07-31,359.7268964474051,0.7472010849136526,268.7883272981223,STR_Global
H03,2025-08-01,375.00383110571886,0.8366736652356177,313.75582984862035,STR_Global
H03,2025-08-02,369.93126890048325,0.7325797015437938,271.00413856283296,STR_Global
H03,2025-08-03,362.0797036566237,0.6365396247018766,230.47807867775396,STR_Global
H03,2025-08-04,338.71211459705705,0.516072019631942,174.79984505390902,STR_Global
H03,2025-08-05,331.5130606688802,0.5339122564074589,176.99888625026463,STR_Global
H03,2025-08-06,366.55900420788913,0.8486847345159572,311.093031170606,STR_Global
H03,2025-08-07,365.3501460106596,0.5070872829265323,185.26441285735723,STR_Global
H03,2025-08-08,379.6433226472869,0.7753788481726016,294.36740223067267,STR_Global
H03,2025-08-09,369.7535825232517,0.5654879480210385,209.09119465450132,STR_Global
H03,2025-08-10,376.3073889436069,0.5222960858695143,196.5438763290228,STR_Global
H03,2025-08-11,354.67733863699425,0.6212346509630163,220.33785267264466,STR_Global
H03,2025-08-12,327.01445121907614,0.7764467679698717,253.90931372849292,STR_Global
H03,2025-08-13,327.35879345699885,0.6862121403916865,224.63757833416722,STR_Global
H03,2025-08-14,370.4072833066824,0.6020786148881446,223.01430407776792,STR_Global
H03,2025-08-15,327.6567444526345,0.6623256095143736,217.01545298108647,STR_Global
H03,2025-08-16,358.5813628559767,0.8474754563922553,303.88890414012576,STR_Global
H03,2025-08-17,337.4253379344614,0.5060528915184789,170.7550679333341,STR_Global
H03,2025-08-18,374.13639669252007,0.7845679225001578,293.5354154847454,STR_Global
H03,2025-08-19,331.53728774005805,0.6139756719324624,203.55582901086825,STR_Global
H03,2025-08-20,336.93271964105776,0.7358000623408553,247.9151161165642,STR_Global
H03,2025-08-21,315.0122861100546,0.6357756881792052,200.27715298652464,STR_Global
H03,2025-08-22,330.58858082105934,0.808916396326361,267.41852346441726,STR_Global
H03,2025-08-23,345.84945096868154,0.7387702120766181,255.5032722387148,STR_Global
H03,2025-08-24,374.21922141710627,0.8015057270980259,299.93884915597494,STR_Global
H03,2025-08-25,360.50992142528753,0.6769410782888574,244.0439749434654,STR_Global
H03,2025-08-26,349.69650676078436,0.5143847603735563,179.87855383361577,STR_Global
H03,2025-08-27,370.7678552251119,0.8327259686540815,308.74802138812754,STR_Global
H03,2025-08-28,383.7986983613607,0.6006501121121749,230.52873119925812,STR_Global
H03,2025-08-29,346.2770827893478,0.7743028251018622,268.1233234718234,STR_Global
H03,2025-08-30,316.60370419238114,0.7463137278565282,236.2856907290015,STR_Global
H03,2025-08-31,379.8321830848828,0.6952973102127084,264.09629523114,STR_Global
H03,2025-09-01,336.15237119888604,0.7104068881988734,238.80495998407324,STR_Global
H03,2025-09-02,340.87919054065,0.7678093633804797,261.7302342786697,STR_Global
H03,2025-09-03,358.4794115470364,0.5040242903390543,180.6823310061568,STR_Global
H03,2025-09-04,383.9851604145785,0.6101647725012692,234.29421804822465,STR_Global
H03,2025-09-05,327.41886920758657,0.7624437492758984,249.63847022230732,STR_Global
H03,2025-09-06,361.59653844598637,0.6461469168068056,233.64448844488763,STR_Global
H03,2025-09-07,345.37855458310156,0.8116631901685368,280.33105942871833,STR_Global
H03,2025-09-08,343.47615950440667,0.8206170366726753,281.86238818021735,STR_Global
H03,2025-09-09,370.5316841251075,0.5341813768835282,197.93112520492247,STR_Global
H03,2025-09-10,340.10519188810673,0.5116542242478102,174.01625811816186,STR_Global
H03,2025-09-11,341.44727986914336,0.8312336466208188,283.8224675743873,STR_Global
H03,2025-09-12,327.5646239069854,0.6378021422862683,208.92141886507105,STR_Global
H03,2025-09-13,341.493253550916,0.6155633581035079,210.21073392549454,STR_Global
H03,2025-09-14,329.1358605158388,0.5308988745047207,174.73785790700157,STR_Global
H03,2025-09-15,352.0478878665525,0.6685907190315383,235.37595048223272,STR_Global
H03,2025-09-16,346.97848012190235,0.542739417478098,188.31889817879707,STR_Global
H03,2025-09-17,366.42354283025634,0.6831719730467032,250.33029472610937,STR_Global
H03,2025-09-18,339.7657189828234,0.5858268524355816,199.04388171721976,STR_Global
H03,2025-09-19,324.5742351684933,0.7064143962262638,229.28391236715257,STR_Global
H03,2025-09-20,326.3658457168475,0.6663161192864554,217.46282378569185,STR_Global
H03,2025-09-21,334.7074577821482,0.8379431211257955,280.4658118380537,STR_Global
H03,2025-09-22,355.7356049795823,0.8328388652583397,296.27043758318433,STR_Global
H03,2025-09-23,346.76865168798867,0.6506374163056263,225.6206595900586,STR_Global
H03,2025-09-24,331.70822170019085,0.8135770737021657,269.87020433379047,STR_Global
H03,2025-09-25,378.01939189893847,0.6736823108544829,254.66497748228326,STR_Global
H03,2025-09-26,364.5706181418421,0.7282051153686959,265.4821890440169,STR_Global
H03,2025-09-27,343.1718624795279,0.6973735602723371,239.3189835226372,STR_Global
H03,2025-09-28,343.3679746400476,0.7676930889859632,263.60122111027204,STR_Global
H03,2025-09-29,349.95663819578874,0.8323929633217244,291.30144310190116,STR_Global
H03,2025-09-30,377.4659259455604,0.5273065446502578,199.04025313356357,STR_Global
H03,2025-10-01,352.6042440613758,0.5223852638866988,184.19526108157177,STR_Global
H03,2025-10-02,369.8147229111311,0.6423222694680684,237.5402321029826,STR_Global
H03,2025-10-03,356.36685461583323,0.6590412455869523,234.86045575192307,STR_Global
H03,2025-10-04,365.7853979564233,0.8287185515720755,303.1331451806624,STR_Global
H03,2025-10-05,342.6397572082575,0.6374827009333885,218.42691787228048,STR_Global
H03,2025-10-06,363.48041655778337,0.5548917949637271,201.69230077791164,STR_Global
H03,2025-10-07,372.8680412570016,0.8282273003753735,308.81949120653985,STR_Global
H03,2025-10-08,343.60234795062684,0.8173340851153166,280.83791070570027,STR_Global
H03,2025-10-09,316.5149256225765,0.5553214551020773,175.76752905825498,STR_Global
H03,2025-10-10,384.19672671281455,0.5261788267989288,202.15618292173744,STR_Global
H03,2025-10-11,332.20626993945064,0.7637073985847369,253.70838620899673,STR_Global
H03,2025-10-12,373.6478003946521,0.515126978039235,192.47606226830442,STR_Global
H03,2025-10-13,330.713635086291,0.7440753233918197,246.07585497691622,STR_Global
H03,2025-10-14,326.8500347190953,0.668522787492288,218.5066963023607,STR_Global
H03,2025-10-15,338.97307893650805,0.5831480451842197,197.67148835190088,STR_Global
H03,2025-10-16,341.45916813469734,0.5997388971520591,204.7863449195629,STR_Global
H03,2025-10-17,320.75411126373535,0.562723447346359,180.49585924084678,STR_Global
H03,2025-10-18,352.98614974955973,0.6485318684548573,228.92276723576805,STR_Global
H03,2025-10-19,317.7523641367931,0.7764690950779818,246.7248906401851,STR_Global
H03,2025-10-20,360.33049435648013,0.6337895701297416,228.3737091228308,STR_Global
H03,2025-10-21,329.86250393955004,0.6766807116225876,223.2115939034233,STR_Global
H03,2025-10-22,381.63773356123824,0.7161081936805107,273.2939080208623,STR_Global
H03,2025-10-23,381.7522357425556,0.7032260301259826,268.4581092329556,STR_Global
H03,2025-10-24,327.5249958092585,0.735589655808484,240.92399893600762,STR_Global
H03,2025-10-25,347.96697966737213,0.6284789614805363,218.68992601086893,STR_Global
H03,2025-10-26,319.3995474780485,0.6612446457111344,211.20124061241881,STR_Global
H03,2025-10-27,339.5527250324549,0.707237524714865,240.14442876214056,STR_Global
H03,2025-10-28,376.5836856536696,0.5407619621120713,203.64213275347385,STR_Global
H03,2025-10-29,349.3287252795764,0.7188229126100255,251.10549176381258,STR_Global
H03,2025-10-30,348.654699256438,0.6914271983568738,241.06934190083734,STR_Global
H03,2025-10-31,323.5893989536115,0.6562558452713673,212.357434531156,STR_Global
H03,2025-11-01,334.2200225454819,0.6122055570971069,204.61135509546438,STR_Global
H03,2025-11-02,351.556050633923,0.8366939170001189,294.14480904998914,STR_Global
H03,2025-11-03,379.4802996314283,0.8295603635755809,314.80181533201807,STR_Global
H03,2025-11-04,359.40081873642316,0.5342981597103995,192.02719604928177,STR_Global
H03,2025-11-05,355.45349997513273,0.7924511413519832,281.67953175285106,STR_Global
H03,2025-11-06,348.0537691930685,0.8407995155746073,292.64344053144816,STR_Global
H03,2025-11-07,344.69056160407865,0.6382320497870421,219.99256367481783,STR_Global
H03,2025-11-08,383.97503268423173,0.6145667690124405,235.97829521819452,STR_Global
H03,2025-11-09,374.3805986182653,0.6843537557658261,256.2087687502681,STR_Global
H03,2025-11-10,351.6625683842972,0.6135586975663586,215.7656274407099,STR_Global
H03,2025-11-11,363.58752725614687,0.5455024343314694,198.3378812107876,STR_Global
H03,2025-11-12,359.7823398426376,0.6176383761772113,222.2153801576443,STR_Global
H03,2025-11-13,358.921192687186,0.785455443180519,281.91660446899414,STR_Global
H03,2025-11-14,367.2793684907283,0.7671110349634085,281.74405648362966,STR_Global
H03,2025-11-15,378.5912343983282,0.8160216406315688,308.9386402224546,STR_Global
H03,2025-11-16,384.75654503472714,0.7127958809187882,274.25288045729775,STR_Global
H03,2025-11-17,327.7941731864447,0.613616034809017,201.1397607841664,STR_Global
H03,2025-11-18,322.394999420917,0.7605709364822432,245.20426662675908,STR_Global
H03,2025-11-19,326.5462662530732,0.7535344239151682,246.06385262265866,STR_Global
H03,2025-11-20,373.0437045395841,0.5942234716900393,221.67132520362495,STR_Global
H03,2025-11-21,357.36685303005277,0.5780902354885333,206.5902882239393,STR_Global
H03,2025-11-22,345.5345107537659,0.6632092755810963,229.16169256527363,STR_Global
H03,2025-11-23,359.7791443511372,0.7188890176083846,258.6412756385742,STR_Global
H03,2025-11-24,345.57057907089666,0.7285957346013796,251.7812499147841,STR_Global
H03,2025-11-25,327.61900752128633,0.5184741726804919,169.8619938790028,STR_Global
H03,2025-11-26,369.18942610951996,0.7244783867288558,267.4697598251771,STR_Global
H03,2025-11-27,362.8786232792133,0.7528939338156546,273.20911417829586,STR_Global
H03,2025-11-28,359.16373016032213,0.5751961040726888,206.58957831243177,STR_Global
H03,2025-11-29,347.98658949602594,0.565756788629401,196.8757753593693,STR_Global
H03,2025-11-30,343.96941212005174,0.663906920582522,228.36367317520396,STR_Global
H03,2025-12-01,339.7405588143304,0.59002478756307,200.455351040984,STR_Global
H03,2025-12-02,363.8171293098451,0.7001334981126892,254.72055941701842,STR_Global
H03,2025-12-03,369.57537440235774,0.5891862362876666,217.74872386873042,STR_Global
H03,2025-12-04,339.4866124081036,0.552609042943717,187.60337197504674,STR_Global
H03,2025-12-05,360.366097847592,0.5497006365815393,198.09347338922663,STR_Global
H03,2025-12-06,346.51446312805837,0.6025991785903246,208.8093308506353,STR_Global
H03,2025-12-07,316.53793995617553,0.6264416051746382,198.29253520481984,STR_Global
H03,2025-12-08,372.88252636779134,0.6801717477001588,253.62415964643117,STR_Global
H03,2025-12-09,372.58592858972696,0.621973371886101,231.73852632226652,STR_Global
H03,2025-12-10,374.17345854158503,0.6014854126313254,225.05987710657539,STR_Global
H03,2025-12-11,383.36111374402697,0.6744231619586611,258.5476145032406,STR_Global
H03,2025-12-12,332.7365016400566,0.5614753413886032,186.82334085080032,STR_Global
H03,2025-12-13,354.87410729889984,0.8293594789301512,294.31820471521814,STR_Global
H03,2025-12-14,358.1415354892686,0.7118849628044297,254.95557367049932,STR_Global
H03,2025-12-15,346.6645771643898,0.7402438085680956,256.61630689581636,STR_Global
H03,2025-12-16,368.5189642771722,0.5106108115173045,188.16976740908342,STR_Global
H03,2025-12-17,367.41065447076636,0.7167975438770913,263.35905471892,STR_Global
H03,2025-12-18,342.6200188924267,0.7164236826424945,245.46109568195334,STR_Global
H03,2025-12-19,362.6149033093218,0.6638948255925724,240.7381579898097,STR_Global
H03,2025-12-20,369.9651112587656,0.7458100814350124,275.9237097560134,STR_Global
H03,2025-12-21,349.8080066090127,0.7845730822394841,274.4499459372829,STR_Global
H03,2025-12-22,342.6561965649643,0.5101026938103108,174.78984891858366,STR_Global
H03,2025-12-23,365.317333057147,0.8445613352908529,308.5328946116373,STR_Global
H03,2025-12-24,351.2092781871287,0.6382361496636221,224.15445743629294,STR_Global
H03,2025-12-25,340.85520494281474,0.7552709370154205,257.43803002374284,STR_Global
H03,2025-12-26,323.8236826266685,0.7019188177644328,227.297936473436,STR_Global
H03,2025-12-27,328.68383844544525,0.6193928094500101,203.58440611553758,STR_Global
H03,2025-12-28,376.1171795926251,0.5203692195456004,195.71980320230676,STR_Global
H03,2025-12-29,329.4359696201109,0.6016122113767481,198.19270219019813,STR_Global
H03,2025-12-30,329.5796951037556,0.6799846887728304,224.10914640097158,STR_Global
H03,2025-12-31,341.1688060175817,0.7530499858578121,256.9171645466665,STR_Global
